num_llm_agents,num_rule_agents,model,prompt,rule_policy,metric,count,mean,std
0,4,not_applicable,not_applicable,altruistic,episode_steps,10,75.0,0.0
0,4,not_applicable,not_applicable,altruistic,fallback_count,10,0.0,0.0
0,4,not_applicable,not_applicable,altruistic,fallback_rate,0,,
0,4,not_applicable,not_applicable,altruistic,gini_berries_consumed,10,0.004487179487179487,0.014189707449473496
0,4,not_applicable,not_applicable,altruistic,gini_final_wellbeing,10,0.1888095238095239,0.19942930039334542
0,4,not_applicable,not_applicable,altruistic,llm_action_eat_proportion,0,,
0,4,not_applicable,not_applicable,altruistic,llm_action_move_proportion,0,,
0,4,not_applicable,not_applicable,altruistic,llm_action_throw_proportion,0,,
0,4,not_applicable,not_applicable,altruistic,llm_action_unsuccessful_proportion,0,,
0,4,not_applicable,not_applicable,altruistic,llm_decisions,10,0.0,0.0
0,4,not_applicable,not_applicable,altruistic,llm_executed_actions,10,0.0,0.0
0,4,not_applicable,not_applicable,altruistic,llm_executed_eat_proportion,0,,
0,4,not_applicable,not_applicable,altruistic,llm_executed_move_proportion,0,,
0,4,not_applicable,not_applicable,altruistic,llm_executed_throw_proportion,0,,
0,4,not_applicable,not_applicable,altruistic,llm_executed_unsuccessful_proportion,0,,
0,4,not_applicable,not_applicable,altruistic,llm_mean_berries_consumed,0,,
0,4,not_applicable,not_applicable,altruistic,llm_mean_final_wellbeing,0,,
0,4,not_applicable,not_applicable,altruistic,llm_rule_survival_gap,0,,
0,4,not_applicable,not_applicable,altruistic,llm_rule_wellbeing_gap,0,,
0,4,not_applicable,not_applicable,altruistic,llm_successful_shares,10,0.0,0.0
0,4,not_applicable,not_applicable,altruistic,llm_survival_rate,0,,
0,4,not_applicable,not_applicable,altruistic,llm_survivors,0,,
0,4,not_applicable,not_applicable,altruistic,llm_total_final_wellbeing,0,,
0,4,not_applicable,not_applicable,altruistic,mean_final_wellbeing,10,9.333333333333327,3.2391199650751035
0,4,not_applicable,not_applicable,altruistic,minimum_berries_consumed,10,10.8,0.6324555320336759
0,4,not_applicable,not_applicable,altruistic,minimum_final_wellbeing,10,6.416666666666662,3.3112695711523545
0,4,not_applicable,not_applicable,altruistic,rule_executed_actions,10,299.0,3.1622776601683804
0,4,not_applicable,not_applicable,altruistic,rule_executed_eat_proportion,10,0.14544827586206896,0.0038528900227338867
0,4,not_applicable,not_applicable,altruistic,rule_executed_move_proportion,10,0.2990689655172414,0.06062594497387468
0,4,not_applicable,not_applicable,altruistic,rule_executed_throw_proportion,10,0.5554827586206896,0.05797462959589328
0,4,not_applicable,not_applicable,altruistic,rule_executed_unsuccessful_proportion,10,0.0,0.0
0,4,not_applicable,not_applicable,altruistic,rule_mean_berries_consumed,10,10.875,0.3952847075210475
0,4,not_applicable,not_applicable,altruistic,rule_mean_final_wellbeing,10,9.333333333333327,3.2391199650751035
0,4,not_applicable,not_applicable,altruistic,rule_successful_shares,10,166.2,18.365426455404975
0,4,not_applicable,not_applicable,altruistic,rule_survival_rate,10,0.925,0.23717082451262844
0,4,not_applicable,not_applicable,altruistic,rule_survivors,10,3.7,0.9486832980505138
0,4,not_applicable,not_applicable,altruistic,rule_total_final_wellbeing,10,37.33333333333331,12.956479860300414
0,4,not_applicable,not_applicable,altruistic,survival_rate,10,0.925,0.23717082451262844
0,4,not_applicable,not_applicable,altruistic,survivors,10,3.7,0.9486832980505138
0,4,not_applicable,not_applicable,altruistic,time_averaged_gini_wellbeing,10,0.12741445860579512,0.018182373507022592
0,4,not_applicable,not_applicable,altruistic,time_averaged_minimum_wellbeing,10,7.346666666666662,0.6414960224166684
0,4,not_applicable,not_applicable,altruistic,total_berries_consumed,10,43.5,1.58113883008419
0,4,not_applicable,not_applicable,altruistic,total_berries_thrown,10,166.2,18.365426455404975
0,4,not_applicable,not_applicable,altruistic,total_final_wellbeing,10,37.33333333333331,12.956479860300414
0,4,not_applicable,not_applicable,cooperative,episode_steps,10,75.0,0.0
0,4,not_applicable,not_applicable,cooperative,fallback_count,10,0.0,0.0
0,4,not_applicable,not_applicable,cooperative,fallback_rate,0,,
0,4,not_applicable,not_applicable,cooperative,gini_berries_consumed,10,0.011904761904761904,0.02749286996141075
0,4,not_applicable,not_applicable,cooperative,gini_final_wellbeing,10,0.1875595238095239,0.11812754574396293
0,4,not_applicable,not_applicable,cooperative,llm_action_eat_proportion,0,,
0,4,not_applicable,not_applicable,cooperative,llm_action_move_proportion,0,,
0,4,not_applicable,not_applicable,cooperative,llm_action_throw_proportion,0,,
0,4,not_applicable,not_applicable,cooperative,llm_action_unsuccessful_proportion,0,,
0,4,not_applicable,not_applicable,cooperative,llm_decisions,10,0.0,0.0
0,4,not_applicable,not_applicable,cooperative,llm_executed_actions,10,0.0,0.0
0,4,not_applicable,not_applicable,cooperative,llm_executed_eat_proportion,0,,
0,4,not_applicable,not_applicable,cooperative,llm_executed_move_proportion,0,,
0,4,not_applicable,not_applicable,cooperative,llm_executed_throw_proportion,0,,
0,4,not_applicable,not_applicable,cooperative,llm_executed_unsuccessful_proportion,0,,
0,4,not_applicable,not_applicable,cooperative,llm_mean_berries_consumed,0,,
0,4,not_applicable,not_applicable,cooperative,llm_mean_final_wellbeing,0,,
0,4,not_applicable,not_applicable,cooperative,llm_rule_survival_gap,0,,
0,4,not_applicable,not_applicable,cooperative,llm_rule_wellbeing_gap,0,,
0,4,not_applicable,not_applicable,cooperative,llm_successful_shares,10,0.0,0.0
0,4,not_applicable,not_applicable,cooperative,llm_survival_rate,0,,
0,4,not_applicable,not_applicable,cooperative,llm_survivors,0,,
0,4,not_applicable,not_applicable,cooperative,llm_total_final_wellbeing,0,,
0,4,not_applicable,not_applicable,cooperative,mean_final_wellbeing,10,8.020833333333329,2.771259713782627
0,4,not_applicable,not_applicable,cooperative,minimum_berries_consumed,10,10.4,1.3498971154211057
0,4,not_applicable,not_applicable,cooperative,minimum_final_wellbeing,10,4.666666666666662,2.45954929124207
0,4,not_applicable,not_applicable,cooperative,rule_executed_actions,10,297.8,5.432413009990229
0,4,not_applicable,not_applicable,cooperative,rule_executed_eat_proportion,10,0.14535154019684177,0.002973885544360098
0,4,not_applicable,not_applicable,cooperative,rule_executed_move_proportion,10,0.3344202750993192,0.04975172767919445
0,4,not_applicable,not_applicable,cooperative,rule_executed_throw_proportion,10,0.520228184703839,0.0473724964421156
0,4,not_applicable,not_applicable,cooperative,rule_executed_unsuccessful_proportion,10,0.0,0.0
0,4,not_applicable,not_applicable,cooperative,rule_mean_berries_consumed,10,10.825,0.4090979236211194
0,4,not_applicable,not_applicable,cooperative,rule_mean_final_wellbeing,10,8.020833333333329,2.771259713782627
0,4,not_applicable,not_applicable,cooperative,rule_successful_shares,10,155.1,16.086225992030162
0,4,not_applicable,not_applicable,cooperative,rule_survival_rate,10,0.925,0.1687371394276382
0,4,not_applicable,not_applicable,cooperative,rule_survivors,10,3.7,0.6749485577105528
0,4,not_applicable,not_applicable,cooperative,rule_total_final_wellbeing,10,32.083333333333314,11.085038855130508
0,4,not_applicable,not_applicable,cooperative,survival_rate,10,0.925,0.1687371394276382
0,4,not_applicable,not_applicable,cooperative,survivors,10,3.7,0.6749485577105528
0,4,not_applicable,not_applicable,cooperative,time_averaged_gini_wellbeing,10,0.12724292577781954,0.03041718031858111
0,4,not_applicable,not_applicable,cooperative,time_averaged_minimum_wellbeing,10,7.142666666666662,0.9957158160251246
0,4,not_applicable,not_applicable,cooperative,total_berries_consumed,10,43.3,1.6363916944844776
0,4,not_applicable,not_applicable,cooperative,total_berries_thrown,10,155.1,16.086225992030162
0,4,not_applicable,not_applicable,cooperative,total_final_wellbeing,10,32.083333333333314,11.085038855130508
0,4,not_applicable,not_applicable,self_interested,episode_steps,10,75.0,0.0
0,4,not_applicable,not_applicable,self_interested,fallback_count,10,0.0,0.0
0,4,not_applicable,not_applicable,self_interested,fallback_rate,0,,
0,4,not_applicable,not_applicable,self_interested,gini_berries_consumed,10,0.0681566415392102,0.023362899085521926
0,4,not_applicable,not_applicable,self_interested,gini_final_wellbeing,10,0.1629257147546625,0.06492875009105961
0,4,not_applicable,not_applicable,self_interested,llm_action_eat_proportion,0,,
0,4,not_applicable,not_applicable,self_interested,llm_action_move_proportion,0,,
0,4,not_applicable,not_applicable,self_interested,llm_action_throw_proportion,0,,
0,4,not_applicable,not_applicable,self_interested,llm_action_unsuccessful_proportion,0,,
0,4,not_applicable,not_applicable,self_interested,llm_decisions,10,0.0,0.0
0,4,not_applicable,not_applicable,self_interested,llm_executed_actions,10,0.0,0.0
0,4,not_applicable,not_applicable,self_interested,llm_executed_eat_proportion,0,,
0,4,not_applicable,not_applicable,self_interested,llm_executed_move_proportion,0,,
0,4,not_applicable,not_applicable,self_interested,llm_executed_throw_proportion,0,,
0,4,not_applicable,not_applicable,self_interested,llm_executed_unsuccessful_proportion,0,,
0,4,not_applicable,not_applicable,self_interested,llm_mean_berries_consumed,0,,
0,4,not_applicable,not_applicable,self_interested,llm_mean_final_wellbeing,0,,
0,4,not_applicable,not_applicable,self_interested,llm_rule_survival_gap,0,,
0,4,not_applicable,not_applicable,self_interested,llm_rule_wellbeing_gap,0,,
0,4,not_applicable,not_applicable,self_interested,llm_successful_shares,10,0.0,0.0
0,4,not_applicable,not_applicable,self_interested,llm_survival_rate,0,,
0,4,not_applicable,not_applicable,self_interested,llm_survivors,0,,
0,4,not_applicable,not_applicable,self_interested,llm_total_final_wellbeing,0,,
0,4,not_applicable,not_applicable,self_interested,mean_final_wellbeing,10,45.64583333333331,10.197911346610812
0,4,not_applicable,not_applicable,self_interested,minimum_berries_consumed,10,15.2,1.6865480854231356
0,4,not_applicable,not_applicable,self_interested,minimum_final_wellbeing,10,30.333333333333293,9.838197164968294
0,4,not_applicable,not_applicable,self_interested,rule_executed_actions,10,300.0,0.0
0,4,not_applicable,not_applicable,self_interested,rule_executed_eat_proportion,10,0.23666666666666666,0.023830678432808013
0,4,not_applicable,not_applicable,self_interested,rule_executed_move_proportion,10,0.7633333333333333,0.023830678432808027
0,4,not_applicable,not_applicable,self_interested,rule_executed_throw_proportion,10,0.0,0.0
0,4,not_applicable,not_applicable,self_interested,rule_executed_unsuccessful_proportion,10,0.0,0.0
0,4,not_applicable,not_applicable,self_interested,rule_mean_berries_consumed,10,17.75,1.7873008824606014
0,4,not_applicable,not_applicable,self_interested,rule_mean_final_wellbeing,10,45.64583333333331,10.197911346610812
0,4,not_applicable,not_applicable,self_interested,rule_successful_shares,10,0.0,0.0
0,4,not_applicable,not_applicable,self_interested,rule_survival_rate,10,1.0,0.0
0,4,not_applicable,not_applicable,self_interested,rule_survivors,10,4.0,0.0
0,4,not_applicable,not_applicable,self_interested,rule_total_final_wellbeing,10,182.58333333333323,40.79164538644325
0,4,not_applicable,not_applicable,self_interested,survival_rate,10,1.0,0.0
0,4,not_applicable,not_applicable,self_interested,survivors,10,4.0,0.0
0,4,not_applicable,not_applicable,self_interested,time_averaged_gini_wellbeing,10,0.10383131743862024,0.044517276371701074
0,4,not_applicable,not_applicable,self_interested,time_averaged_minimum_wellbeing,10,31.376666666666647,6.799619633515821
0,4,not_applicable,not_applicable,self_interested,total_berries_consumed,10,71.0,7.1492035298424055
0,4,not_applicable,not_applicable,self_interested,total_berries_thrown,10,0.0,0.0
0,4,not_applicable,not_applicable,self_interested,total_final_wellbeing,10,182.58333333333323,40.79164538644325
1,3,Qwen/Qwen3-8B,altruistic,altruistic,episode_steps,10,75.0,0.0
1,3,Qwen/Qwen3-8B,altruistic,altruistic,fallback_count,10,1.2,1.0327955589886444
1,3,Qwen/Qwen3-8B,altruistic,altruistic,fallback_rate,10,0.016,0.013770607453181927
1,3,Qwen/Qwen3-8B,altruistic,altruistic,gini_berries_consumed,10,0.010803419495988979,0.019505526881877098
1,3,Qwen/Qwen3-8B,altruistic,altruistic,gini_final_wellbeing,10,0.20244047619047628,0.11177045370869447
1,3,Qwen/Qwen3-8B,altruistic,altruistic,llm_action_eat_proportion,10,0.1426904761904762,0.008424706913057847
1,3,Qwen/Qwen3-8B,altruistic,altruistic,llm_action_move_proportion,10,0.30667857142857147,0.05135553707203015
1,3,Qwen/Qwen3-8B,altruistic,altruistic,llm_action_throw_proportion,10,0.5398690476190476,0.046802471183623726
1,3,Qwen/Qwen3-8B,altruistic,altruistic,llm_action_unsuccessful_proportion,10,0.010761904761904762,0.01054857150500343
1,3,Qwen/Qwen3-8B,altruistic,altruistic,llm_decisions,10,73.4,3.6575644598253874
1,3,Qwen/Qwen3-8B,altruistic,altruistic,llm_executed_actions,10,73.4,3.6575644598253874
1,3,Qwen/Qwen3-8B,altruistic,altruistic,llm_executed_eat_proportion,10,0.1426904761904762,0.008424706913057847
1,3,Qwen/Qwen3-8B,altruistic,altruistic,llm_executed_move_proportion,10,0.30667857142857147,0.05135553707203015
1,3,Qwen/Qwen3-8B,altruistic,altruistic,llm_executed_throw_proportion,10,0.5398690476190476,0.046802471183623726
1,3,Qwen/Qwen3-8B,altruistic,altruistic,llm_executed_unsuccessful_proportion,10,0.010761904761904762,0.01054857150500343
1,3,Qwen/Qwen3-8B,altruistic,altruistic,llm_mean_berries_consumed,10,10.5,1.0801234497346432
1,3,Qwen/Qwen3-8B,altruistic,altruistic,llm_mean_final_wellbeing,10,7.583333333333327,5.533985905294661
1,3,Qwen/Qwen3-8B,altruistic,altruistic,llm_rule_survival_gap,10,-0.16666666666666666,0.45133546692422005
1,3,Qwen/Qwen3-8B,altruistic,altruistic,llm_rule_wellbeing_gap,10,-1.9444444444444442,5.94037590086868
1,3,Qwen/Qwen3-8B,altruistic,altruistic,llm_successful_shares,10,39.6,3.7475918193480524
1,3,Qwen/Qwen3-8B,altruistic,altruistic,llm_survival_rate,10,0.8,0.4216370213557839
1,3,Qwen/Qwen3-8B,altruistic,altruistic,llm_survivors,10,0.8,0.4216370213557839
1,3,Qwen/Qwen3-8B,altruistic,altruistic,llm_total_final_wellbeing,10,7.583333333333327,5.533985905294661
1,3,Qwen/Qwen3-8B,altruistic,altruistic,mean_final_wellbeing,10,9.04166666666666,1.7926892000291719
1,3,Qwen/Qwen3-8B,altruistic,altruistic,minimum_berries_consumed,10,10.4,1.0749676997731399
1,3,Qwen/Qwen3-8B,altruistic,altruistic,minimum_final_wellbeing,10,4.083333333333329,2.817767700647943
1,3,Qwen/Qwen3-8B,altruistic,altruistic,rule_executed_actions,10,225.0,0.0
1,3,Qwen/Qwen3-8B,altruistic,altruistic,rule_executed_eat_proportion,10,0.14622222222222223,0.0014054567378526139
1,3,Qwen/Qwen3-8B,altruistic,altruistic,rule_executed_move_proportion,10,0.36844444444444446,0.05314576068969844
1,3,Qwen/Qwen3-8B,altruistic,altruistic,rule_executed_throw_proportion,10,0.48533333333333334,0.05389824279261514
1,3,Qwen/Qwen3-8B,altruistic,altruistic,rule_executed_unsuccessful_proportion,10,0.0,0.0
1,3,Qwen/Qwen3-8B,altruistic,altruistic,rule_mean_berries_consumed,10,10.966666666666667,0.1054092553389462
1,3,Qwen/Qwen3-8B,altruistic,altruistic,rule_mean_final_wellbeing,10,9.527777777777771,1.7025459028878869
1,3,Qwen/Qwen3-8B,altruistic,altruistic,rule_successful_shares,10,109.2,12.1271046283384
1,3,Qwen/Qwen3-8B,altruistic,altruistic,rule_survival_rate,10,0.9666666666666666,0.10540925533894599
1,3,Qwen/Qwen3-8B,altruistic,altruistic,rule_survivors,10,2.9,0.31622776601683794
1,3,Qwen/Qwen3-8B,altruistic,altruistic,rule_total_final_wellbeing,10,28.583333333333314,5.107637708663661
1,3,Qwen/Qwen3-8B,altruistic,altruistic,survival_rate,10,0.925,0.12076147288491196
1,3,Qwen/Qwen3-8B,altruistic,altruistic,survivors,10,3.7,0.48304589153964783
1,3,Qwen/Qwen3-8B,altruistic,altruistic,time_averaged_gini_wellbeing,10,0.1285231787021635,0.01695727402345083
1,3,Qwen/Qwen3-8B,altruistic,altruistic,time_averaged_minimum_wellbeing,10,7.141999999999994,0.5074473625793644
1,3,Qwen/Qwen3-8B,altruistic,altruistic,total_berries_consumed,10,43.4,1.07496769977314
1,3,Qwen/Qwen3-8B,altruistic,altruistic,total_berries_thrown,10,148.8,14.748257900888193
1,3,Qwen/Qwen3-8B,altruistic,altruistic,total_final_wellbeing,10,36.16666666666664,7.1707568001166875
1,3,Qwen/Qwen3-8B,altruistic,cooperative,episode_steps,10,75.0,0.0
1,3,Qwen/Qwen3-8B,altruistic,cooperative,fallback_count,10,1.6,1.577621275493231
1,3,Qwen/Qwen3-8B,altruistic,cooperative,fallback_rate,10,0.021809523809523813,0.022197037883549438
1,3,Qwen/Qwen3-8B,altruistic,cooperative,gini_berries_consumed,10,0.009285714285714286,0.029364006844420667
1,3,Qwen/Qwen3-8B,altruistic,cooperative,gini_final_wellbeing,10,0.1007142857142858,0.03786388080199595
1,3,Qwen/Qwen3-8B,altruistic,cooperative,llm_action_eat_proportion,10,0.14485714285714285,0.005722216718399928
1,3,Qwen/Qwen3-8B,altruistic,cooperative,llm_action_move_proportion,10,0.2896190476190476,0.06636735530620559
1,3,Qwen/Qwen3-8B,altruistic,cooperative,llm_action_throw_proportion,10,0.5561904761904761,0.05783705314548181
1,3,Qwen/Qwen3-8B,altruistic,cooperative,llm_action_unsuccessful_proportion,10,0.009333333333333334,0.008999314102807372
1,3,Qwen/Qwen3-8B,altruistic,cooperative,llm_decisions,10,74.5,1.5811388300841898
1,3,Qwen/Qwen3-8B,altruistic,cooperative,llm_executed_actions,10,74.5,1.5811388300841898
1,3,Qwen/Qwen3-8B,altruistic,cooperative,llm_executed_eat_proportion,10,0.14485714285714285,0.005722216718399928
1,3,Qwen/Qwen3-8B,altruistic,cooperative,llm_executed_move_proportion,10,0.2896190476190476,0.06636735530620559
1,3,Qwen/Qwen3-8B,altruistic,cooperative,llm_executed_throw_proportion,10,0.5561904761904761,0.05783705314548181
1,3,Qwen/Qwen3-8B,altruistic,cooperative,llm_executed_unsuccessful_proportion,10,0.009333333333333334,0.008999314102807372
1,3,Qwen/Qwen3-8B,altruistic,cooperative,llm_mean_berries_consumed,10,10.8,0.632455532033676
1,3,Qwen/Qwen3-8B,altruistic,cooperative,llm_mean_final_wellbeing,10,7.583333333333326,3.937199919978224
1,3,Qwen/Qwen3-8B,altruistic,cooperative,llm_rule_survival_gap,10,0.0,0.0
1,3,Qwen/Qwen3-8B,altruistic,cooperative,llm_rule_wellbeing_gap,10,-1.7500000000000024,3.7176819554777754
1,3,Qwen/Qwen3-8B,altruistic,cooperative,llm_successful_shares,10,41.5,4.881939505292269
1,3,Qwen/Qwen3-8B,altruistic,cooperative,llm_survival_rate,10,0.9,0.31622776601683794
1,3,Qwen/Qwen3-8B,altruistic,cooperative,llm_survivors,10,0.9,0.31622776601683794
1,3,Qwen/Qwen3-8B,altruistic,cooperative,llm_total_final_wellbeing,10,7.583333333333326,3.937199919978224
1,3,Qwen/Qwen3-8B,altruistic,cooperative,mean_final_wellbeing,10,8.895833333333327,3.25730719372935
1,3,Qwen/Qwen3-8B,altruistic,cooperative,minimum_berries_consumed,10,10.5,1.5811388300841898
1,3,Qwen/Qwen3-8B,altruistic,cooperative,minimum_final_wellbeing,10,5.249999999999994,1.8446619684315522
1,3,Qwen/Qwen3-8B,altruistic,cooperative,rule_executed_actions,10,222.7,7.27323861838727
1,3,Qwen/Qwen3-8B,altruistic,cooperative,rule_executed_eat_proportion,10,0.14487128712871286,0.005677488604394712
1,3,Qwen/Qwen3-8B,altruistic,cooperative,rule_executed_move_proportion,10,0.35275687568756875,0.0496522111852425
1,3,Qwen/Qwen3-8B,altruistic,cooperative,rule_executed_throw_proportion,10,0.5023718371837184,0.04525895881121977
1,3,Qwen/Qwen3-8B,altruistic,cooperative,rule_executed_unsuccessful_proportion,10,0.0,0.0
1,3,Qwen/Qwen3-8B,altruistic,cooperative,rule_mean_berries_consumed,10,10.766666666666667,0.7378647873726218
1,3,Qwen/Qwen3-8B,altruistic,cooperative,rule_mean_final_wellbeing,10,9.333333333333329,3.5263071689314103
1,3,Qwen/Qwen3-8B,altruistic,cooperative,rule_successful_shares,10,112.1,12.547244053310404
1,3,Qwen/Qwen3-8B,altruistic,cooperative,rule_survival_rate,10,0.9,0.31622776601683794
1,3,Qwen/Qwen3-8B,altruistic,cooperative,rule_survivors,10,2.7,0.9486832980505139
1,3,Qwen/Qwen3-8B,altruistic,cooperative,rule_total_final_wellbeing,10,27.999999999999982,10.578921506794229
1,3,Qwen/Qwen3-8B,altruistic,cooperative,survival_rate,10,0.9,0.31622776601683794
1,3,Qwen/Qwen3-8B,altruistic,cooperative,survivors,10,3.6,1.2649110640673518
1,3,Qwen/Qwen3-8B,altruistic,cooperative,time_averaged_gini_wellbeing,10,0.12940614507862672,0.031047609839701392
1,3,Qwen/Qwen3-8B,altruistic,cooperative,time_averaged_minimum_wellbeing,10,7.193111111111105,0.9945820030385499
1,3,Qwen/Qwen3-8B,altruistic,cooperative,total_berries_consumed,10,43.1,2.8460498941515415
1,3,Qwen/Qwen3-8B,altruistic,cooperative,total_berries_thrown,10,153.6,16.460052652811694
1,3,Qwen/Qwen3-8B,altruistic,cooperative,total_final_wellbeing,10,35.58333333333331,13.0292287749174
1,3,Qwen/Qwen3-8B,altruistic,self_interested,episode_steps,10,75.0,0.0
1,3,Qwen/Qwen3-8B,altruistic,self_interested,fallback_count,10,2.5,1.509230856356236
1,3,Qwen/Qwen3-8B,altruistic,self_interested,fallback_rate,10,0.04551045150501672,0.031100127100779255
1,3,Qwen/Qwen3-8B,altruistic,self_interested,gini_berries_consumed,10,0.16356428184390392,0.03674491038993933
1,3,Qwen/Qwen3-8B,altruistic,self_interested,gini_final_wellbeing,10,0.2729321914282524,0.023716316722717058
1,3,Qwen/Qwen3-8B,altruistic,self_interested,llm_action_eat_proportion,10,0.12294648829431438,0.01845988813833037
1,3,Qwen/Qwen3-8B,altruistic,self_interested,llm_action_move_proportion,10,0.7118432274247491,0.03655048141737393
1,3,Qwen/Qwen3-8B,altruistic,self_interested,llm_action_throw_proportion,10,0.16254361761426978,0.04325896130212058
1,3,Qwen/Qwen3-8B,altruistic,self_interested,llm_action_unsuccessful_proportion,10,0.002666666666666667,0.005621826951410453
1,3,Qwen/Qwen3-8B,altruistic,self_interested,llm_decisions,10,58.3,14.150382798120104
1,3,Qwen/Qwen3-8B,altruistic,self_interested,llm_executed_actions,10,58.3,14.150382798120104
1,3,Qwen/Qwen3-8B,altruistic,self_interested,llm_executed_eat_proportion,10,0.12294648829431438,0.01845988813833037
1,3,Qwen/Qwen3-8B,altruistic,self_interested,llm_executed_move_proportion,10,0.7118432274247491,0.03655048141737393
1,3,Qwen/Qwen3-8B,altruistic,self_interested,llm_executed_throw_proportion,10,0.16254361761426978,0.04325896130212058
1,3,Qwen/Qwen3-8B,altruistic,self_interested,llm_executed_unsuccessful_proportion,10,0.002666666666666667,0.005621826951410453
1,3,Qwen/Qwen3-8B,altruistic,self_interested,llm_mean_berries_consumed,10,7.4,2.8362729848243533
1,3,Qwen/Qwen3-8B,altruistic,self_interested,llm_mean_final_wellbeing,10,2.3333333333333286,4.078701076217249
1,3,Qwen/Qwen3-8B,altruistic,self_interested,llm_rule_survival_gap,10,-0.7,0.48304589153964794
1,3,Qwen/Qwen3-8B,altruistic,self_interested,llm_rule_wellbeing_gap,10,-63.58333333333339,16.525871349744783
1,3,Qwen/Qwen3-8B,altruistic,self_interested,llm_successful_shares,10,9.1,2.0789954839350235
1,3,Qwen/Qwen3-8B,altruistic,self_interested,llm_survival_rate,10,0.3,0.48304589153964794
1,3,Qwen/Qwen3-8B,altruistic,self_interested,llm_survivors,10,0.3,0.48304589153964794
1,3,Qwen/Qwen3-8B,altruistic,self_interested,llm_total_final_wellbeing,10,2.3333333333333286,4.078701076217249
1,3,Qwen/Qwen3-8B,altruistic,self_interested,mean_final_wellbeing,10,50.02083333333337,13.278042913438437
1,3,Qwen/Qwen3-8B,altruistic,self_interested,minimum_berries_consumed,10,7.4,2.8362729848243533
1,3,Qwen/Qwen3-8B,altruistic,self_interested,minimum_final_wellbeing,10,2.3333333333333286,4.078701076217249
1,3,Qwen/Qwen3-8B,altruistic,self_interested,rule_executed_actions,10,225.0,0.0
1,3,Qwen/Qwen3-8B,altruistic,self_interested,rule_executed_eat_proportion,10,0.2826666666666667,0.038643671323171834
1,3,Qwen/Qwen3-8B,altruistic,self_interested,rule_executed_move_proportion,10,0.7173333333333334,0.03864367132317187
1,3,Qwen/Qwen3-8B,altruistic,self_interested,rule_executed_throw_proportion,10,0.0,0.0
1,3,Qwen/Qwen3-8B,altruistic,self_interested,rule_executed_unsuccessful_proportion,10,0.0,0.0
1,3,Qwen/Qwen3-8B,altruistic,self_interested,rule_mean_berries_consumed,10,21.2,2.8982753492378874
1,3,Qwen/Qwen3-8B,altruistic,self_interested,rule_mean_final_wellbeing,10,65.91666666666671,17.25705855465672
1,3,Qwen/Qwen3-8B,altruistic,self_interested,rule_successful_shares,10,0.0,0.0
1,3,Qwen/Qwen3-8B,altruistic,self_interested,rule_survival_rate,10,1.0,0.0
1,3,Qwen/Qwen3-8B,altruistic,self_interested,rule_survivors,10,3.0,0.0
1,3,Qwen/Qwen3-8B,altruistic,self_interested,rule_total_final_wellbeing,10,197.75000000000017,51.77117566397015
1,3,Qwen/Qwen3-8B,altruistic,self_interested,survival_rate,10,0.825,0.12076147288491199
1,3,Qwen/Qwen3-8B,altruistic,self_interested,survivors,10,3.3,0.48304589153964794
1,3,Qwen/Qwen3-8B,altruistic,self_interested,time_averaged_gini_wellbeing,10,0.21373545926610396,0.012045473156803845
1,3,Qwen/Qwen3-8B,altruistic,self_interested,time_averaged_minimum_wellbeing,10,7.780222222222212,1.8464806401525438
1,3,Qwen/Qwen3-8B,altruistic,self_interested,total_berries_consumed,10,71.0,9.752492558885194
1,3,Qwen/Qwen3-8B,altruistic,self_interested,total_berries_thrown,10,9.1,2.0789954839350235
1,3,Qwen/Qwen3-8B,altruistic,self_interested,total_final_wellbeing,10,200.08333333333348,53.11217165375375
1,3,Qwen/Qwen3-8B,cooperative,altruistic,episode_steps,10,75.0,0.0
1,3,Qwen/Qwen3-8B,cooperative,altruistic,fallback_count,10,1.0,0.816496580927726
1,3,Qwen/Qwen3-8B,cooperative,altruistic,fallback_rate,10,0.015109730848861283,0.014011727997170717
1,3,Qwen/Qwen3-8B,cooperative,altruistic,gini_berries_consumed,10,0.03274441704674262,0.05096948425093359
1,3,Qwen/Qwen3-8B,cooperative,altruistic,gini_final_wellbeing,10,0.3110119047619049,0.22792969085231796
1,3,Qwen/Qwen3-8B,cooperative,altruistic,llm_action_eat_proportion,10,0.1410600414078675,0.012714353723280253
1,3,Qwen/Qwen3-8B,cooperative,altruistic,llm_action_move_proportion,10,0.29413250517598344,0.06897859744226788
1,3,Qwen/Qwen3-8B,cooperative,altruistic,llm_action_throw_proportion,10,0.5505383022774326,0.06373757929094717
1,3,Qwen/Qwen3-8B,cooperative,altruistic,llm_action_unsuccessful_proportion,10,0.014269151138716357,0.009273127339262409
1,3,Qwen/Qwen3-8B,cooperative,altruistic,llm_decisions,10,71.6,9.131143289740765
1,3,Qwen/Qwen3-8B,cooperative,altruistic,llm_executed_actions,10,71.6,9.131143289740765
1,3,Qwen/Qwen3-8B,cooperative,altruistic,llm_executed_eat_proportion,10,0.1410600414078675,0.012714353723280253
1,3,Qwen/Qwen3-8B,cooperative,altruistic,llm_executed_move_proportion,10,0.29413250517598344,0.06897859744226788
1,3,Qwen/Qwen3-8B,cooperative,altruistic,llm_executed_throw_proportion,10,0.5505383022774326,0.06373757929094717
1,3,Qwen/Qwen3-8B,cooperative,altruistic,llm_executed_unsuccessful_proportion,10,0.014269151138716357,0.009273127339262409
1,3,Qwen/Qwen3-8B,cooperative,altruistic,llm_mean_berries_consumed,10,10.2,1.9321835661585915
1,3,Qwen/Qwen3-8B,cooperative,altruistic,llm_mean_final_wellbeing,10,6.999999999999995,4.6013953868552555
1,3,Qwen/Qwen3-8B,cooperative,altruistic,llm_rule_survival_gap,10,1.6653345369377347e-17,0.35136418446315326
1,3,Qwen/Qwen3-8B,cooperative,altruistic,llm_rule_wellbeing_gap,10,-0.3888888888888891,4.655851665647251
1,3,Qwen/Qwen3-8B,cooperative,altruistic,llm_successful_shares,10,39.5,7.321960878829599
1,3,Qwen/Qwen3-8B,cooperative,altruistic,llm_survival_rate,10,0.8,0.4216370213557839
1,3,Qwen/Qwen3-8B,cooperative,altruistic,llm_survivors,10,0.8,0.4216370213557839
1,3,Qwen/Qwen3-8B,cooperative,altruistic,llm_total_final_wellbeing,10,6.999999999999995,4.6013953868552555
1,3,Qwen/Qwen3-8B,cooperative,altruistic,mean_final_wellbeing,10,7.291666666666662,3.4373246307679377
1,3,Qwen/Qwen3-8B,cooperative,altruistic,minimum_berries_consumed,10,9.5,2.3213980461973533
1,3,Qwen/Qwen3-8B,cooperative,altruistic,minimum_final_wellbeing,10,3.4999999999999956,3.0123203803835428
1,3,Qwen/Qwen3-8B,cooperative,altruistic,rule_executed_actions,10,221.1,8.385834616913348
1,3,Qwen/Qwen3-8B,cooperative,altruistic,rule_executed_eat_proportion,10,0.1432079102647107,0.005271881122843058
1,3,Qwen/Qwen3-8B,cooperative,altruistic,rule_executed_move_proportion,10,0.37400900090009,0.05945603451694469
1,3,Qwen/Qwen3-8B,cooperative,altruistic,rule_executed_throw_proportion,10,0.48278308883519927,0.05535687923941773
1,3,Qwen/Qwen3-8B,cooperative,altruistic,rule_executed_unsuccessful_proportion,10,0.0,0.0
1,3,Qwen/Qwen3-8B,cooperative,altruistic,rule_mean_berries_consumed,10,10.566666666666666,0.7544108976341313
1,3,Qwen/Qwen3-8B,cooperative,altruistic,rule_mean_final_wellbeing,10,7.388888888888884,3.757023600863927
1,3,Qwen/Qwen3-8B,cooperative,altruistic,rule_successful_shares,10,107.0,14.862331206405303
1,3,Qwen/Qwen3-8B,cooperative,altruistic,rule_survival_rate,10,0.8,0.2810913475705226
1,3,Qwen/Qwen3-8B,cooperative,altruistic,rule_survivors,10,2.4,0.8432740427115678
1,3,Qwen/Qwen3-8B,cooperative,altruistic,rule_total_final_wellbeing,10,22.16666666666665,11.271070802591781
1,3,Qwen/Qwen3-8B,cooperative,altruistic,survival_rate,10,0.8,0.2838231060987733
1,3,Qwen/Qwen3-8B,cooperative,altruistic,survivors,10,3.2,1.1352924243950933
1,3,Qwen/Qwen3-8B,cooperative,altruistic,time_averaged_gini_wellbeing,10,0.15124305107446714,0.04960489519126692
1,3,Qwen/Qwen3-8B,cooperative,altruistic,time_averaged_minimum_wellbeing,10,6.742888888888883,0.9422536973545532
1,3,Qwen/Qwen3-8B,cooperative,altruistic,total_berries_consumed,10,41.9,3.2472210341220142
1,3,Qwen/Qwen3-8B,cooperative,altruistic,total_berries_thrown,10,146.5,21.655125131119526
1,3,Qwen/Qwen3-8B,cooperative,altruistic,total_final_wellbeing,10,29.166666666666647,13.74929852307175
1,3,Qwen/Qwen3-8B,cooperative,cooperative,episode_steps,10,75.0,0.0
1,3,Qwen/Qwen3-8B,cooperative,cooperative,fallback_count,10,1.1,0.9944289260117533
1,3,Qwen/Qwen3-8B,cooperative,cooperative,fallback_rate,10,0.014666666666666666,0.013259052346823376
1,3,Qwen/Qwen3-8B,cooperative,cooperative,gini_berries_consumed,10,0.0,0.0
1,3,Qwen/Qwen3-8B,cooperative,cooperative,gini_final_wellbeing,10,0.13190476190476205,0.026801435715502177
1,3,Qwen/Qwen3-8B,cooperative,cooperative,llm_action_eat_proportion,10,0.14666666666666667,0.0
1,3,Qwen/Qwen3-8B,cooperative,cooperative,llm_action_move_proportion,10,0.24266666666666667,0.0420699006798195
1,3,Qwen/Qwen3-8B,cooperative,cooperative,llm_action_throw_proportion,10,0.5933333333333334,0.0427452979148252
1,3,Qwen/Qwen3-8B,cooperative,cooperative,llm_action_unsuccessful_proportion,10,0.017333333333333333,0.010976968031314194
1,3,Qwen/Qwen3-8B,cooperative,cooperative,llm_decisions,10,75.0,0.0
1,3,Qwen/Qwen3-8B,cooperative,cooperative,llm_executed_actions,10,75.0,0.0
1,3,Qwen/Qwen3-8B,cooperative,cooperative,llm_executed_eat_proportion,10,0.14666666666666667,0.0
1,3,Qwen/Qwen3-8B,cooperative,cooperative,llm_executed_move_proportion,10,0.24266666666666667,0.0420699006798195
1,3,Qwen/Qwen3-8B,cooperative,cooperative,llm_executed_throw_proportion,10,0.5933333333333334,0.0427452979148252
1,3,Qwen/Qwen3-8B,cooperative,cooperative,llm_executed_unsuccessful_proportion,10,0.017333333333333333,0.010976968031314194
1,3,Qwen/Qwen3-8B,cooperative,cooperative,llm_mean_berries_consumed,10,11.0,0.0
1,3,Qwen/Qwen3-8B,cooperative,cooperative,llm_mean_final_wellbeing,10,8.749999999999991,3.0744366140525905
1,3,Qwen/Qwen3-8B,cooperative,cooperative,llm_rule_survival_gap,10,0.0,0.0
1,3,Qwen/Qwen3-8B,cooperative,cooperative,llm_rule_wellbeing_gap,10,-0.38888888888889206,4.078701076217257
1,3,Qwen/Qwen3-8B,cooperative,cooperative,llm_successful_shares,10,44.5,3.2058973436118907
1,3,Qwen/Qwen3-8B,cooperative,cooperative,llm_survival_rate,10,1.0,0.0
1,3,Qwen/Qwen3-8B,cooperative,cooperative,llm_survivors,10,1.0,0.0
1,3,Qwen/Qwen3-8B,cooperative,cooperative,llm_total_final_wellbeing,10,8.749999999999991,3.0744366140525905
1,3,Qwen/Qwen3-8B,cooperative,cooperative,mean_final_wellbeing,10,9.04166666666666,1.34011585089766
1,3,Qwen/Qwen3-8B,cooperative,cooperative,minimum_berries_consumed,10,11.0,0.0
1,3,Qwen/Qwen3-8B,cooperative,cooperative,minimum_final_wellbeing,10,5.833333333333326,1.7007321910901718e-15
1,3,Qwen/Qwen3-8B,cooperative,cooperative,rule_executed_actions,10,225.0,0.0
1,3,Qwen/Qwen3-8B,cooperative,cooperative,rule_executed_eat_proportion,10,0.14666666666666667,0.0
1,3,Qwen/Qwen3-8B,cooperative,cooperative,rule_executed_move_proportion,10,0.31022222222222223,0.06634655657434663
1,3,Qwen/Qwen3-8B,cooperative,cooperative,rule_executed_throw_proportion,10,0.5431111111111111,0.06634655657434665
1,3,Qwen/Qwen3-8B,cooperative,cooperative,rule_executed_unsuccessful_proportion,10,0.0,0.0
1,3,Qwen/Qwen3-8B,cooperative,cooperative,rule_mean_berries_consumed,10,11.0,0.0
1,3,Qwen/Qwen3-8B,cooperative,cooperative,rule_mean_final_wellbeing,10,9.138888888888882,1.8446619684315555
1,3,Qwen/Qwen3-8B,cooperative,cooperative,rule_successful_shares,10,122.2,14.927975229227988
1,3,Qwen/Qwen3-8B,cooperative,cooperative,rule_survival_rate,10,1.0,0.0
1,3,Qwen/Qwen3-8B,cooperative,cooperative,rule_survivors,10,3.0,0.0
1,3,Qwen/Qwen3-8B,cooperative,cooperative,rule_total_final_wellbeing,10,27.416666666666647,5.533985905294665
1,3,Qwen/Qwen3-8B,cooperative,cooperative,survival_rate,10,1.0,0.0
1,3,Qwen/Qwen3-8B,cooperative,cooperative,survivors,10,4.0,0.0
1,3,Qwen/Qwen3-8B,cooperative,cooperative,time_averaged_gini_wellbeing,10,0.11907388530031142,0.012433177878363151
1,3,Qwen/Qwen3-8B,cooperative,cooperative,time_averaged_minimum_wellbeing,10,7.459999999999994,0.5955067236291438
1,3,Qwen/Qwen3-8B,cooperative,cooperative,total_berries_consumed,10,44.0,0.0
1,3,Qwen/Qwen3-8B,cooperative,cooperative,total_berries_thrown,10,166.7,17.963234056755415
1,3,Qwen/Qwen3-8B,cooperative,cooperative,total_final_wellbeing,10,36.16666666666664,5.36046340359064
1,3,Qwen/Qwen3-8B,cooperative,self_interested,episode_steps,10,75.0,0.0
1,3,Qwen/Qwen3-8B,cooperative,self_interested,fallback_count,10,0.6,0.5163977794943222
1,3,Qwen/Qwen3-8B,cooperative,self_interested,fallback_rate,10,0.008,0.006885303726590963
1,3,Qwen/Qwen3-8B,cooperative,self_interested,gini_berries_consumed,10,0.051754045506976896,0.021419673405898513
1,3,Qwen/Qwen3-8B,cooperative,self_interested,gini_final_wellbeing,10,0.1046517299974751,0.05073277463285917
1,3,Qwen/Qwen3-8B,cooperative,self_interested,llm_action_eat_proportion,10,0.21733333333333332,0.03445519545478099
1,3,Qwen/Qwen3-8B,cooperative,self_interested,llm_action_move_proportion,10,0.7386666666666667,0.0440874551738213
1,3,Qwen/Qwen3-8B,cooperative,self_interested,llm_action_throw_proportion,10,0.044,0.017833246797990115
1,3,Qwen/Qwen3-8B,cooperative,self_interested,llm_action_unsuccessful_proportion,10,0.0,0.0
1,3,Qwen/Qwen3-8B,cooperative,self_interested,llm_decisions,10,75.0,0.0
1,3,Qwen/Qwen3-8B,cooperative,self_interested,llm_executed_actions,10,75.0,0.0
1,3,Qwen/Qwen3-8B,cooperative,self_interested,llm_executed_eat_proportion,10,0.21733333333333332,0.03445519545478099
1,3,Qwen/Qwen3-8B,cooperative,self_interested,llm_executed_move_proportion,10,0.7386666666666667,0.0440874551738213
1,3,Qwen/Qwen3-8B,cooperative,self_interested,llm_executed_throw_proportion,10,0.044,0.017833246797990115
1,3,Qwen/Qwen3-8B,cooperative,self_interested,llm_executed_unsuccessful_proportion,10,0.0,0.0
1,3,Qwen/Qwen3-8B,cooperative,self_interested,llm_mean_berries_consumed,10,16.3,2.5841396591085743
1,3,Qwen/Qwen3-8B,cooperative,self_interested,llm_mean_final_wellbeing,10,38.49999999999996,15.35988040076895
1,3,Qwen/Qwen3-8B,cooperative,self_interested,llm_rule_survival_gap,10,0.0,0.0
1,3,Qwen/Qwen3-8B,cooperative,self_interested,llm_rule_wellbeing_gap,10,-19.8333333333334,12.426878033844172
1,3,Qwen/Qwen3-8B,cooperative,self_interested,llm_successful_shares,10,3.3,1.3374935098492586
1,3,Qwen/Qwen3-8B,cooperative,self_interested,llm_survival_rate,10,1.0,0.0
1,3,Qwen/Qwen3-8B,cooperative,self_interested,llm_survivors,10,1.0,0.0
1,3,Qwen/Qwen3-8B,cooperative,self_interested,llm_total_final_wellbeing,10,38.49999999999996,15.35988040076895
1,3,Qwen/Qwen3-8B,cooperative,self_interested,mean_final_wellbeing,10,53.375000000000014,12.642627652138549
1,3,Qwen/Qwen3-8B,cooperative,self_interested,minimum_berries_consumed,10,16.3,2.5841396591085743
1,3,Qwen/Qwen3-8B,cooperative,self_interested,minimum_final_wellbeing,10,38.49999999999996,15.35988040076895
1,3,Qwen/Qwen3-8B,cooperative,self_interested,rule_executed_actions,10,225.0,0.0
1,3,Qwen/Qwen3-8B,cooperative,self_interested,rule_executed_eat_proportion,10,0.2653333333333333,0.029484831374914325
1,3,Qwen/Qwen3-8B,cooperative,self_interested,rule_executed_move_proportion,10,0.7346666666666667,0.02948483137491432
1,3,Qwen/Qwen3-8B,cooperative,self_interested,rule_executed_throw_proportion,10,0.0,0.0
1,3,Qwen/Qwen3-8B,cooperative,self_interested,rule_executed_unsuccessful_proportion,10,0.0,0.0
1,3,Qwen/Qwen3-8B,cooperative,self_interested,rule_mean_berries_consumed,10,19.9,2.211362353118575
1,3,Qwen/Qwen3-8B,cooperative,self_interested,rule_mean_final_wellbeing,10,58.33333333333336,13.155970547341825
1,3,Qwen/Qwen3-8B,cooperative,self_interested,rule_successful_shares,10,0.0,0.0
1,3,Qwen/Qwen3-8B,cooperative,self_interested,rule_survival_rate,10,1.0,0.0
1,3,Qwen/Qwen3-8B,cooperative,self_interested,rule_survivors,10,3.0,0.0
1,3,Qwen/Qwen3-8B,cooperative,self_interested,rule_total_final_wellbeing,10,175.00000000000006,39.467911642025484
1,3,Qwen/Qwen3-8B,cooperative,self_interested,survival_rate,10,1.0,0.0
1,3,Qwen/Qwen3-8B,cooperative,self_interested,survivors,10,4.0,0.0
1,3,Qwen/Qwen3-8B,cooperative,self_interested,time_averaged_gini_wellbeing,10,0.11224468532426032,0.027524157042123194
1,3,Qwen/Qwen3-8B,cooperative,self_interested,time_averaged_minimum_wellbeing,10,30.404444444444426,7.8291832102313865
1,3,Qwen/Qwen3-8B,cooperative,self_interested,total_berries_consumed,10,76.0,8.576453553512403
1,3,Qwen/Qwen3-8B,cooperative,self_interested,total_berries_thrown,10,3.3,1.3374935098492586
1,3,Qwen/Qwen3-8B,cooperative,self_interested,total_final_wellbeing,10,213.50000000000006,50.570510608554194
1,3,Qwen/Qwen3-8B,self_interested,altruistic,episode_steps,10,75.0,0.0
1,3,Qwen/Qwen3-8B,self_interested,altruistic,fallback_count,10,0.2,0.4216370213557839
1,3,Qwen/Qwen3-8B,self_interested,altruistic,fallback_rate,10,0.002666666666666667,0.005621826951410452
1,3,Qwen/Qwen3-8B,self_interested,altruistic,gini_berries_consumed,10,0.22578280577466853,0.09295615685574579
1,3,Qwen/Qwen3-8B,self_interested,altruistic,gini_final_wellbeing,10,0.637486816588984,0.11171744427414468
1,3,Qwen/Qwen3-8B,self_interested,altruistic,llm_action_eat_proportion,10,0.29733333333333334,0.044020197384584486
1,3,Qwen/Qwen3-8B,self_interested,altruistic,llm_action_move_proportion,10,0.7013333333333334,0.045411696975803724
1,3,Qwen/Qwen3-8B,self_interested,altruistic,llm_action_throw_proportion,10,0.0,0.0
1,3,Qwen/Qwen3-8B,self_interested,altruistic,llm_action_unsuccessful_proportion,10,0.0013333333333333335,0.0042163702135578395
1,3,Qwen/Qwen3-8B,self_interested,altruistic,llm_decisions,10,75.0,0.0
1,3,Qwen/Qwen3-8B,self_interested,altruistic,llm_executed_actions,10,75.0,0.0
1,3,Qwen/Qwen3-8B,self_interested,altruistic,llm_executed_eat_proportion,10,0.29733333333333334,0.044020197384584486
1,3,Qwen/Qwen3-8B,self_interested,altruistic,llm_executed_move_proportion,10,0.7013333333333334,0.045411696975803724
1,3,Qwen/Qwen3-8B,self_interested,altruistic,llm_executed_throw_proportion,10,0.0,0.0
1,3,Qwen/Qwen3-8B,self_interested,altruistic,llm_executed_unsuccessful_proportion,10,0.0013333333333333335,0.0042163702135578395
1,3,Qwen/Qwen3-8B,self_interested,altruistic,llm_mean_berries_consumed,10,22.3,3.3015148038438356
1,3,Qwen/Qwen3-8B,self_interested,altruistic,llm_mean_final_wellbeing,10,72.91666666666674,20.806464154615167
1,3,Qwen/Qwen3-8B,self_interested,altruistic,llm_rule_survival_gap,10,0.4666666666666667,0.42163702135578396
1,3,Qwen/Qwen3-8B,self_interested,altruistic,llm_rule_wellbeing_gap,10,68.44444444444453,20.59439107520722
1,3,Qwen/Qwen3-8B,self_interested,altruistic,llm_successful_shares,10,0.0,0.0
1,3,Qwen/Qwen3-8B,self_interested,altruistic,llm_survival_rate,10,1.0,0.0
1,3,Qwen/Qwen3-8B,self_interested,altruistic,llm_survivors,10,1.0,0.0
1,3,Qwen/Qwen3-8B,self_interested,altruistic,llm_total_final_wellbeing,10,72.91666666666674,20.806464154615167
1,3,Qwen/Qwen3-8B,self_interested,altruistic,mean_final_wellbeing,10,21.58333333333335,6.478239930150222
1,3,Qwen/Qwen3-8B,self_interested,altruistic,minimum_berries_consumed,10,8.3,3.334999583541537
1,3,Qwen/Qwen3-8B,self_interested,altruistic,minimum_final_wellbeing,10,2.333333333333331,3.0123203803835428
1,3,Qwen/Qwen3-8B,self_interested,altruistic,rule_executed_actions,10,203.7,29.193035699175468
1,3,Qwen/Qwen3-8B,self_interested,altruistic,rule_executed_eat_proportion,10,0.1352117452440033,0.011029331228214949
1,3,Qwen/Qwen3-8B,self_interested,altruistic,rule_executed_move_proportion,10,0.41617637742769026,0.080182809922581
1,3,Qwen/Qwen3-8B,self_interested,altruistic,rule_executed_throw_proportion,10,0.44861187732830643,0.07222129819169246
1,3,Qwen/Qwen3-8B,self_interested,altruistic,rule_executed_unsuccessful_proportion,10,0.0,0.0
1,3,Qwen/Qwen3-8B,self_interested,altruistic,rule_mean_berries_consumed,10,9.266666666666667,1.948725446079445
1,3,Qwen/Qwen3-8B,self_interested,altruistic,rule_mean_final_wellbeing,10,4.472222222222219,4.205477680835492
1,3,Qwen/Qwen3-8B,self_interested,altruistic,rule_successful_shares,10,92.4,24.23587790400376
1,3,Qwen/Qwen3-8B,self_interested,altruistic,rule_survival_rate,10,0.5333333333333333,0.42163702135578396
1,3,Qwen/Qwen3-8B,self_interested,altruistic,rule_survivors,10,1.6,1.2649110640673518
1,3,Qwen/Qwen3-8B,self_interested,altruistic,rule_total_final_wellbeing,10,13.416666666666657,12.616433042506475
1,3,Qwen/Qwen3-8B,self_interested,altruistic,survival_rate,10,0.65,0.31622776601683794
1,3,Qwen/Qwen3-8B,self_interested,altruistic,survivors,10,2.6,1.2649110640673518
1,3,Qwen/Qwen3-8B,self_interested,altruistic,time_averaged_gini_wellbeing,10,0.4384226213794616,0.0451916072225956
1,3,Qwen/Qwen3-8B,self_interested,altruistic,time_averaged_minimum_wellbeing,10,6.294666666666663,1.8205280290417796
1,3,Qwen/Qwen3-8B,self_interested,altruistic,total_berries_consumed,10,50.1,7.4899933244296015
1,3,Qwen/Qwen3-8B,self_interested,altruistic,total_berries_thrown,10,92.4,24.23587790400376
1,3,Qwen/Qwen3-8B,self_interested,altruistic,total_final_wellbeing,10,86.3333333333334,25.912959720600888
1,3,Qwen/Qwen3-8B,self_interested,cooperative,episode_steps,10,75.0,0.0
1,3,Qwen/Qwen3-8B,self_interested,cooperative,fallback_count,10,0.3,0.674948557710553
1,3,Qwen/Qwen3-8B,self_interested,cooperative,fallback_rate,10,0.004,0.008999314102807373
1,3,Qwen/Qwen3-8B,self_interested,cooperative,gini_berries_consumed,10,0.19553384901053256,0.05254723323143445
1,3,Qwen/Qwen3-8B,self_interested,cooperative,gini_final_wellbeing,10,0.6148010149035692,0.07989130618644998
1,3,Qwen/Qwen3-8B,self_interested,cooperative,llm_action_eat_proportion,10,0.3,0.03456966485800898
1,3,Qwen/Qwen3-8B,self_interested,cooperative,llm_action_move_proportion,10,0.7,0.03456966485800899
1,3,Qwen/Qwen3-8B,self_interested,cooperative,llm_action_throw_proportion,10,0.0,0.0
1,3,Qwen/Qwen3-8B,self_interested,cooperative,llm_action_unsuccessful_proportion,10,0.0,0.0
1,3,Qwen/Qwen3-8B,self_interested,cooperative,llm_decisions,10,75.0,0.0
1,3,Qwen/Qwen3-8B,self_interested,cooperative,llm_executed_actions,10,75.0,0.0
1,3,Qwen/Qwen3-8B,self_interested,cooperative,llm_executed_eat_proportion,10,0.3,0.03456966485800898
1,3,Qwen/Qwen3-8B,self_interested,cooperative,llm_executed_move_proportion,10,0.7,0.03456966485800899
1,3,Qwen/Qwen3-8B,self_interested,cooperative,llm_executed_throw_proportion,10,0.0,0.0
1,3,Qwen/Qwen3-8B,self_interested,cooperative,llm_executed_unsuccessful_proportion,10,0.0,0.0
1,3,Qwen/Qwen3-8B,self_interested,cooperative,llm_mean_berries_consumed,10,22.5,2.5927248643506737
1,3,Qwen/Qwen3-8B,self_interested,cooperative,llm_mean_final_wellbeing,10,75.83333333333339,15.0616019019178
1,3,Qwen/Qwen3-8B,self_interested,cooperative,llm_rule_survival_gap,10,0.30000000000000004,0.29186501192363773
1,3,Qwen/Qwen3-8B,self_interested,cooperative,llm_rule_wellbeing_gap,10,70.38888888888894,14.60276483207008
1,3,Qwen/Qwen3-8B,self_interested,cooperative,llm_successful_shares,10,0.0,0.0
1,3,Qwen/Qwen3-8B,self_interested,cooperative,llm_survival_rate,10,1.0,0.0
1,3,Qwen/Qwen3-8B,self_interested,cooperative,llm_survivors,10,1.0,0.0
1,3,Qwen/Qwen3-8B,self_interested,cooperative,llm_total_final_wellbeing,10,75.83333333333339,15.0616019019178
1,3,Qwen/Qwen3-8B,self_interested,cooperative,mean_final_wellbeing,10,23.04166666666668,4.851379147173491
1,3,Qwen/Qwen3-8B,self_interested,cooperative,minimum_berries_consumed,10,9.1,2.4244128727957572
1,3,Qwen/Qwen3-8B,self_interested,cooperative,minimum_final_wellbeing,10,2.333333333333331,3.012320380383543
1,3,Qwen/Qwen3-8B,self_interested,cooperative,rule_executed_actions,10,215.2,16.75178265804038
1,3,Qwen/Qwen3-8B,self_interested,cooperative,rule_executed_eat_proportion,10,0.1408647431611249,0.006441674062316557
1,3,Qwen/Qwen3-8B,self_interested,cooperative,rule_executed_move_proportion,10,0.3555413766664547,0.06434419277692896
1,3,Qwen/Qwen3-8B,self_interested,cooperative,rule_executed_throw_proportion,10,0.5035938801724205,0.0594135653474727
1,3,Qwen/Qwen3-8B,self_interested,cooperative,rule_executed_unsuccessful_proportion,10,0.0,0.0
1,3,Qwen/Qwen3-8B,self_interested,cooperative,rule_mean_berries_consumed,10,10.133333333333333,1.177987402728762
1,3,Qwen/Qwen3-8B,self_interested,cooperative,rule_mean_final_wellbeing,10,5.44444444444444,3.012320380383545
1,3,Qwen/Qwen3-8B,self_interested,cooperative,rule_successful_shares,10,109.1,19.62113373097714
1,3,Qwen/Qwen3-8B,self_interested,cooperative,rule_survival_rate,10,0.7,0.29186501192363773
1,3,Qwen/Qwen3-8B,self_interested,cooperative,rule_survivors,10,2.1,0.8755950357709131
1,3,Qwen/Qwen3-8B,self_interested,cooperative,rule_total_final_wellbeing,10,16.33333333333332,9.036961141150634
1,3,Qwen/Qwen3-8B,self_interested,cooperative,survival_rate,10,0.775,0.21889875894272828
1,3,Qwen/Qwen3-8B,self_interested,cooperative,survivors,10,3.1,0.8755950357709131
1,3,Qwen/Qwen3-8B,self_interested,cooperative,time_averaged_gini_wellbeing,10,0.40333147486284765,0.04554263322635147
1,3,Qwen/Qwen3-8B,self_interested,cooperative,time_averaged_minimum_wellbeing,10,7.287333333333329,1.7384637748012737
1,3,Qwen/Qwen3-8B,self_interested,cooperative,total_berries_consumed,10,52.9,5.1521300880746805
1,3,Qwen/Qwen3-8B,self_interested,cooperative,total_berries_thrown,10,109.1,19.62113373097714
1,3,Qwen/Qwen3-8B,self_interested,cooperative,total_final_wellbeing,10,92.16666666666671,19.405516588693963
1,3,Qwen/Qwen3-8B,self_interested,self_interested,episode_steps,10,75.0,0.0
1,3,Qwen/Qwen3-8B,self_interested,self_interested,fallback_count,10,0.3,0.6749485577105528
1,3,Qwen/Qwen3-8B,self_interested,self_interested,fallback_rate,10,0.004,0.008999314102807373
1,3,Qwen/Qwen3-8B,self_interested,self_interested,gini_berries_consumed,10,0.05762817137841132,0.04046125501306837
1,3,Qwen/Qwen3-8B,self_interested,self_interested,gini_final_wellbeing,10,0.14416198216378687,0.11034912202032453
1,3,Qwen/Qwen3-8B,self_interested,self_interested,llm_action_eat_proportion,10,0.24933333333333335,0.033877047111394665
1,3,Qwen/Qwen3-8B,self_interested,self_interested,llm_action_move_proportion,10,0.748,0.03170854930086574
1,3,Qwen/Qwen3-8B,self_interested,self_interested,llm_action_throw_proportion,10,0.0013333333333333335,0.0042163702135578395
1,3,Qwen/Qwen3-8B,self_interested,self_interested,llm_action_unsuccessful_proportion,10,0.0013333333333333335,0.0042163702135578395
1,3,Qwen/Qwen3-8B,self_interested,self_interested,llm_decisions,10,75.0,0.0
1,3,Qwen/Qwen3-8B,self_interested,self_interested,llm_executed_actions,10,75.0,0.0
1,3,Qwen/Qwen3-8B,self_interested,self_interested,llm_executed_eat_proportion,10,0.24933333333333335,0.033877047111394665
1,3,Qwen/Qwen3-8B,self_interested,self_interested,llm_executed_move_proportion,10,0.748,0.03170854930086574
1,3,Qwen/Qwen3-8B,self_interested,self_interested,llm_executed_throw_proportion,10,0.0013333333333333335,0.0042163702135578395
1,3,Qwen/Qwen3-8B,self_interested,self_interested,llm_executed_unsuccessful_proportion,10,0.0013333333333333335,0.0042163702135578395
1,3,Qwen/Qwen3-8B,self_interested,self_interested,llm_mean_berries_consumed,10,18.7,2.5407785333546005
1,3,Qwen/Qwen3-8B,self_interested,self_interested,llm_mean_final_wellbeing,10,51.333333333333336,15.01131260659245
1,3,Qwen/Qwen3-8B,self_interested,self_interested,llm_rule_survival_gap,10,0.03333333333333334,0.105409255338946
1,3,Qwen/Qwen3-8B,self_interested,self_interested,llm_rule_wellbeing_gap,10,7.97222222222224,13.106382543420843
1,3,Qwen/Qwen3-8B,self_interested,self_interested,llm_successful_shares,10,0.1,0.31622776601683794
1,3,Qwen/Qwen3-8B,self_interested,self_interested,llm_survival_rate,10,1.0,0.0
1,3,Qwen/Qwen3-8B,self_interested,self_interested,llm_survivors,10,1.0,0.0
1,3,Qwen/Qwen3-8B,self_interested,self_interested,llm_total_final_wellbeing,10,51.333333333333336,15.01131260659245
1,3,Qwen/Qwen3-8B,self_interested,self_interested,mean_final_wellbeing,10,45.35416666666666,14.163279142919123
1,3,Qwen/Qwen3-8B,self_interested,self_interested,minimum_berries_consumed,10,15.4,3.747591819348052
1,3,Qwen/Qwen3-8B,self_interested,self_interested,minimum_final_wellbeing,10,33.8333333333333,15.748799679912894
1,3,Qwen/Qwen3-8B,self_interested,self_interested,rule_executed_actions,10,222.7,7.27323861838727
1,3,Qwen/Qwen3-8B,self_interested,self_interested,rule_executed_eat_proportion,10,0.230013201320132,0.034920282850021314
1,3,Qwen/Qwen3-8B,self_interested,self_interested,rule_executed_move_proportion,10,0.769986798679868,0.03492028285002132
1,3,Qwen/Qwen3-8B,self_interested,self_interested,rule_executed_throw_proportion,10,0.0,0.0
1,3,Qwen/Qwen3-8B,self_interested,self_interested,rule_executed_unsuccessful_proportion,10,0.0,0.0
1,3,Qwen/Qwen3-8B,self_interested,self_interested,rule_mean_berries_consumed,10,17.133333333333333,2.9152642130857993
1,3,Qwen/Qwen3-8B,self_interested,self_interested,rule_mean_final_wellbeing,10,43.3611111111111,15.339354024632357
1,3,Qwen/Qwen3-8B,self_interested,self_interested,rule_successful_shares,10,0.0,0.0
1,3,Qwen/Qwen3-8B,self_interested,self_interested,rule_survival_rate,10,0.9666666666666666,0.105409255338946
1,3,Qwen/Qwen3-8B,self_interested,self_interested,rule_survivors,10,2.9,0.316227766016838
1,3,Qwen/Qwen3-8B,self_interested,self_interested,rule_total_final_wellbeing,10,130.0833333333333,46.018062073897084
1,3,Qwen/Qwen3-8B,self_interested,self_interested,survival_rate,10,0.975,0.0790569415042095
1,3,Qwen/Qwen3-8B,self_interested,self_interested,survivors,10,3.9,0.316227766016838
1,3,Qwen/Qwen3-8B,self_interested,self_interested,time_averaged_gini_wellbeing,10,0.09765241425986625,0.049871235157041074
1,3,Qwen/Qwen3-8B,self_interested,self_interested,time_averaged_minimum_wellbeing,10,32.17533333333331,9.389903777422083
1,3,Qwen/Qwen3-8B,self_interested,self_interested,total_berries_consumed,10,70.1,10.702543830531342
1,3,Qwen/Qwen3-8B,self_interested,self_interested,total_berries_thrown,10,0.1,0.31622776601683794
1,3,Qwen/Qwen3-8B,self_interested,self_interested,total_final_wellbeing,10,181.41666666666663,56.65311657167649
1,3,Qwen/Qwen3-8B,unframed,altruistic,episode_steps,10,75.0,0.0
1,3,Qwen/Qwen3-8B,unframed,altruistic,fallback_count,10,1.3,1.1595018087284057
1,3,Qwen/Qwen3-8B,unframed,altruistic,fallback_rate,10,0.017333333333333333,0.015460024116378743
1,3,Qwen/Qwen3-8B,unframed,altruistic,gini_berries_consumed,10,0.1704494686979611,0.03015459423369764
1,3,Qwen/Qwen3-8B,unframed,altruistic,gini_final_wellbeing,10,0.5649639581433061,0.09356958540685333
1,3,Qwen/Qwen3-8B,unframed,altruistic,llm_action_eat_proportion,10,0.30133333333333334,0.03985157648259536
1,3,Qwen/Qwen3-8B,unframed,altruistic,llm_action_move_proportion,10,0.6973333333333334,0.03927742416939679
1,3,Qwen/Qwen3-8B,unframed,altruistic,llm_action_throw_proportion,10,0.0013333333333333335,0.0042163702135578395
1,3,Qwen/Qwen3-8B,unframed,altruistic,llm_action_unsuccessful_proportion,10,0.0,0.0
1,3,Qwen/Qwen3-8B,unframed,altruistic,llm_decisions,10,75.0,0.0
1,3,Qwen/Qwen3-8B,unframed,altruistic,llm_executed_actions,10,75.0,0.0
1,3,Qwen/Qwen3-8B,unframed,altruistic,llm_executed_eat_proportion,10,0.30133333333333334,0.03985157648259536
1,3,Qwen/Qwen3-8B,unframed,altruistic,llm_executed_move_proportion,10,0.6973333333333334,0.03927742416939679
1,3,Qwen/Qwen3-8B,unframed,altruistic,llm_executed_throw_proportion,10,0.0013333333333333335,0.0042163702135578395
1,3,Qwen/Qwen3-8B,unframed,altruistic,llm_executed_unsuccessful_proportion,10,0.0,0.0
1,3,Qwen/Qwen3-8B,unframed,altruistic,llm_mean_berries_consumed,10,22.6,2.9888682361946537
1,3,Qwen/Qwen3-8B,unframed,altruistic,llm_mean_final_wellbeing,10,75.25000000000004,18.942122699045143
1,3,Qwen/Qwen3-8B,unframed,altruistic,llm_rule_survival_gap,10,0.2,0.2810913475705226
1,3,Qwen/Qwen3-8B,unframed,altruistic,llm_rule_wellbeing_gap,10,67.86111111111117,17.925720269711086
1,3,Qwen/Qwen3-8B,unframed,altruistic,llm_successful_shares,10,0.1,0.31622776601683794
1,3,Qwen/Qwen3-8B,unframed,altruistic,llm_survival_rate,10,1.0,0.0
1,3,Qwen/Qwen3-8B,unframed,altruistic,llm_survivors,10,1.0,0.0
1,3,Qwen/Qwen3-8B,unframed,altruistic,llm_total_final_wellbeing,10,75.25000000000004,18.942122699045143
1,3,Qwen/Qwen3-8B,unframed,altruistic,mean_final_wellbeing,10,24.354166666666675,6.227157331072184
1,3,Qwen/Qwen3-8B,unframed,altruistic,minimum_berries_consumed,10,10.2,1.2292725943057181
1,3,Qwen/Qwen3-8B,unframed,altruistic,minimum_final_wellbeing,10,3.4999999999999956,3.0123203803835428
1,3,Qwen/Qwen3-8B,unframed,altruistic,rule_executed_actions,10,222.8,4.638007234913626
1,3,Qwen/Qwen3-8B,unframed,altruistic,rule_executed_eat_proportion,10,0.14357009345794391,0.004336492473321277
1,3,Qwen/Qwen3-8B,unframed,altruistic,rule_executed_move_proportion,10,0.35631568016614745,0.04908872751067852
1,3,Qwen/Qwen3-8B,unframed,altruistic,rule_executed_throw_proportion,10,0.5001142263759086,0.04937337813346913
1,3,Qwen/Qwen3-8B,unframed,altruistic,rule_executed_unsuccessful_proportion,10,0.0,0.0
1,3,Qwen/Qwen3-8B,unframed,altruistic,rule_mean_berries_consumed,10,10.666666666666668,0.4969039949999534
1,3,Qwen/Qwen3-8B,unframed,altruistic,rule_mean_final_wellbeing,10,7.388888888888884,3.5263071689314094
1,3,Qwen/Qwen3-8B,unframed,altruistic,rule_successful_shares,10,111.4,11.037310461440425
1,3,Qwen/Qwen3-8B,unframed,altruistic,rule_survival_rate,10,0.8,0.28109134757052257
1,3,Qwen/Qwen3-8B,unframed,altruistic,rule_survivors,10,2.4,0.8432740427115677
1,3,Qwen/Qwen3-8B,unframed,altruistic,rule_total_final_wellbeing,10,22.16666666666665,10.578921506794229
1,3,Qwen/Qwen3-8B,unframed,altruistic,survival_rate,10,0.85,0.21081851067789192
1,3,Qwen/Qwen3-8B,unframed,altruistic,survivors,10,3.4,0.8432740427115677
1,3,Qwen/Qwen3-8B,unframed,altruistic,time_averaged_gini_wellbeing,10,0.4033203188226951,0.01738283267935922
1,3,Qwen/Qwen3-8B,unframed,altruistic,time_averaged_minimum_wellbeing,10,7.346222222222218,0.5242045904748426
1,3,Qwen/Qwen3-8B,unframed,altruistic,total_berries_consumed,10,54.6,3.864367132317183
1,3,Qwen/Qwen3-8B,unframed,altruistic,total_berries_thrown,10,111.5,10.9671225842414
1,3,Qwen/Qwen3-8B,unframed,altruistic,total_final_wellbeing,10,97.4166666666667,24.908629324288736
1,3,Qwen/Qwen3-8B,unframed,cooperative,episode_steps,10,75.0,0.0
1,3,Qwen/Qwen3-8B,unframed,cooperative,fallback_count,10,1.6,1.3498971154211057
1,3,Qwen/Qwen3-8B,unframed,cooperative,fallback_rate,10,0.021333333333333336,0.017998628205614747
1,3,Qwen/Qwen3-8B,unframed,cooperative,gini_berries_consumed,10,0.17493334874731867,0.057038107902345675
1,3,Qwen/Qwen3-8B,unframed,cooperative,gini_final_wellbeing,10,0.6023894732718263,0.13253049499061514
1,3,Qwen/Qwen3-8B,unframed,cooperative,llm_action_eat_proportion,10,0.2693333333333333,0.038129085492492824
1,3,Qwen/Qwen3-8B,unframed,cooperative,llm_action_move_proportion,10,0.72,0.03823255674241164
1,3,Qwen/Qwen3-8B,unframed,cooperative,llm_action_throw_proportion,10,0.009333333333333334,0.020893616486298946
1,3,Qwen/Qwen3-8B,unframed,cooperative,llm_action_unsuccessful_proportion,10,0.0013333333333333335,0.0042163702135578395
1,3,Qwen/Qwen3-8B,unframed,cooperative,llm_decisions,10,75.0,0.0
1,3,Qwen/Qwen3-8B,unframed,cooperative,llm_executed_actions,10,75.0,0.0
1,3,Qwen/Qwen3-8B,unframed,cooperative,llm_executed_eat_proportion,10,0.2693333333333333,0.038129085492492824
1,3,Qwen/Qwen3-8B,unframed,cooperative,llm_executed_move_proportion,10,0.72,0.03823255674241164
1,3,Qwen/Qwen3-8B,unframed,cooperative,llm_executed_throw_proportion,10,0.009333333333333334,0.020893616486298946
1,3,Qwen/Qwen3-8B,unframed,cooperative,llm_executed_unsuccessful_proportion,10,0.0013333333333333335,0.0042163702135578395
1,3,Qwen/Qwen3-8B,unframed,cooperative,llm_mean_berries_consumed,10,20.2,2.8596814119369625
1,3,Qwen/Qwen3-8B,unframed,cooperative,llm_mean_final_wellbeing,10,61.83333333333335,18.073922282301346
1,3,Qwen/Qwen3-8B,unframed,cooperative,llm_rule_survival_gap,10,0.4333333333333334,0.4458311699497529
1,3,Qwen/Qwen3-8B,unframed,cooperative,llm_rule_wellbeing_gap,10,56.77777777777781,18.30487877877443
1,3,Qwen/Qwen3-8B,unframed,cooperative,llm_successful_shares,10,0.7,1.5670212364724212
1,3,Qwen/Qwen3-8B,unframed,cooperative,llm_survival_rate,10,1.0,0.0
1,3,Qwen/Qwen3-8B,unframed,cooperative,llm_survivors,10,1.0,0.0
1,3,Qwen/Qwen3-8B,unframed,cooperative,llm_total_final_wellbeing,10,61.83333333333335,18.073922282301346
1,3,Qwen/Qwen3-8B,unframed,cooperative,mean_final_wellbeing,10,19.250000000000004,5.618737940977748
1,3,Qwen/Qwen3-8B,unframed,cooperative,minimum_berries_consumed,10,9.0,2.4037008503093262
1,3,Qwen/Qwen3-8B,unframed,cooperative,minimum_final_wellbeing,10,2.333333333333331,3.012320380383543
1,3,Qwen/Qwen3-8B,unframed,cooperative,rule_executed_actions,10,213.3,18.312412305440382
1,3,Qwen/Qwen3-8B,unframed,cooperative,rule_executed_eat_proportion,10,0.1380904957680337,0.009705066464835328
1,3,Qwen/Qwen3-8B,unframed,cooperative,rule_executed_move_proportion,10,0.4004264348384038,0.06090111973682551
1,3,Qwen/Qwen3-8B,unframed,cooperative,rule_executed_throw_proportion,10,0.4614830693935625,0.05797524752707483
1,3,Qwen/Qwen3-8B,unframed,cooperative,rule_executed_unsuccessful_proportion,10,0.0,0.0
1,3,Qwen/Qwen3-8B,unframed,cooperative,rule_mean_berries_consumed,10,9.866666666666667,1.441878062000741
1,3,Qwen/Qwen3-8B,unframed,cooperative,rule_mean_final_wellbeing,10,5.055555555555552,4.119694076833143
1,3,Qwen/Qwen3-8B,unframed,cooperative,rule_successful_shares,10,98.6,15.952707885775656
1,3,Qwen/Qwen3-8B,unframed,cooperative,rule_survival_rate,10,0.5666666666666667,0.44583116994975286
1,3,Qwen/Qwen3-8B,unframed,cooperative,rule_survivors,10,1.7,1.3374935098492586
1,3,Qwen/Qwen3-8B,unframed,cooperative,rule_total_final_wellbeing,10,15.166666666666654,12.359082230499428
1,3,Qwen/Qwen3-8B,unframed,cooperative,survival_rate,10,0.675,0.33437337746231466
1,3,Qwen/Qwen3-8B,unframed,cooperative,survivors,10,2.7,1.3374935098492586
1,3,Qwen/Qwen3-8B,unframed,cooperative,time_averaged_gini_wellbeing,10,0.39381143290896486,0.03634576882713332
1,3,Qwen/Qwen3-8B,unframed,cooperative,time_averaged_minimum_wellbeing,10,7.562888888888883,2.2832530519664536
1,3,Qwen/Qwen3-8B,unframed,cooperative,total_berries_consumed,10,49.8,5.977736472389305
1,3,Qwen/Qwen3-8B,unframed,cooperative,total_berries_thrown,10,99.3,16.36425644167461
1,3,Qwen/Qwen3-8B,unframed,cooperative,total_final_wellbeing,10,77.00000000000001,22.47495176391099
1,3,Qwen/Qwen3-8B,unframed,self_interested,episode_steps,10,75.0,0.0
1,3,Qwen/Qwen3-8B,unframed,self_interested,fallback_count,10,1.2,1.873795909674026
1,3,Qwen/Qwen3-8B,unframed,self_interested,fallback_rate,10,0.016,0.024983945462320353
1,3,Qwen/Qwen3-8B,unframed,self_interested,gini_berries_consumed,10,0.06657023903087145,0.01940656770101231
1,3,Qwen/Qwen3-8B,unframed,self_interested,gini_final_wellbeing,10,0.1670200497870331,0.08057999423090585
1,3,Qwen/Qwen3-8B,unframed,self_interested,llm_action_eat_proportion,10,0.24533333333333335,0.06477310827461931
1,3,Qwen/Qwen3-8B,unframed,self_interested,llm_action_move_proportion,10,0.7533333333333333,0.06718318425702657
1,3,Qwen/Qwen3-8B,unframed,self_interested,llm_action_throw_proportion,10,0.0,0.0
1,3,Qwen/Qwen3-8B,unframed,self_interested,llm_action_unsuccessful_proportion,10,0.0013333333333333335,0.0042163702135578395
1,3,Qwen/Qwen3-8B,unframed,self_interested,llm_decisions,10,75.0,0.0
1,3,Qwen/Qwen3-8B,unframed,self_interested,llm_executed_actions,10,75.0,0.0
1,3,Qwen/Qwen3-8B,unframed,self_interested,llm_executed_eat_proportion,10,0.24533333333333335,0.06477310827461931
1,3,Qwen/Qwen3-8B,unframed,self_interested,llm_executed_move_proportion,10,0.7533333333333333,0.06718318425702657
1,3,Qwen/Qwen3-8B,unframed,self_interested,llm_executed_throw_proportion,10,0.0,0.0
1,3,Qwen/Qwen3-8B,unframed,self_interested,llm_executed_unsuccessful_proportion,10,0.0013333333333333335,0.0042163702135578395
1,3,Qwen/Qwen3-8B,unframed,self_interested,llm_mean_berries_consumed,10,18.4,4.8579831205964465
1,3,Qwen/Qwen3-8B,unframed,self_interested,llm_mean_final_wellbeing,10,49.58333333333336,28.74228291490602
1,3,Qwen/Qwen3-8B,unframed,self_interested,llm_rule_survival_gap,10,0.03333333333333334,0.105409255338946
1,3,Qwen/Qwen3-8B,unframed,self_interested,llm_rule_wellbeing_gap,10,2.3333333333333637,24.8976643480124
1,3,Qwen/Qwen3-8B,unframed,self_interested,llm_successful_shares,10,0.0,0.0
1,3,Qwen/Qwen3-8B,unframed,self_interested,llm_survival_rate,10,1.0,0.0
1,3,Qwen/Qwen3-8B,unframed,self_interested,llm_survivors,10,1.0,0.0
1,3,Qwen/Qwen3-8B,unframed,self_interested,llm_total_final_wellbeing,10,49.58333333333336,28.74228291490602
1,3,Qwen/Qwen3-8B,unframed,self_interested,mean_final_wellbeing,10,47.83333333333333,18.21198264133799
1,3,Qwen/Qwen3-8B,unframed,self_interested,minimum_berries_consumed,10,15.3,3.1287200080686173
1,3,Qwen/Qwen3-8B,unframed,self_interested,minimum_final_wellbeing,10,31.49999999999996,18.69095641886342
1,3,Qwen/Qwen3-8B,unframed,self_interested,rule_executed_actions,10,225.0,0.0
1,3,Qwen/Qwen3-8B,unframed,self_interested,rule_executed_eat_proportion,10,0.24,0.04019158508518676
1,3,Qwen/Qwen3-8B,unframed,self_interested,rule_executed_move_proportion,10,0.76,0.04019158508518676
1,3,Qwen/Qwen3-8B,unframed,self_interested,rule_executed_throw_proportion,10,0.0,0.0
1,3,Qwen/Qwen3-8B,unframed,self_interested,rule_executed_unsuccessful_proportion,10,0.0,0.0
1,3,Qwen/Qwen3-8B,unframed,self_interested,rule_mean_berries_consumed,10,18.0,3.014368881389009
1,3,Qwen/Qwen3-8B,unframed,self_interested,rule_mean_final_wellbeing,10,47.249999999999986,17.93977598562109
1,3,Qwen/Qwen3-8B,unframed,self_interested,rule_successful_shares,10,0.0,0.0
1,3,Qwen/Qwen3-8B,unframed,self_interested,rule_survival_rate,10,0.9666666666666666,0.105409255338946
1,3,Qwen/Qwen3-8B,unframed,self_interested,rule_survivors,10,2.9,0.316227766016838
1,3,Qwen/Qwen3-8B,unframed,self_interested,rule_total_final_wellbeing,10,141.74999999999994,53.819327956863276
1,3,Qwen/Qwen3-8B,unframed,self_interested,survival_rate,10,0.975,0.0790569415042095
1,3,Qwen/Qwen3-8B,unframed,self_interested,survivors,10,3.9,0.316227766016838
1,3,Qwen/Qwen3-8B,unframed,self_interested,time_averaged_gini_wellbeing,10,0.10073306155905144,0.0215034704837448
1,3,Qwen/Qwen3-8B,unframed,self_interested,time_averaged_minimum_wellbeing,10,32.18555555555554,8.750332229632416
1,3,Qwen/Qwen3-8B,unframed,self_interested,total_berries_consumed,10,72.4,12.312595177297109
1,3,Qwen/Qwen3-8B,unframed,self_interested,total_berries_thrown,10,0.0,0.0
1,3,Qwen/Qwen3-8B,unframed,self_interested,total_final_wellbeing,10,191.33333333333331,72.84793056535196
2,2,Qwen/Qwen3-8B,altruistic,altruistic,episode_steps,10,75.0,0.0
2,2,Qwen/Qwen3-8B,altruistic,altruistic,fallback_count,10,1.2,0.7888106377466155
2,2,Qwen/Qwen3-8B,altruistic,altruistic,fallback_rate,10,0.008,0.0052587375849774375
2,2,Qwen/Qwen3-8B,altruistic,altruistic,gini_berries_consumed,10,0.0034108527131782944,0.0071930298974648334
2,2,Qwen/Qwen3-8B,altruistic,altruistic,gini_final_wellbeing,10,0.14327380952380964,0.07533521396625148
2,2,Qwen/Qwen3-8B,altruistic,altruistic,llm_action_eat_proportion,10,0.14733333333333334,0.0021081851067789137
2,2,Qwen/Qwen3-8B,altruistic,altruistic,llm_action_move_proportion,10,0.262,0.054889338729600674
2,2,Qwen/Qwen3-8B,altruistic,altruistic,llm_action_throw_proportion,10,0.5773333333333334,0.05251219728974907
2,2,Qwen/Qwen3-8B,altruistic,altruistic,llm_action_unsuccessful_proportion,10,0.013333333333333332,0.004444444444444444
2,2,Qwen/Qwen3-8B,altruistic,altruistic,llm_decisions,10,150.0,0.0
2,2,Qwen/Qwen3-8B,altruistic,altruistic,llm_executed_actions,10,150.0,0.0
2,2,Qwen/Qwen3-8B,altruistic,altruistic,llm_executed_eat_proportion,10,0.14733333333333334,0.0021081851067789137
2,2,Qwen/Qwen3-8B,altruistic,altruistic,llm_executed_move_proportion,10,0.262,0.054889338729600674
2,2,Qwen/Qwen3-8B,altruistic,altruistic,llm_executed_throw_proportion,10,0.5773333333333334,0.05251219728974907
2,2,Qwen/Qwen3-8B,altruistic,altruistic,llm_executed_unsuccessful_proportion,10,0.013333333333333332,0.004444444444444444
2,2,Qwen/Qwen3-8B,altruistic,altruistic,llm_mean_berries_consumed,10,11.05,0.15811388300841886
2,2,Qwen/Qwen3-8B,altruistic,altruistic,llm_mean_final_wellbeing,10,9.916666666666659,2.4595492912420736
2,2,Qwen/Qwen3-8B,altruistic,altruistic,llm_rule_survival_gap,10,0.05,0.15811388300841897
2,2,Qwen/Qwen3-8B,altruistic,altruistic,llm_rule_wellbeing_gap,10,0.8749999999999982,3.6506912080175034
2,2,Qwen/Qwen3-8B,altruistic,altruistic,llm_successful_shares,10,86.6,7.876829593462363
2,2,Qwen/Qwen3-8B,altruistic,altruistic,llm_survival_rate,10,1.0,0.0
2,2,Qwen/Qwen3-8B,altruistic,altruistic,llm_survivors,10,2.0,0.0
2,2,Qwen/Qwen3-8B,altruistic,altruistic,llm_total_final_wellbeing,10,19.833333333333318,4.919098582484147
2,2,Qwen/Qwen3-8B,altruistic,altruistic,mean_final_wellbeing,10,9.47916666666666,2.200961665519511
2,2,Qwen/Qwen3-8B,altruistic,altruistic,minimum_berries_consumed,10,10.9,0.31622776601683794
2,2,Qwen/Qwen3-8B,altruistic,altruistic,minimum_final_wellbeing,10,5.833333333333327,2.749859704614349
2,2,Qwen/Qwen3-8B,altruistic,altruistic,rule_executed_actions,10,150.0,0.0
2,2,Qwen/Qwen3-8B,altruistic,altruistic,rule_executed_eat_proportion,10,0.146,0.0021081851067789163
2,2,Qwen/Qwen3-8B,altruistic,altruistic,rule_executed_move_proportion,10,0.29533333333333334,0.05333796276204163
2,2,Qwen/Qwen3-8B,altruistic,altruistic,rule_executed_throw_proportion,10,0.5586666666666666,0.0520018993005467
2,2,Qwen/Qwen3-8B,altruistic,altruistic,rule_executed_unsuccessful_proportion,10,0.0,0.0
2,2,Qwen/Qwen3-8B,altruistic,altruistic,rule_mean_berries_consumed,10,10.95,0.15811388300841897
2,2,Qwen/Qwen3-8B,altruistic,altruistic,rule_mean_final_wellbeing,10,9.04166666666666,3.2098060592926174
2,2,Qwen/Qwen3-8B,altruistic,altruistic,rule_successful_shares,10,83.8,7.800284895082003
2,2,Qwen/Qwen3-8B,altruistic,altruistic,rule_survival_rate,10,0.95,0.15811388300841897
2,2,Qwen/Qwen3-8B,altruistic,altruistic,rule_survivors,10,1.9,0.31622776601683794
2,2,Qwen/Qwen3-8B,altruistic,altruistic,rule_total_final_wellbeing,10,18.08333333333332,6.419612118585235
2,2,Qwen/Qwen3-8B,altruistic,altruistic,survival_rate,10,0.975,0.07905694150420949
2,2,Qwen/Qwen3-8B,altruistic,altruistic,survivors,10,3.9,0.31622776601683794
2,2,Qwen/Qwen3-8B,altruistic,altruistic,time_averaged_gini_wellbeing,10,0.11807243873235992,0.009909490375321947
2,2,Qwen/Qwen3-8B,altruistic,altruistic,time_averaged_minimum_wellbeing,10,7.592222222222216,0.35253539841136333
2,2,Qwen/Qwen3-8B,altruistic,altruistic,total_berries_consumed,10,44.0,0.4714045207910314
2,2,Qwen/Qwen3-8B,altruistic,altruistic,total_berries_thrown,10,170.4,14.61506072515609
2,2,Qwen/Qwen3-8B,altruistic,altruistic,total_final_wellbeing,10,37.91666666666664,8.803846662078044
2,2,Qwen/Qwen3-8B,altruistic,cooperative,episode_steps,10,75.0,0.0
2,2,Qwen/Qwen3-8B,altruistic,cooperative,fallback_count,10,2.8,2.0976176963403033
2,2,Qwen/Qwen3-8B,altruistic,cooperative,fallback_rate,10,0.01875187969924812,0.013905244357049876
2,2,Qwen/Qwen3-8B,altruistic,cooperative,gini_berries_consumed,10,0.01711294330551279,0.02703738948751754
2,2,Qwen/Qwen3-8B,altruistic,cooperative,gini_final_wellbeing,10,0.21464285714285727,0.13201355750482355
2,2,Qwen/Qwen3-8B,altruistic,cooperative,llm_action_eat_proportion,10,0.14420050125313283,0.005220567354244302
2,2,Qwen/Qwen3-8B,altruistic,cooperative,llm_action_move_proportion,10,0.33492731829573935,0.05193884891412325
2,2,Qwen/Qwen3-8B,altruistic,cooperative,llm_action_throw_proportion,10,0.5095388471177944,0.05175389468865996
2,2,Qwen/Qwen3-8B,altruistic,cooperative,llm_action_unsuccessful_proportion,10,0.011333333333333334,0.00632455532033676
2,2,Qwen/Qwen3-8B,altruistic,cooperative,llm_decisions,10,148.3,5.375872022286244
2,2,Qwen/Qwen3-8B,altruistic,cooperative,llm_executed_actions,10,148.3,5.375872022286244
2,2,Qwen/Qwen3-8B,altruistic,cooperative,llm_executed_eat_proportion,10,0.14420050125313283,0.005220567354244302
2,2,Qwen/Qwen3-8B,altruistic,cooperative,llm_executed_move_proportion,10,0.33492731829573935,0.05193884891412325
2,2,Qwen/Qwen3-8B,altruistic,cooperative,llm_executed_throw_proportion,10,0.5095388471177944,0.05175389468865996
2,2,Qwen/Qwen3-8B,altruistic,cooperative,llm_executed_unsuccessful_proportion,10,0.011333333333333334,0.00632455532033676
2,2,Qwen/Qwen3-8B,altruistic,cooperative,llm_mean_berries_consumed,10,10.7,0.6749485577105531
2,2,Qwen/Qwen3-8B,altruistic,cooperative,llm_mean_final_wellbeing,10,7.29166666666666,3.150360061726041
2,2,Qwen/Qwen3-8B,altruistic,cooperative,llm_rule_survival_gap,10,-0.05,0.43779751788545657
2,2,Qwen/Qwen3-8B,altruistic,cooperative,llm_rule_wellbeing_gap,10,-0.29166666666666696,4.226651550971917
2,2,Qwen/Qwen3-8B,altruistic,cooperative,llm_successful_shares,10,75.6,8.540101482613267
2,2,Qwen/Qwen3-8B,altruistic,cooperative,llm_survival_rate,10,0.85,0.3374742788552764
2,2,Qwen/Qwen3-8B,altruistic,cooperative,llm_survivors,10,1.7,0.6749485577105528
2,2,Qwen/Qwen3-8B,altruistic,cooperative,llm_total_final_wellbeing,10,14.58333333333332,6.300720123452082
2,2,Qwen/Qwen3-8B,altruistic,cooperative,mean_final_wellbeing,10,7.437499999999995,2.521225482200821
2,2,Qwen/Qwen3-8B,altruistic,cooperative,minimum_berries_consumed,10,10.1,1.4491376746189442
2,2,Qwen/Qwen3-8B,altruistic,cooperative,minimum_final_wellbeing,10,3.4999999999999956,3.0123203803835423
2,2,Qwen/Qwen3-8B,altruistic,cooperative,rule_executed_actions,10,148.9,3.4785054261852184
2,2,Qwen/Qwen3-8B,altruistic,cooperative,rule_executed_eat_proportion,10,0.14500239808153476,0.0035942470078728335
2,2,Qwen/Qwen3-8B,altruistic,cooperative,rule_executed_move_proportion,10,0.3882014388489209,0.05038232778576719
2,2,Qwen/Qwen3-8B,altruistic,cooperative,rule_executed_throw_proportion,10,0.46679616306954436,0.048533231489384654
2,2,Qwen/Qwen3-8B,altruistic,cooperative,rule_executed_unsuccessful_proportion,10,0.0,0.0
2,2,Qwen/Qwen3-8B,altruistic,cooperative,rule_mean_berries_consumed,10,10.8,0.4830458915396481
2,2,Qwen/Qwen3-8B,altruistic,cooperative,rule_mean_final_wellbeing,10,7.583333333333327,3.4235477231003615
2,2,Qwen/Qwen3-8B,altruistic,cooperative,rule_successful_shares,10,69.6,8.167687011088947
2,2,Qwen/Qwen3-8B,altruistic,cooperative,rule_survival_rate,10,0.9,0.21081851067789195
2,2,Qwen/Qwen3-8B,altruistic,cooperative,rule_survivors,10,1.8,0.4216370213557839
2,2,Qwen/Qwen3-8B,altruistic,cooperative,rule_total_final_wellbeing,10,15.166666666666654,6.847095446200723
2,2,Qwen/Qwen3-8B,altruistic,cooperative,survival_rate,10,0.875,0.1767766952966369
2,2,Qwen/Qwen3-8B,altruistic,cooperative,survivors,10,3.5,0.7071067811865476
2,2,Qwen/Qwen3-8B,altruistic,cooperative,time_averaged_gini_wellbeing,10,0.13569972492728732,0.021606513315478228
2,2,Qwen/Qwen3-8B,altruistic,cooperative,time_averaged_minimum_wellbeing,10,6.9891111111111055,0.8601543549871102
2,2,Qwen/Qwen3-8B,altruistic,cooperative,total_berries_consumed,10,43.0,1.4907119849998598
2,2,Qwen/Qwen3-8B,altruistic,cooperative,total_berries_thrown,10,145.2,16.38291793301791
2,2,Qwen/Qwen3-8B,altruistic,cooperative,total_final_wellbeing,10,29.74999999999998,10.084901928803284
2,2,Qwen/Qwen3-8B,altruistic,self_interested,episode_steps,10,75.0,0.0
2,2,Qwen/Qwen3-8B,altruistic,self_interested,fallback_count,10,1.9,1.5951314818673865
2,2,Qwen/Qwen3-8B,altruistic,self_interested,fallback_rate,10,0.01381911299989103,0.012492966723825917
2,2,Qwen/Qwen3-8B,altruistic,self_interested,gini_berries_consumed,10,0.19713385592192023,0.044065585447380554
2,2,Qwen/Qwen3-8B,altruistic,self_interested,gini_final_wellbeing,10,0.46199335227599364,0.046577024855593833
2,2,Qwen/Qwen3-8B,altruistic,self_interested,llm_action_eat_proportion,10,0.14016751774488695,0.007724191080956783
2,2,Qwen/Qwen3-8B,altruistic,self_interested,llm_action_move_proportion,10,0.37580188101438006,0.09261846388645179
2,2,Qwen/Qwen3-8B,altruistic,self_interested,llm_action_throw_proportion,10,0.4724186403039082,0.0871356449547191
2,2,Qwen/Qwen3-8B,altruistic,self_interested,llm_action_unsuccessful_proportion,10,0.01161196093682482,0.006732812121968665
2,2,Qwen/Qwen3-8B,altruistic,self_interested,llm_decisions,10,144.3,11.614645926587688
2,2,Qwen/Qwen3-8B,altruistic,self_interested,llm_executed_actions,10,144.3,11.614645926587688
2,2,Qwen/Qwen3-8B,altruistic,self_interested,llm_executed_eat_proportion,10,0.14016751774488695,0.007724191080956783
2,2,Qwen/Qwen3-8B,altruistic,self_interested,llm_executed_move_proportion,10,0.37580188101438006,0.09261846388645179
2,2,Qwen/Qwen3-8B,altruistic,self_interested,llm_executed_throw_proportion,10,0.4724186403039082,0.0871356449547191
2,2,Qwen/Qwen3-8B,altruistic,self_interested,llm_executed_unsuccessful_proportion,10,0.01161196093682482,0.006732812121968665
2,2,Qwen/Qwen3-8B,altruistic,self_interested,llm_mean_berries_consumed,10,10.15,1.2703892666773002
2,2,Qwen/Qwen3-8B,altruistic,self_interested,llm_mean_final_wellbeing,10,4.958333333333329,3.6506912080175016
2,2,Qwen/Qwen3-8B,altruistic,self_interested,llm_rule_survival_gap,10,-0.35,0.3374742788552764
2,2,Qwen/Qwen3-8B,altruistic,self_interested,llm_rule_wellbeing_gap,10,-66.79166666666671,17.47026795288732
2,2,Qwen/Qwen3-8B,altruistic,self_interested,llm_successful_shares,10,68.7,15.734251385644846
2,2,Qwen/Qwen3-8B,altruistic,self_interested,llm_survival_rate,10,0.65,0.3374742788552764
2,2,Qwen/Qwen3-8B,altruistic,self_interested,llm_survivors,10,1.3,0.6749485577105528
2,2,Qwen/Qwen3-8B,altruistic,self_interested,llm_total_final_wellbeing,10,9.916666666666657,7.301382416035003
2,2,Qwen/Qwen3-8B,altruistic,self_interested,mean_final_wellbeing,10,38.354166666666686,9.98718797315399
2,2,Qwen/Qwen3-8B,altruistic,self_interested,minimum_berries_consumed,10,9.4,2.2705848487901865
2,2,Qwen/Qwen3-8B,altruistic,self_interested,minimum_final_wellbeing,10,2.9166666666666634,4.124789556921524
2,2,Qwen/Qwen3-8B,altruistic,self_interested,rule_executed_actions,10,150.0,0.0
2,2,Qwen/Qwen3-8B,altruistic,self_interested,rule_executed_eat_proportion,10,0.29533333333333334,0.042286500779186595
2,2,Qwen/Qwen3-8B,altruistic,self_interested,rule_executed_move_proportion,10,0.7046666666666667,0.042286500779186574
2,2,Qwen/Qwen3-8B,altruistic,self_interested,rule_executed_throw_proportion,10,0.0,0.0
2,2,Qwen/Qwen3-8B,altruistic,self_interested,rule_executed_unsuccessful_proportion,10,0.0,0.0
2,2,Qwen/Qwen3-8B,altruistic,self_interested,rule_mean_berries_consumed,10,22.15,3.1714875584389945
2,2,Qwen/Qwen3-8B,altruistic,self_interested,rule_mean_final_wellbeing,10,71.75000000000004,18.405581547421093
2,2,Qwen/Qwen3-8B,altruistic,self_interested,rule_successful_shares,10,0.0,0.0
2,2,Qwen/Qwen3-8B,altruistic,self_interested,rule_survival_rate,10,1.0,0.0
2,2,Qwen/Qwen3-8B,altruistic,self_interested,rule_survivors,10,2.0,0.0
2,2,Qwen/Qwen3-8B,altruistic,self_interested,rule_total_final_wellbeing,10,143.50000000000009,36.811163094842186
2,2,Qwen/Qwen3-8B,altruistic,self_interested,survival_rate,10,0.825,0.16873713942763827
2,2,Qwen/Qwen3-8B,altruistic,self_interested,survivors,10,3.3,0.6749485577105531
2,2,Qwen/Qwen3-8B,altruistic,self_interested,time_averaged_gini_wellbeing,10,0.34431073022750336,0.026309259956331908
2,2,Qwen/Qwen3-8B,altruistic,self_interested,time_averaged_minimum_wellbeing,10,7.951555555555549,1.830223565316482
2,2,Qwen/Qwen3-8B,altruistic,self_interested,total_berries_consumed,10,64.6,7.618690467819548
2,2,Qwen/Qwen3-8B,altruistic,self_interested,total_berries_thrown,10,68.7,15.734251385644846
2,2,Qwen/Qwen3-8B,altruistic,self_interested,total_final_wellbeing,10,153.41666666666674,39.94875189261596
2,2,Qwen/Qwen3-8B,cooperative,altruistic,episode_steps,10,75.0,0.0
2,2,Qwen/Qwen3-8B,cooperative,altruistic,fallback_count,10,1.1,1.1972189997378648
2,2,Qwen/Qwen3-8B,cooperative,altruistic,fallback_rate,10,0.0073563218390804595,0.007979657346786092
2,2,Qwen/Qwen3-8B,cooperative,altruistic,gini_berries_consumed,10,0.0053156146179402,0.01200542059470371
2,2,Qwen/Qwen3-8B,cooperative,altruistic,gini_final_wellbeing,10,0.17410714285714296,0.08459050297462255
2,2,Qwen/Qwen3-8B,cooperative,altruistic,llm_action_eat_proportion,10,0.1451264367816092,0.0032835047858573462
2,2,Qwen/Qwen3-8B,cooperative,altruistic,llm_action_move_proportion,10,0.30924137931034484,0.05378369327479674
2,2,Qwen/Qwen3-8B,cooperative,altruistic,llm_action_throw_proportion,10,0.5302758620689655,0.051277372369048224
2,2,Qwen/Qwen3-8B,cooperative,altruistic,llm_action_unsuccessful_proportion,10,0.01535632183908046,0.006289876240578822
2,2,Qwen/Qwen3-8B,cooperative,altruistic,llm_decisions,10,149.5,1.581138830084189
2,2,Qwen/Qwen3-8B,cooperative,altruistic,llm_executed_actions,10,149.5,1.581138830084189
2,2,Qwen/Qwen3-8B,cooperative,altruistic,llm_executed_eat_proportion,10,0.1451264367816092,0.0032835047858573462
2,2,Qwen/Qwen3-8B,cooperative,altruistic,llm_executed_move_proportion,10,0.30924137931034484,0.05378369327479674
2,2,Qwen/Qwen3-8B,cooperative,altruistic,llm_executed_throw_proportion,10,0.5302758620689655,0.051277372369048224
2,2,Qwen/Qwen3-8B,cooperative,altruistic,llm_executed_unsuccessful_proportion,10,0.01535632183908046,0.006289876240578822
2,2,Qwen/Qwen3-8B,cooperative,altruistic,llm_mean_berries_consumed,10,10.85,0.3374742788552764
2,2,Qwen/Qwen3-8B,cooperative,altruistic,llm_mean_final_wellbeing,10,8.458333333333325,3.2098060592926165
2,2,Qwen/Qwen3-8B,cooperative,altruistic,llm_rule_survival_gap,10,-0.1,0.21081851067789195
2,2,Qwen/Qwen3-8B,cooperative,altruistic,llm_rule_wellbeing_gap,10,-0.8750000000000009,3.3818802754578496
2,2,Qwen/Qwen3-8B,cooperative,altruistic,llm_successful_shares,10,79.3,7.972870666621068
2,2,Qwen/Qwen3-8B,cooperative,altruistic,llm_survival_rate,10,0.9,0.21081851067789195
2,2,Qwen/Qwen3-8B,cooperative,altruistic,llm_survivors,10,1.8,0.4216370213557839
2,2,Qwen/Qwen3-8B,cooperative,altruistic,llm_total_final_wellbeing,10,16.91666666666665,6.419612118585233
2,2,Qwen/Qwen3-8B,cooperative,altruistic,mean_final_wellbeing,10,8.895833333333325,2.2223307265177006
2,2,Qwen/Qwen3-8B,cooperative,altruistic,minimum_berries_consumed,10,10.7,0.6749485577105531
2,2,Qwen/Qwen3-8B,cooperative,altruistic,minimum_final_wellbeing,10,4.666666666666661,2.459549291242069
2,2,Qwen/Qwen3-8B,cooperative,altruistic,rule_executed_actions,10,150.0,0.0
2,2,Qwen/Qwen3-8B,cooperative,altruistic,rule_executed_eat_proportion,10,0.14666666666666667,0.0
2,2,Qwen/Qwen3-8B,cooperative,altruistic,rule_executed_move_proportion,10,0.37,0.0671280331866365
2,2,Qwen/Qwen3-8B,cooperative,altruistic,rule_executed_throw_proportion,10,0.4833333333333333,0.06712803318663649
2,2,Qwen/Qwen3-8B,cooperative,altruistic,rule_executed_unsuccessful_proportion,10,0.0,0.0
2,2,Qwen/Qwen3-8B,cooperative,altruistic,rule_mean_berries_consumed,10,11.0,0.0
2,2,Qwen/Qwen3-8B,cooperative,altruistic,rule_mean_final_wellbeing,10,9.333333333333325,2.300697693427629
2,2,Qwen/Qwen3-8B,cooperative,altruistic,rule_successful_shares,10,72.5,10.069204977995478
2,2,Qwen/Qwen3-8B,cooperative,altruistic,rule_survival_rate,10,1.0,0.0
2,2,Qwen/Qwen3-8B,cooperative,altruistic,rule_survivors,10,2.0,0.0
2,2,Qwen/Qwen3-8B,cooperative,altruistic,rule_total_final_wellbeing,10,18.66666666666665,4.601395386855258
2,2,Qwen/Qwen3-8B,cooperative,altruistic,survival_rate,10,0.95,0.10540925533894596
2,2,Qwen/Qwen3-8B,cooperative,altruistic,survivors,10,3.8,0.42163702135578385
2,2,Qwen/Qwen3-8B,cooperative,altruistic,time_averaged_gini_wellbeing,10,0.12297732009760812,0.010387568490933956
2,2,Qwen/Qwen3-8B,cooperative,altruistic,time_averaged_minimum_wellbeing,10,7.097777777777772,0.5307499159218297
2,2,Qwen/Qwen3-8B,cooperative,altruistic,total_berries_consumed,10,43.7,0.6749485577105531
2,2,Qwen/Qwen3-8B,cooperative,altruistic,total_berries_thrown,10,151.8,17.567647031467313
2,2,Qwen/Qwen3-8B,cooperative,altruistic,total_final_wellbeing,10,35.5833333333333,8.889322906070802
2,2,Qwen/Qwen3-8B,cooperative,cooperative,episode_steps,10,75.0,0.0
2,2,Qwen/Qwen3-8B,cooperative,cooperative,fallback_count,10,1.5,1.35400640077266
2,2,Qwen/Qwen3-8B,cooperative,cooperative,fallback_rate,10,0.01,0.009026709338484401
2,2,Qwen/Qwen3-8B,cooperative,cooperative,gini_berries_consumed,10,0.0017441860465116279,0.0055156005700611275
2,2,Qwen/Qwen3-8B,cooperative,cooperative,gini_final_wellbeing,10,0.15630952380952395,0.044972066580120304
2,2,Qwen/Qwen3-8B,cooperative,cooperative,llm_action_eat_proportion,10,0.14666666666666667,0.0
2,2,Qwen/Qwen3-8B,cooperative,cooperative,llm_action_move_proportion,10,0.2966666666666667,0.037350525142159134
2,2,Qwen/Qwen3-8B,cooperative,cooperative,llm_action_throw_proportion,10,0.5406666666666667,0.037640272627290985
2,2,Qwen/Qwen3-8B,cooperative,cooperative,llm_action_unsuccessful_proportion,10,0.016,0.004661372658534007
2,2,Qwen/Qwen3-8B,cooperative,cooperative,llm_decisions,10,150.0,0.0
2,2,Qwen/Qwen3-8B,cooperative,cooperative,llm_executed_actions,10,150.0,0.0
2,2,Qwen/Qwen3-8B,cooperative,cooperative,llm_executed_eat_proportion,10,0.14666666666666667,0.0
2,2,Qwen/Qwen3-8B,cooperative,cooperative,llm_executed_move_proportion,10,0.2966666666666667,0.037350525142159134
2,2,Qwen/Qwen3-8B,cooperative,cooperative,llm_executed_throw_proportion,10,0.5406666666666667,0.037640272627290985
2,2,Qwen/Qwen3-8B,cooperative,cooperative,llm_executed_unsuccessful_proportion,10,0.016,0.004661372658534007
2,2,Qwen/Qwen3-8B,cooperative,cooperative,llm_mean_berries_consumed,10,11.0,0.0
2,2,Qwen/Qwen3-8B,cooperative,cooperative,llm_mean_final_wellbeing,10,9.624999999999991,3.0897705576248575
2,2,Qwen/Qwen3-8B,cooperative,cooperative,llm_rule_survival_gap,10,0.05,0.15811388300841897
2,2,Qwen/Qwen3-8B,cooperative,cooperative,llm_rule_wellbeing_gap,10,1.4583333333333308,3.4373246307679386
2,2,Qwen/Qwen3-8B,cooperative,cooperative,llm_successful_shares,10,81.1,5.646040894093645
2,2,Qwen/Qwen3-8B,cooperative,cooperative,llm_survival_rate,10,1.0,0.0
2,2,Qwen/Qwen3-8B,cooperative,cooperative,llm_survivors,10,2.0,0.0
2,2,Qwen/Qwen3-8B,cooperative,cooperative,llm_total_final_wellbeing,10,19.249999999999982,6.179541115249715
2,2,Qwen/Qwen3-8B,cooperative,cooperative,mean_final_wellbeing,10,8.895833333333325,2.3262334110566045
2,2,Qwen/Qwen3-8B,cooperative,cooperative,minimum_berries_consumed,10,10.9,0.31622776601683783
2,2,Qwen/Qwen3-8B,cooperative,cooperative,minimum_final_wellbeing,10,5.249999999999994,1.8446619684315524
2,2,Qwen/Qwen3-8B,cooperative,cooperative,rule_executed_actions,10,150.0,0.0
2,2,Qwen/Qwen3-8B,cooperative,cooperative,rule_executed_eat_proportion,10,0.146,0.002108185106778917
2,2,Qwen/Qwen3-8B,cooperative,cooperative,rule_executed_move_proportion,10,0.34933333333333333,0.056147952701702225
2,2,Qwen/Qwen3-8B,cooperative,cooperative,rule_executed_throw_proportion,10,0.5046666666666667,0.05569316291127419
2,2,Qwen/Qwen3-8B,cooperative,cooperative,rule_executed_unsuccessful_proportion,10,0.0,0.0
2,2,Qwen/Qwen3-8B,cooperative,cooperative,rule_mean_berries_consumed,10,10.95,0.15811388300841886
2,2,Qwen/Qwen3-8B,cooperative,cooperative,rule_mean_final_wellbeing,10,8.16666666666666,2.68023170179532
2,2,Qwen/Qwen3-8B,cooperative,cooperative,rule_successful_shares,10,75.7,8.35397443669113
2,2,Qwen/Qwen3-8B,cooperative,cooperative,rule_survival_rate,10,0.95,0.15811388300841897
2,2,Qwen/Qwen3-8B,cooperative,cooperative,rule_survivors,10,1.9,0.31622776601683794
2,2,Qwen/Qwen3-8B,cooperative,cooperative,rule_total_final_wellbeing,10,16.33333333333332,5.36046340359064
2,2,Qwen/Qwen3-8B,cooperative,cooperative,survival_rate,10,0.975,0.07905694150420951
2,2,Qwen/Qwen3-8B,cooperative,cooperative,survivors,10,3.9,0.31622776601683805
2,2,Qwen/Qwen3-8B,cooperative,cooperative,time_averaged_gini_wellbeing,10,0.11672456321617966,0.007250669779572263
2,2,Qwen/Qwen3-8B,cooperative,cooperative,time_averaged_minimum_wellbeing,10,7.413333333333327,0.6288840901967596
2,2,Qwen/Qwen3-8B,cooperative,cooperative,total_berries_consumed,10,43.9,0.3162277660168387
2,2,Qwen/Qwen3-8B,cooperative,cooperative,total_berries_thrown,10,156.8,13.147031773158702
2,2,Qwen/Qwen3-8B,cooperative,cooperative,total_final_wellbeing,10,35.5833333333333,9.304933644226418
2,2,Qwen/Qwen3-8B,cooperative,self_interested,episode_steps,10,75.0,0.0
2,2,Qwen/Qwen3-8B,cooperative,self_interested,fallback_count,10,1.0,1.0540925533894598
2,2,Qwen/Qwen3-8B,cooperative,self_interested,fallback_rate,10,0.007305785123966943,0.008122075111377691
2,2,Qwen/Qwen3-8B,cooperative,self_interested,gini_berries_consumed,10,0.2217401548638152,0.06548864584719123
2,2,Qwen/Qwen3-8B,cooperative,self_interested,gini_final_wellbeing,10,0.43832700387847473,0.0561746495583463
2,2,Qwen/Qwen3-8B,cooperative,self_interested,llm_action_eat_proportion,10,0.13987558459862898,0.015643272727593242
2,2,Qwen/Qwen3-8B,cooperative,self_interested,llm_action_move_proportion,10,0.347271189698251,0.0950203363564898
2,2,Qwen/Qwen3-8B,cooperative,self_interested,llm_action_throw_proportion,10,0.5041314626177205,0.09336784189848424
2,2,Qwen/Qwen3-8B,cooperative,self_interested,llm_action_unsuccessful_proportion,10,0.008721763085399448,0.0046760997035359035
2,2,Qwen/Qwen3-8B,cooperative,self_interested,llm_decisions,10,133.8,22.98211865293924
2,2,Qwen/Qwen3-8B,cooperative,self_interested,llm_executed_actions,10,133.8,22.98211865293924
2,2,Qwen/Qwen3-8B,cooperative,self_interested,llm_executed_eat_proportion,10,0.13987558459862898,0.015643272727593242
2,2,Qwen/Qwen3-8B,cooperative,self_interested,llm_executed_move_proportion,10,0.347271189698251,0.0950203363564898
2,2,Qwen/Qwen3-8B,cooperative,self_interested,llm_executed_throw_proportion,10,0.5041314626177205,0.09336784189848424
2,2,Qwen/Qwen3-8B,cooperative,self_interested,llm_executed_unsuccessful_proportion,10,0.008721763085399448,0.0046760997035359035
2,2,Qwen/Qwen3-8B,cooperative,self_interested,llm_mean_berries_consumed,10,9.5,2.3687784005919825
2,2,Qwen/Qwen3-8B,cooperative,self_interested,llm_mean_final_wellbeing,10,7.291666666666648,4.401923331039014
2,2,Qwen/Qwen3-8B,cooperative,self_interested,llm_rule_survival_gap,10,-0.3,0.42163702135578396
2,2,Qwen/Qwen3-8B,cooperative,self_interested,llm_rule_wellbeing_gap,10,-67.66666666666674,17.435064711135535
2,2,Qwen/Qwen3-8B,cooperative,self_interested,llm_successful_shares,10,68.4,20.59233946020812
2,2,Qwen/Qwen3-8B,cooperative,self_interested,llm_survival_rate,10,0.7,0.4216370213557839
2,2,Qwen/Qwen3-8B,cooperative,self_interested,llm_survivors,10,1.4,0.8432740427115678
2,2,Qwen/Qwen3-8B,cooperative,self_interested,llm_total_final_wellbeing,10,14.583333333333297,8.803846662078028
2,2,Qwen/Qwen3-8B,cooperative,self_interested,mean_final_wellbeing,10,41.12500000000002,9.320158525383144
2,2,Qwen/Qwen3-8B,cooperative,self_interested,minimum_berries_consumed,10,8.6,3.1340424729448424
2,2,Qwen/Qwen3-8B,cooperative,self_interested,minimum_final_wellbeing,10,4.083333333333319,3.9371999199782146
2,2,Qwen/Qwen3-8B,cooperative,self_interested,rule_executed_actions,10,150.0,0.0
2,2,Qwen/Qwen3-8B,cooperative,self_interested,rule_executed_eat_proportion,10,0.30133333333333334,0.040344198108125215
2,2,Qwen/Qwen3-8B,cooperative,self_interested,rule_executed_move_proportion,10,0.6986666666666667,0.04034419810812522
2,2,Qwen/Qwen3-8B,cooperative,self_interested,rule_executed_throw_proportion,10,0.0,0.0
2,2,Qwen/Qwen3-8B,cooperative,self_interested,rule_executed_unsuccessful_proportion,10,0.0,0.0
2,2,Qwen/Qwen3-8B,cooperative,self_interested,rule_mean_berries_consumed,10,22.6,3.0258148581093915
2,2,Qwen/Qwen3-8B,cooperative,self_interested,rule_mean_final_wellbeing,10,74.9583333333334,17.5027004089352
2,2,Qwen/Qwen3-8B,cooperative,self_interested,rule_successful_shares,10,0.0,0.0
2,2,Qwen/Qwen3-8B,cooperative,self_interested,rule_survival_rate,10,1.0,0.0
2,2,Qwen/Qwen3-8B,cooperative,self_interested,rule_survivors,10,2.0,0.0
2,2,Qwen/Qwen3-8B,cooperative,self_interested,rule_total_final_wellbeing,10,149.9166666666668,35.0054008178704
2,2,Qwen/Qwen3-8B,cooperative,self_interested,survival_rate,10,0.85,0.21081851067789198
2,2,Qwen/Qwen3-8B,cooperative,self_interested,survivors,10,3.4,0.8432740427115679
2,2,Qwen/Qwen3-8B,cooperative,self_interested,time_averaged_gini_wellbeing,10,0.3332351644209889,0.041018693135159004
2,2,Qwen/Qwen3-8B,cooperative,self_interested,time_averaged_minimum_wellbeing,10,8.413111111111098,2.8818625759604672
2,2,Qwen/Qwen3-8B,cooperative,self_interested,total_berries_consumed,10,64.2,8.443274772793368
2,2,Qwen/Qwen3-8B,cooperative,self_interested,total_berries_thrown,10,68.4,20.59233946020812
2,2,Qwen/Qwen3-8B,cooperative,self_interested,total_final_wellbeing,10,164.50000000000009,37.28063410153258
2,2,Qwen/Qwen3-8B,self_interested,altruistic,episode_steps,10,75.0,0.0
2,2,Qwen/Qwen3-8B,self_interested,altruistic,fallback_count,10,0.7,0.8232726023485646
2,2,Qwen/Qwen3-8B,self_interested,altruistic,fallback_rate,10,0.004666666666666667,0.005488484015657098
2,2,Qwen/Qwen3-8B,self_interested,altruistic,gini_berries_consumed,10,0.19915748689762472,0.02287980831317242
2,2,Qwen/Qwen3-8B,self_interested,altruistic,gini_final_wellbeing,10,0.47207554185017087,0.04848357916562602
2,2,Qwen/Qwen3-8B,self_interested,altruistic,llm_action_eat_proportion,10,0.2846666666666667,0.030639279235954064
2,2,Qwen/Qwen3-8B,self_interested,altruistic,llm_action_move_proportion,10,0.7133333333333334,0.030307070437746362
2,2,Qwen/Qwen3-8B,self_interested,altruistic,llm_action_throw_proportion,10,0.0006666666666666668,0.0021081851067789197
2,2,Qwen/Qwen3-8B,self_interested,altruistic,llm_action_unsuccessful_proportion,10,0.0013333333333333335,0.002810913475705226
2,2,Qwen/Qwen3-8B,self_interested,altruistic,llm_decisions,10,150.0,0.0
2,2,Qwen/Qwen3-8B,self_interested,altruistic,llm_executed_actions,10,150.0,0.0
2,2,Qwen/Qwen3-8B,self_interested,altruistic,llm_executed_eat_proportion,10,0.2846666666666667,0.030639279235954064
2,2,Qwen/Qwen3-8B,self_interested,altruistic,llm_executed_move_proportion,10,0.7133333333333334,0.030307070437746362
2,2,Qwen/Qwen3-8B,self_interested,altruistic,llm_executed_throw_proportion,10,0.0006666666666666668,0.0021081851067789197
2,2,Qwen/Qwen3-8B,self_interested,altruistic,llm_executed_unsuccessful_proportion,10,0.0013333333333333335,0.002810913475705226
2,2,Qwen/Qwen3-8B,self_interested,altruistic,llm_mean_berries_consumed,10,21.35,2.297945942696554
2,2,Qwen/Qwen3-8B,self_interested,altruistic,llm_mean_final_wellbeing,10,67.37500000000004,13.984462829057309
2,2,Qwen/Qwen3-8B,self_interested,altruistic,llm_rule_survival_gap,10,0.4,0.39440531887330776
2,2,Qwen/Qwen3-8B,self_interested,altruistic,llm_rule_wellbeing_gap,10,63.00000000000004,12.002121726008586
2,2,Qwen/Qwen3-8B,self_interested,altruistic,llm_successful_shares,10,0.1,0.31622776601683794
2,2,Qwen/Qwen3-8B,self_interested,altruistic,llm_survival_rate,10,1.0,0.0
2,2,Qwen/Qwen3-8B,self_interested,altruistic,llm_survivors,10,2.0,0.0
2,2,Qwen/Qwen3-8B,self_interested,altruistic,llm_total_final_wellbeing,10,134.75000000000009,27.968925658114618
2,2,Qwen/Qwen3-8B,self_interested,altruistic,mean_final_wellbeing,10,35.875000000000014,8.226631700507987
2,2,Qwen/Qwen3-8B,self_interested,altruistic,minimum_berries_consumed,10,9.0,2.0000000000000004
2,2,Qwen/Qwen3-8B,self_interested,altruistic,minimum_final_wellbeing,10,2.333333333333331,3.012320380383543
2,2,Qwen/Qwen3-8B,self_interested,altruistic,rule_executed_actions,10,141.6,9.651712571122054
2,2,Qwen/Qwen3-8B,self_interested,altruistic,rule_executed_eat_proportion,10,0.13867257782194115,0.008118190648751585
2,2,Qwen/Qwen3-8B,self_interested,altruistic,rule_executed_move_proportion,10,0.3820876274899209,0.08214722322728496
2,2,Qwen/Qwen3-8B,self_interested,altruistic,rule_executed_throw_proportion,10,0.479239794688138,0.07587347931371963
2,2,Qwen/Qwen3-8B,self_interested,altruistic,rule_executed_unsuccessful_proportion,10,0.0,0.0
2,2,Qwen/Qwen3-8B,self_interested,altruistic,rule_mean_berries_consumed,10,9.85,1.2030054955079057
2,2,Qwen/Qwen3-8B,self_interested,altruistic,rule_mean_final_wellbeing,10,4.374999999999996,3.4373246307679364
2,2,Qwen/Qwen3-8B,self_interested,altruistic,rule_successful_shares,10,68.3,14.306564149989955
2,2,Qwen/Qwen3-8B,self_interested,altruistic,rule_survival_rate,10,0.6,0.39440531887330776
2,2,Qwen/Qwen3-8B,self_interested,altruistic,rule_survivors,10,1.2,0.7888106377466155
2,2,Qwen/Qwen3-8B,self_interested,altruistic,rule_total_final_wellbeing,10,8.749999999999991,6.874649261535873
2,2,Qwen/Qwen3-8B,self_interested,altruistic,survival_rate,10,0.8,0.19720265943665388
2,2,Qwen/Qwen3-8B,self_interested,altruistic,survivors,10,3.2,0.7888106377466155
2,2,Qwen/Qwen3-8B,self_interested,altruistic,time_averaged_gini_wellbeing,10,0.35030952617686706,0.021730701327776256
2,2,Qwen/Qwen3-8B,self_interested,altruistic,time_averaged_minimum_wellbeing,10,7.806888888888883,1.3867796131589372
2,2,Qwen/Qwen3-8B,self_interested,altruistic,total_berries_consumed,10,62.4,6.65331997326648
2,2,Qwen/Qwen3-8B,self_interested,altruistic,total_berries_thrown,10,68.4,14.237665226823923
2,2,Qwen/Qwen3-8B,self_interested,altruistic,total_final_wellbeing,10,143.50000000000006,32.90652680203195
2,2,Qwen/Qwen3-8B,self_interested,cooperative,episode_steps,10,75.0,0.0
2,2,Qwen/Qwen3-8B,self_interested,cooperative,fallback_count,10,0.7,0.8232726023485646
2,2,Qwen/Qwen3-8B,self_interested,cooperative,fallback_rate,10,0.004666666666666667,0.005488484015657098
2,2,Qwen/Qwen3-8B,self_interested,cooperative,gini_berries_consumed,10,0.19840292427821068,0.03242159494344114
2,2,Qwen/Qwen3-8B,self_interested,cooperative,gini_final_wellbeing,10,0.4748297405209172,0.07164763270481939
2,2,Qwen/Qwen3-8B,self_interested,cooperative,llm_action_eat_proportion,10,0.284,0.034167344166724574
2,2,Qwen/Qwen3-8B,self_interested,cooperative,llm_action_move_proportion,10,0.714,0.03630460978110114
2,2,Qwen/Qwen3-8B,self_interested,cooperative,llm_action_throw_proportion,10,0.0,0.0
2,2,Qwen/Qwen3-8B,self_interested,cooperative,llm_action_unsuccessful_proportion,10,0.002,0.0032203059435976533
2,2,Qwen/Qwen3-8B,self_interested,cooperative,llm_decisions,10,150.0,0.0
2,2,Qwen/Qwen3-8B,self_interested,cooperative,llm_executed_actions,10,150.0,0.0
2,2,Qwen/Qwen3-8B,self_interested,cooperative,llm_executed_eat_proportion,10,0.284,0.034167344166724574
2,2,Qwen/Qwen3-8B,self_interested,cooperative,llm_executed_move_proportion,10,0.714,0.03630460978110114
2,2,Qwen/Qwen3-8B,self_interested,cooperative,llm_executed_throw_proportion,10,0.0,0.0
2,2,Qwen/Qwen3-8B,self_interested,cooperative,llm_executed_unsuccessful_proportion,10,0.002,0.0032203059435976533
2,2,Qwen/Qwen3-8B,self_interested,cooperative,llm_mean_berries_consumed,10,21.3,2.5625508125043424
2,2,Qwen/Qwen3-8B,self_interested,cooperative,llm_mean_final_wellbeing,10,66.7916666666667,14.837143185304775
2,2,Qwen/Qwen3-8B,self_interested,cooperative,llm_rule_survival_gap,10,0.35,0.4116363011742823
2,2,Qwen/Qwen3-8B,self_interested,cooperative,llm_rule_wellbeing_gap,10,61.250000000000036,13.401158508976653
2,2,Qwen/Qwen3-8B,self_interested,cooperative,llm_successful_shares,10,0.0,0.0
2,2,Qwen/Qwen3-8B,self_interested,cooperative,llm_survival_rate,10,1.0,0.0
2,2,Qwen/Qwen3-8B,self_interested,cooperative,llm_survivors,10,2.0,0.0
2,2,Qwen/Qwen3-8B,self_interested,cooperative,llm_total_final_wellbeing,10,133.5833333333334,29.67428637060955
2,2,Qwen/Qwen3-8B,self_interested,cooperative,mean_final_wellbeing,10,36.16666666666668,8.825293336152413
2,2,Qwen/Qwen3-8B,self_interested,cooperative,minimum_berries_consumed,10,9.4,2.0110804171997807
2,2,Qwen/Qwen3-8B,self_interested,cooperative,minimum_final_wellbeing,10,3.4999999999999973,4.0787010762172535
2,2,Qwen/Qwen3-8B,self_interested,cooperative,rule_executed_actions,10,143.4,10.286992865858425
2,2,Qwen/Qwen3-8B,self_interested,cooperative,rule_executed_eat_proportion,10,0.1397038972446138,0.008424056921349496
2,2,Qwen/Qwen3-8B,self_interested,cooperative,rule_executed_move_proportion,10,0.42440316384985516,0.07640336786142021
2,2,Qwen/Qwen3-8B,self_interested,cooperative,rule_executed_throw_proportion,10,0.43589293890553116,0.07259193592552338
2,2,Qwen/Qwen3-8B,self_interested,cooperative,rule_executed_unsuccessful_proportion,10,0.0,0.0
2,2,Qwen/Qwen3-8B,self_interested,cooperative,rule_mean_berries_consumed,10,10.05,1.2349089035228469
2,2,Qwen/Qwen3-8B,self_interested,cooperative,rule_mean_final_wellbeing,10,5.5416666666666625,5.042450964401641
2,2,Qwen/Qwen3-8B,self_interested,cooperative,rule_successful_shares,10,62.9,13.312066372697783
2,2,Qwen/Qwen3-8B,self_interested,cooperative,rule_survival_rate,10,0.65,0.4116363011742823
2,2,Qwen/Qwen3-8B,self_interested,cooperative,rule_survivors,10,1.3,0.8232726023485646
2,2,Qwen/Qwen3-8B,self_interested,cooperative,rule_total_final_wellbeing,10,11.083333333333325,10.084901928803282
2,2,Qwen/Qwen3-8B,self_interested,cooperative,survival_rate,10,0.825,0.20581815058714117
2,2,Qwen/Qwen3-8B,self_interested,cooperative,survivors,10,3.3,0.8232726023485647
2,2,Qwen/Qwen3-8B,self_interested,cooperative,time_averaged_gini_wellbeing,10,0.3155521863562016,0.04972881213385079
2,2,Qwen/Qwen3-8B,self_interested,cooperative,time_averaged_minimum_wellbeing,10,10.055111111111106,4.637243019919135
2,2,Qwen/Qwen3-8B,self_interested,cooperative,total_berries_consumed,10,62.7,7.0561242115547325
2,2,Qwen/Qwen3-8B,self_interested,cooperative,total_berries_thrown,10,62.9,13.312066372697783
2,2,Qwen/Qwen3-8B,self_interested,cooperative,total_final_wellbeing,10,144.6666666666667,35.30117334460965
2,2,Qwen/Qwen3-8B,self_interested,self_interested,episode_steps,10,75.0,0.0
2,2,Qwen/Qwen3-8B,self_interested,self_interested,fallback_count,10,0.8,0.6324555320336759
2,2,Qwen/Qwen3-8B,self_interested,self_interested,fallback_rate,10,0.005333333333333334,0.0042163702135578395
2,2,Qwen/Qwen3-8B,self_interested,self_interested,gini_berries_consumed,10,0.05813702337088363,0.025611008234626347
2,2,Qwen/Qwen3-8B,self_interested,self_interested,gini_final_wellbeing,10,0.13536662029477203,0.06527817182008747
2,2,Qwen/Qwen3-8B,self_interested,self_interested,llm_action_eat_proportion,10,0.23933333333333334,0.03829063644686744
2,2,Qwen/Qwen3-8B,self_interested,self_interested,llm_action_move_proportion,10,0.7593333333333334,0.04005551702879947
2,2,Qwen/Qwen3-8B,self_interested,self_interested,llm_action_throw_proportion,10,0.0006666666666666668,0.0021081851067789197
2,2,Qwen/Qwen3-8B,self_interested,self_interested,llm_action_unsuccessful_proportion,10,0.0006666666666666668,0.0021081851067789197
2,2,Qwen/Qwen3-8B,self_interested,self_interested,llm_decisions,10,150.0,0.0
2,2,Qwen/Qwen3-8B,self_interested,self_interested,llm_executed_actions,10,150.0,0.0
2,2,Qwen/Qwen3-8B,self_interested,self_interested,llm_executed_eat_proportion,10,0.23933333333333334,0.03829063644686744
2,2,Qwen/Qwen3-8B,self_interested,self_interested,llm_executed_move_proportion,10,0.7593333333333334,0.04005551702879947
2,2,Qwen/Qwen3-8B,self_interested,self_interested,llm_executed_throw_proportion,10,0.0006666666666666668,0.0021081851067789197
2,2,Qwen/Qwen3-8B,self_interested,self_interested,llm_executed_unsuccessful_proportion,10,0.0006666666666666668,0.0021081851067789197
2,2,Qwen/Qwen3-8B,self_interested,self_interested,llm_mean_berries_consumed,10,17.95,2.8717977335150575
2,2,Qwen/Qwen3-8B,self_interested,self_interested,llm_mean_final_wellbeing,10,47.249999999999986,16.256764973616626
2,2,Qwen/Qwen3-8B,self_interested,self_interested,llm_rule_survival_gap,10,0.0,0.0
2,2,Qwen/Qwen3-8B,self_interested,self_interested,llm_rule_wellbeing_gap,10,1.4583333333333357,13.133998972603385
2,2,Qwen/Qwen3-8B,self_interested,self_interested,llm_successful_shares,10,0.1,0.31622776601683794
2,2,Qwen/Qwen3-8B,self_interested,self_interested,llm_survival_rate,10,1.0,0.0
2,2,Qwen/Qwen3-8B,self_interested,self_interested,llm_survivors,10,2.0,0.0
2,2,Qwen/Qwen3-8B,self_interested,self_interested,llm_total_final_wellbeing,10,94.49999999999997,32.51352994723325
2,2,Qwen/Qwen3-8B,self_interested,self_interested,mean_final_wellbeing,10,46.520833333333314,13.722633400272422
2,2,Qwen/Qwen3-8B,self_interested,self_interested,minimum_berries_consumed,10,15.5,2.321398046197353
2,2,Qwen/Qwen3-8B,self_interested,self_interested,minimum_final_wellbeing,10,32.08333333333329,13.541488602817896
2,2,Qwen/Qwen3-8B,self_interested,self_interested,rule_executed_actions,10,150.0,0.0
2,2,Qwen/Qwen3-8B,self_interested,self_interested,rule_executed_eat_proportion,10,0.236,0.03177078400117604
2,2,Qwen/Qwen3-8B,self_interested,self_interested,rule_executed_move_proportion,10,0.764,0.031770784001176056
2,2,Qwen/Qwen3-8B,self_interested,self_interested,rule_executed_throw_proportion,10,0.0,0.0
2,2,Qwen/Qwen3-8B,self_interested,self_interested,rule_executed_unsuccessful_proportion,10,0.0,0.0
2,2,Qwen/Qwen3-8B,self_interested,self_interested,rule_mean_berries_consumed,10,17.7,2.382808800088202
2,2,Qwen/Qwen3-8B,self_interested,self_interested,rule_mean_final_wellbeing,10,45.79166666666664,14.09219258934924
2,2,Qwen/Qwen3-8B,self_interested,self_interested,rule_successful_shares,10,0.0,0.0
2,2,Qwen/Qwen3-8B,self_interested,self_interested,rule_survival_rate,10,1.0,0.0
2,2,Qwen/Qwen3-8B,self_interested,self_interested,rule_survivors,10,2.0,0.0
2,2,Qwen/Qwen3-8B,self_interested,self_interested,rule_total_final_wellbeing,10,91.58333333333329,28.18438517869848
2,2,Qwen/Qwen3-8B,self_interested,self_interested,survival_rate,10,1.0,0.0
2,2,Qwen/Qwen3-8B,self_interested,self_interested,survivors,10,4.0,0.0
2,2,Qwen/Qwen3-8B,self_interested,self_interested,time_averaged_gini_wellbeing,10,0.08567453668997611,0.038601060455726664
2,2,Qwen/Qwen3-8B,self_interested,self_interested,time_averaged_minimum_wellbeing,10,33.00999999999998,9.55651222601248
2,2,Qwen/Qwen3-8B,self_interested,self_interested,total_berries_consumed,10,71.3,9.499122766515509
2,2,Qwen/Qwen3-8B,self_interested,self_interested,total_berries_thrown,10,0.1,0.31622776601683794
2,2,Qwen/Qwen3-8B,self_interested,self_interested,total_final_wellbeing,10,186.08333333333326,54.890533601089686
2,2,Qwen/Qwen3-8B,unframed,altruistic,episode_steps,10,75.0,0.0
2,2,Qwen/Qwen3-8B,unframed,altruistic,fallback_count,10,3.0,1.5634719199411433
2,2,Qwen/Qwen3-8B,unframed,altruistic,fallback_rate,10,0.02,0.010423146132940955
2,2,Qwen/Qwen3-8B,unframed,altruistic,gini_berries_consumed,10,0.20439733552669628,0.0537017687381139
2,2,Qwen/Qwen3-8B,unframed,altruistic,gini_final_wellbeing,10,0.4772344960633882,0.03386208132210433
2,2,Qwen/Qwen3-8B,unframed,altruistic,llm_action_eat_proportion,10,0.2866666666666667,0.03340732528527313
2,2,Qwen/Qwen3-8B,unframed,altruistic,llm_action_move_proportion,10,0.7006666666666667,0.028188080836313908
2,2,Qwen/Qwen3-8B,unframed,altruistic,llm_action_throw_proportion,10,0.008666666666666666,0.007062332703142536
2,2,Qwen/Qwen3-8B,unframed,altruistic,llm_action_unsuccessful_proportion,10,0.004,0.006440611887195306
2,2,Qwen/Qwen3-8B,unframed,altruistic,llm_decisions,10,150.0,0.0
2,2,Qwen/Qwen3-8B,unframed,altruistic,llm_executed_actions,10,150.0,0.0
2,2,Qwen/Qwen3-8B,unframed,altruistic,llm_executed_eat_proportion,10,0.2866666666666667,0.03340732528527313
2,2,Qwen/Qwen3-8B,unframed,altruistic,llm_executed_move_proportion,10,0.7006666666666667,0.028188080836313908
2,2,Qwen/Qwen3-8B,unframed,altruistic,llm_executed_throw_proportion,10,0.008666666666666666,0.007062332703142536
2,2,Qwen/Qwen3-8B,unframed,altruistic,llm_executed_unsuccessful_proportion,10,0.004,0.006440611887195306
2,2,Qwen/Qwen3-8B,unframed,altruistic,llm_mean_berries_consumed,10,21.5,2.5055493963954847
2,2,Qwen/Qwen3-8B,unframed,altruistic,llm_mean_final_wellbeing,10,69.12500000000003,13.475014029173435
2,2,Qwen/Qwen3-8B,unframed,altruistic,llm_rule_survival_gap,10,0.5,0.408248290463863
2,2,Qwen/Qwen3-8B,unframed,altruistic,llm_rule_wellbeing_gap,10,65.0416666666667,12.146943043772085
2,2,Qwen/Qwen3-8B,unframed,altruistic,llm_successful_shares,10,1.3,1.0593499054713804
2,2,Qwen/Qwen3-8B,unframed,altruistic,llm_survival_rate,10,1.0,0.0
2,2,Qwen/Qwen3-8B,unframed,altruistic,llm_survivors,10,2.0,0.0
2,2,Qwen/Qwen3-8B,unframed,altruistic,llm_total_final_wellbeing,10,138.25000000000006,26.95002805834687
2,2,Qwen/Qwen3-8B,unframed,altruistic,mean_final_wellbeing,10,36.60416666666667,7.730542330407517
2,2,Qwen/Qwen3-8B,unframed,altruistic,minimum_berries_consumed,10,9.0,2.3094010767585034
2,2,Qwen/Qwen3-8B,unframed,altruistic,minimum_final_wellbeing,10,1.7499999999999978,2.817767700647943
2,2,Qwen/Qwen3-8B,unframed,altruistic,rule_executed_actions,10,141.1,14.91792359695023
2,2,Qwen/Qwen3-8B,unframed,altruistic,rule_executed_eat_proportion,10,0.136700971397143,0.009728271499313417
2,2,Qwen/Qwen3-8B,unframed,altruistic,rule_executed_move_proportion,10,0.4061033383758065,0.09516402040416233
2,2,Qwen/Qwen3-8B,unframed,altruistic,rule_executed_throw_proportion,10,0.45719569022705053,0.09393447099695643
2,2,Qwen/Qwen3-8B,unframed,altruistic,rule_executed_unsuccessful_proportion,10,0.0,0.0
2,2,Qwen/Qwen3-8B,unframed,altruistic,rule_mean_berries_consumed,10,9.7,1.5491933384829668
2,2,Qwen/Qwen3-8B,unframed,altruistic,rule_mean_final_wellbeing,10,4.08333333333333,3.4235477231003606
2,2,Qwen/Qwen3-8B,unframed,altruistic,rule_successful_shares,10,64.4,15.108496505829649
2,2,Qwen/Qwen3-8B,unframed,altruistic,rule_survival_rate,10,0.5,0.408248290463863
2,2,Qwen/Qwen3-8B,unframed,altruistic,rule_survivors,10,1.0,0.816496580927726
2,2,Qwen/Qwen3-8B,unframed,altruistic,rule_total_final_wellbeing,10,8.16666666666666,6.847095446200721
2,2,Qwen/Qwen3-8B,unframed,altruistic,survival_rate,10,0.75,0.2041241452319315
2,2,Qwen/Qwen3-8B,unframed,altruistic,survivors,10,3.0,0.816496580927726
2,2,Qwen/Qwen3-8B,unframed,altruistic,time_averaged_gini_wellbeing,10,0.35475161648141057,0.018719109127428905
2,2,Qwen/Qwen3-8B,unframed,altruistic,time_averaged_minimum_wellbeing,10,7.615333333333328,1.4353168207254232
2,2,Qwen/Qwen3-8B,unframed,altruistic,total_berries_consumed,10,62.4,5.641118880348314
2,2,Qwen/Qwen3-8B,unframed,altruistic,total_berries_thrown,10,65.7,14.862705002791383
2,2,Qwen/Qwen3-8B,unframed,altruistic,total_final_wellbeing,10,146.41666666666669,30.92216932163007
2,2,Qwen/Qwen3-8B,unframed,cooperative,episode_steps,10,75.0,0.0
2,2,Qwen/Qwen3-8B,unframed,cooperative,fallback_count,10,2.2,1.6865480854231356
2,2,Qwen/Qwen3-8B,unframed,cooperative,fallback_rate,10,0.014666666666666666,0.011243653902820904
2,2,Qwen/Qwen3-8B,unframed,cooperative,gini_berries_consumed,10,0.213372267027436,0.04098187724138241
2,2,Qwen/Qwen3-8B,unframed,cooperative,gini_final_wellbeing,10,0.4128033730118704,0.08709873200143445
2,2,Qwen/Qwen3-8B,unframed,cooperative,llm_action_eat_proportion,10,0.28200000000000003,0.040374787390029976
2,2,Qwen/Qwen3-8B,unframed,cooperative,llm_action_move_proportion,10,0.714,0.042216373863966816
2,2,Qwen/Qwen3-8B,unframed,cooperative,llm_action_throw_proportion,10,0.003333333333333334,0.005665577237325317
2,2,Qwen/Qwen3-8B,unframed,cooperative,llm_action_unsuccessful_proportion,10,0.0006666666666666668,0.0021081851067789197
2,2,Qwen/Qwen3-8B,unframed,cooperative,llm_decisions,10,150.0,0.0
2,2,Qwen/Qwen3-8B,unframed,cooperative,llm_executed_actions,10,150.0,0.0
2,2,Qwen/Qwen3-8B,unframed,cooperative,llm_executed_eat_proportion,10,0.28200000000000003,0.040374787390029976
2,2,Qwen/Qwen3-8B,unframed,cooperative,llm_executed_move_proportion,10,0.714,0.042216373863966816
2,2,Qwen/Qwen3-8B,unframed,cooperative,llm_executed_throw_proportion,10,0.003333333333333334,0.005665577237325317
2,2,Qwen/Qwen3-8B,unframed,cooperative,llm_executed_unsuccessful_proportion,10,0.0006666666666666668,0.0021081851067789197
2,2,Qwen/Qwen3-8B,unframed,cooperative,llm_mean_berries_consumed,10,21.15,3.0281090542522486
2,2,Qwen/Qwen3-8B,unframed,cooperative,llm_mean_final_wellbeing,10,65.62500000000004,17.45944374617726
2,2,Qwen/Qwen3-8B,unframed,cooperative,llm_rule_survival_gap,10,0.3,0.2581988897471611
2,2,Qwen/Qwen3-8B,unframed,cooperative,llm_rule_wellbeing_gap,10,54.25000000000004,16.453263401015974
2,2,Qwen/Qwen3-8B,unframed,cooperative,llm_successful_shares,10,0.5,0.8498365855987974
2,2,Qwen/Qwen3-8B,unframed,cooperative,llm_survival_rate,10,1.0,0.0
2,2,Qwen/Qwen3-8B,unframed,cooperative,llm_survivors,10,2.0,0.0
2,2,Qwen/Qwen3-8B,unframed,cooperative,llm_total_final_wellbeing,10,131.25000000000009,34.91888749235452
2,2,Qwen/Qwen3-8B,unframed,cooperative,mean_final_wellbeing,10,38.500000000000014,11.08930151202915
2,2,Qwen/Qwen3-8B,unframed,cooperative,minimum_berries_consumed,10,8.2,3.4896672875473067
2,2,Qwen/Qwen3-8B,unframed,cooperative,minimum_final_wellbeing,10,5.2499999999999964,8.453303101943836
2,2,Qwen/Qwen3-8B,unframed,cooperative,rule_executed_actions,10,137.4,18.34363347019584
2,2,Qwen/Qwen3-8B,unframed,cooperative,rule_executed_eat_proportion,10,0.13883983008495754,0.00803371948981272
2,2,Qwen/Qwen3-8B,unframed,cooperative,rule_executed_move_proportion,10,0.43158637988697957,0.10630877102750476
2,2,Qwen/Qwen3-8B,unframed,cooperative,rule_executed_throw_proportion,10,0.42957379002806284,0.09911099372489651
2,2,Qwen/Qwen3-8B,unframed,cooperative,rule_executed_unsuccessful_proportion,10,0.0,0.0
2,2,Qwen/Qwen3-8B,unframed,cooperative,rule_mean_berries_consumed,10,9.6,1.7448336437736534
2,2,Qwen/Qwen3-8B,unframed,cooperative,rule_mean_final_wellbeing,10,11.374999999999995,8.744597097354555
2,2,Qwen/Qwen3-8B,unframed,cooperative,rule_successful_shares,10,60.5,19.7554493185495
2,2,Qwen/Qwen3-8B,unframed,cooperative,rule_survival_rate,10,0.7,0.2581988897471611
2,2,Qwen/Qwen3-8B,unframed,cooperative,rule_survivors,10,1.4,0.5163977794943222
2,2,Qwen/Qwen3-8B,unframed,cooperative,rule_total_final_wellbeing,10,22.74999999999999,17.48919419470911
2,2,Qwen/Qwen3-8B,unframed,cooperative,survival_rate,10,0.85,0.12909944487358055
2,2,Qwen/Qwen3-8B,unframed,cooperative,survivors,10,3.4,0.5163977794943222
2,2,Qwen/Qwen3-8B,unframed,cooperative,time_averaged_gini_wellbeing,10,0.32226739779924024,0.03608328578914823
2,2,Qwen/Qwen3-8B,unframed,cooperative,time_averaged_minimum_wellbeing,10,8.99644444444444,4.438081890208598
2,2,Qwen/Qwen3-8B,unframed,cooperative,total_berries_consumed,10,61.5,9.082951062292473
2,2,Qwen/Qwen3-8B,unframed,cooperative,total_berries_thrown,10,61.0,19.595917942265423
2,2,Qwen/Qwen3-8B,unframed,cooperative,total_final_wellbeing,10,154.00000000000006,44.3572060481166
2,2,Qwen/Qwen3-8B,unframed,self_interested,episode_steps,10,75.0,0.0
2,2,Qwen/Qwen3-8B,unframed,self_interested,fallback_count,10,2.1,1.449137674618944
2,2,Qwen/Qwen3-8B,unframed,self_interested,fallback_rate,10,0.014000000000000002,0.00966091783079296
2,2,Qwen/Qwen3-8B,unframed,self_interested,gini_berries_consumed,10,0.03917766905397631,0.020502174955107456
2,2,Qwen/Qwen3-8B,unframed,self_interested,gini_final_wellbeing,10,0.08423571369912855,0.05075189330886004
2,2,Qwen/Qwen3-8B,unframed,self_interested,llm_action_eat_proportion,10,0.256,0.040758245397725774
2,2,Qwen/Qwen3-8B,unframed,self_interested,llm_action_move_proportion,10,0.744,0.04075824539772577
2,2,Qwen/Qwen3-8B,unframed,self_interested,llm_action_throw_proportion,10,0.0,0.0
2,2,Qwen/Qwen3-8B,unframed,self_interested,llm_action_unsuccessful_proportion,10,0.0,0.0
2,2,Qwen/Qwen3-8B,unframed,self_interested,llm_decisions,10,150.0,0.0
2,2,Qwen/Qwen3-8B,unframed,self_interested,llm_executed_actions,10,150.0,0.0
2,2,Qwen/Qwen3-8B,unframed,self_interested,llm_executed_eat_proportion,10,0.256,0.040758245397725774
2,2,Qwen/Qwen3-8B,unframed,self_interested,llm_executed_move_proportion,10,0.744,0.04075824539772577
2,2,Qwen/Qwen3-8B,unframed,self_interested,llm_executed_throw_proportion,10,0.0,0.0
2,2,Qwen/Qwen3-8B,unframed,self_interested,llm_executed_unsuccessful_proportion,10,0.0,0.0
2,2,Qwen/Qwen3-8B,unframed,self_interested,llm_mean_berries_consumed,10,19.2,3.0568684048294332
2,2,Qwen/Qwen3-8B,unframed,self_interested,llm_mean_final_wellbeing,10,54.541666666666664,17.44861282469682
2,2,Qwen/Qwen3-8B,unframed,self_interested,llm_rule_survival_gap,10,0.0,0.0
2,2,Qwen/Qwen3-8B,unframed,self_interested,llm_rule_wellbeing_gap,10,-1.7500000000000153,11.437565354329955
2,2,Qwen/Qwen3-8B,unframed,self_interested,llm_successful_shares,10,0.0,0.0
2,2,Qwen/Qwen3-8B,unframed,self_interested,llm_survival_rate,10,1.0,0.0
2,2,Qwen/Qwen3-8B,unframed,self_interested,llm_survivors,10,2.0,0.0
2,2,Qwen/Qwen3-8B,unframed,self_interested,llm_total_final_wellbeing,10,109.08333333333333,34.89722564939364
2,2,Qwen/Qwen3-8B,unframed,self_interested,mean_final_wellbeing,10,55.41666666666667,17.131537681519873
2,2,Qwen/Qwen3-8B,unframed,self_interested,minimum_berries_consumed,10,17.5,3.100179206289712
2,2,Qwen/Qwen3-8B,unframed,self_interested,minimum_final_wellbeing,10,45.499999999999986,17.564695229878588
2,2,Qwen/Qwen3-8B,unframed,self_interested,rule_executed_actions,10,150.0,0.0
2,2,Qwen/Qwen3-8B,unframed,self_interested,rule_executed_eat_proportion,10,0.26,0.0427452979148252
2,2,Qwen/Qwen3-8B,unframed,self_interested,rule_executed_move_proportion,10,0.74,0.042745297914825196
2,2,Qwen/Qwen3-8B,unframed,self_interested,rule_executed_throw_proportion,10,0.0,0.0
2,2,Qwen/Qwen3-8B,unframed,self_interested,rule_executed_unsuccessful_proportion,10,0.0,0.0
2,2,Qwen/Qwen3-8B,unframed,self_interested,rule_mean_berries_consumed,10,19.5,3.2058973436118907
2,2,Qwen/Qwen3-8B,unframed,self_interested,rule_mean_final_wellbeing,10,56.291666666666686,18.65298978120614
2,2,Qwen/Qwen3-8B,unframed,self_interested,rule_successful_shares,10,0.0,0.0
2,2,Qwen/Qwen3-8B,unframed,self_interested,rule_survival_rate,10,1.0,0.0
2,2,Qwen/Qwen3-8B,unframed,self_interested,rule_survivors,10,2.0,0.0
2,2,Qwen/Qwen3-8B,unframed,self_interested,rule_total_final_wellbeing,10,112.58333333333337,37.30597956241228
2,2,Qwen/Qwen3-8B,unframed,self_interested,survival_rate,10,1.0,0.0
2,2,Qwen/Qwen3-8B,unframed,self_interested,survivors,10,4.0,0.0
2,2,Qwen/Qwen3-8B,unframed,self_interested,time_averaged_gini_wellbeing,10,0.06743245017122601,0.018768789664905996
2,2,Qwen/Qwen3-8B,unframed,self_interested,time_averaged_minimum_wellbeing,10,39.22444444444443,8.59484134048084
2,2,Qwen/Qwen3-8B,unframed,self_interested,total_berries_consumed,10,77.4,11.83403753773176
2,2,Qwen/Qwen3-8B,unframed,self_interested,total_berries_thrown,10,0.0,0.0
2,2,Qwen/Qwen3-8B,unframed,self_interested,total_final_wellbeing,10,221.66666666666669,68.52615072607949
3,1,Qwen/Qwen3-8B,altruistic,altruistic,episode_steps,10,75.0,0.0
3,1,Qwen/Qwen3-8B,altruistic,altruistic,fallback_count,10,4.4,2.4585451886114367
3,1,Qwen/Qwen3-8B,altruistic,altruistic,fallback_rate,10,0.019808994600486705,0.010794540506456748
3,1,Qwen/Qwen3-8B,altruistic,altruistic,gini_berries_consumed,10,0.016953970291582614,0.029146042872567703
3,1,Qwen/Qwen3-8B,altruistic,altruistic,gini_final_wellbeing,10,0.2017857142857144,0.1608599672862513
3,1,Qwen/Qwen3-8B,altruistic,altruistic,llm_action_eat_proportion,10,0.14407675995719824,0.004651210549767138
3,1,Qwen/Qwen3-8B,altruistic,altruistic,llm_action_move_proportion,10,0.3354073602839313,0.07299905889571974
3,1,Qwen/Qwen3-8B,altruistic,altruistic,llm_action_throw_proportion,10,0.5113911105902728,0.07034467617133575
3,1,Qwen/Qwen3-8B,altruistic,altruistic,llm_action_unsuccessful_proportion,10,0.00912476916859772,0.005461924714545931
3,1,Qwen/Qwen3-8B,altruistic,altruistic,llm_decisions,10,221.2,7.3454445444476395
3,1,Qwen/Qwen3-8B,altruistic,altruistic,llm_executed_actions,10,221.2,7.3454445444476395
3,1,Qwen/Qwen3-8B,altruistic,altruistic,llm_executed_eat_proportion,10,0.14407675995719824,0.004651210549767138
3,1,Qwen/Qwen3-8B,altruistic,altruistic,llm_executed_move_proportion,10,0.3354073602839313,0.07299905889571974
3,1,Qwen/Qwen3-8B,altruistic,altruistic,llm_executed_throw_proportion,10,0.5113911105902728,0.07034467617133575
3,1,Qwen/Qwen3-8B,altruistic,altruistic,llm_executed_unsuccessful_proportion,10,0.00912476916859772,0.005461924714545931
3,1,Qwen/Qwen3-8B,altruistic,altruistic,llm_mean_berries_consumed,10,10.633333333333333,0.6749485577105531
3,1,Qwen/Qwen3-8B,altruistic,altruistic,llm_mean_final_wellbeing,10,8.16666666666666,3.012320380383545
3,1,Qwen/Qwen3-8B,altruistic,altruistic,llm_rule_survival_gap,10,-0.13333333333333336,0.23306863292670038
3,1,Qwen/Qwen3-8B,altruistic,altruistic,llm_rule_wellbeing_gap,10,-1.1666666666666667,3.689323936863109
3,1,Qwen/Qwen3-8B,altruistic,altruistic,llm_successful_shares,10,113.4,17.88978603685479
3,1,Qwen/Qwen3-8B,altruistic,altruistic,llm_survival_rate,10,0.8666666666666666,0.23306863292670038
3,1,Qwen/Qwen3-8B,altruistic,altruistic,llm_survivors,10,2.6,0.6992058987801011
3,1,Qwen/Qwen3-8B,altruistic,altruistic,llm_total_final_wellbeing,10,24.49999999999998,9.036961141150634
3,1,Qwen/Qwen3-8B,altruistic,altruistic,mean_final_wellbeing,10,8.458333333333327,2.553818854331829
3,1,Qwen/Qwen3-8B,altruistic,altruistic,minimum_berries_consumed,10,10.2,1.316561177208767
3,1,Qwen/Qwen3-8B,altruistic,altruistic,minimum_final_wellbeing,10,4.083333333333328,2.8177677006479427
3,1,Qwen/Qwen3-8B,altruistic,altruistic,rule_executed_actions,10,75.0,0.0
3,1,Qwen/Qwen3-8B,altruistic,altruistic,rule_executed_eat_proportion,10,0.14666666666666667,0.0
3,1,Qwen/Qwen3-8B,altruistic,altruistic,rule_executed_move_proportion,10,0.36933333333333335,0.07647802879839993
3,1,Qwen/Qwen3-8B,altruistic,altruistic,rule_executed_throw_proportion,10,0.484,0.07647802879839993
3,1,Qwen/Qwen3-8B,altruistic,altruistic,rule_executed_unsuccessful_proportion,10,0.0,0.0
3,1,Qwen/Qwen3-8B,altruistic,altruistic,rule_mean_berries_consumed,10,11.0,0.0
3,1,Qwen/Qwen3-8B,altruistic,altruistic,rule_mean_final_wellbeing,10,9.333333333333327,3.0123203803835463
3,1,Qwen/Qwen3-8B,altruistic,altruistic,rule_successful_shares,10,36.3,5.735852159879995
3,1,Qwen/Qwen3-8B,altruistic,altruistic,rule_survival_rate,10,1.0,0.0
3,1,Qwen/Qwen3-8B,altruistic,altruistic,rule_survivors,10,1.0,0.0
3,1,Qwen/Qwen3-8B,altruistic,altruistic,rule_total_final_wellbeing,10,9.333333333333327,3.0123203803835463
3,1,Qwen/Qwen3-8B,altruistic,altruistic,survival_rate,10,0.9,0.17480147469502527
3,1,Qwen/Qwen3-8B,altruistic,altruistic,survivors,10,3.6,0.6992058987801011
3,1,Qwen/Qwen3-8B,altruistic,altruistic,time_averaged_gini_wellbeing,10,0.12902274738541342,0.025114966916389484
3,1,Qwen/Qwen3-8B,altruistic,altruistic,time_averaged_minimum_wellbeing,10,7.2873333333333274,0.8604149635292384
3,1,Qwen/Qwen3-8B,altruistic,altruistic,total_berries_consumed,10,42.9,2.02484567313166
3,1,Qwen/Qwen3-8B,altruistic,altruistic,total_berries_thrown,10,149.7,23.046089087353245
3,1,Qwen/Qwen3-8B,altruistic,altruistic,total_final_wellbeing,10,33.83333333333331,10.215275417327316
3,1,Qwen/Qwen3-8B,altruistic,cooperative,episode_steps,10,75.0,0.0
3,1,Qwen/Qwen3-8B,altruistic,cooperative,fallback_count,10,2.6,1.9550504398153572
3,1,Qwen/Qwen3-8B,altruistic,cooperative,fallback_rate,10,0.011894976215725734,0.008800869086906716
3,1,Qwen/Qwen3-8B,altruistic,cooperative,gini_berries_consumed,10,0.0275975975975976,0.047636753155963864
3,1,Qwen/Qwen3-8B,altruistic,cooperative,gini_final_wellbeing,10,0.21589285714285728,0.20058494431377832
3,1,Qwen/Qwen3-8B,altruistic,cooperative,llm_action_eat_proportion,10,0.14187230173249732,0.00774813212083673
3,1,Qwen/Qwen3-8B,altruistic,cooperative,llm_action_move_proportion,10,0.34705747791279595,0.0749391582875801
3,1,Qwen/Qwen3-8B,altruistic,cooperative,llm_action_throw_proportion,10,0.5023412048427959,0.0668604752876578
3,1,Qwen/Qwen3-8B,altruistic,cooperative,llm_action_unsuccessful_proportion,10,0.008729015511910774,0.003973745777708185
3,1,Qwen/Qwen3-8B,altruistic,cooperative,llm_decisions,10,217.2,13.281566172707196
3,1,Qwen/Qwen3-8B,altruistic,cooperative,llm_executed_actions,10,217.2,13.281566172707196
3,1,Qwen/Qwen3-8B,altruistic,cooperative,llm_executed_eat_proportion,10,0.14187230173249732,0.00774813212083673
3,1,Qwen/Qwen3-8B,altruistic,cooperative,llm_executed_move_proportion,10,0.34705747791279595,0.0749391582875801
3,1,Qwen/Qwen3-8B,altruistic,cooperative,llm_executed_throw_proportion,10,0.5023412048427959,0.0668604752876578
3,1,Qwen/Qwen3-8B,altruistic,cooperative,llm_executed_unsuccessful_proportion,10,0.008729015511910774,0.003973745777708185
3,1,Qwen/Qwen3-8B,altruistic,cooperative,llm_mean_berries_consumed,10,10.3,1.1380077892506102
3,1,Qwen/Qwen3-8B,altruistic,cooperative,llm_mean_final_wellbeing,10,7.388888888888883,3.757023600863925
3,1,Qwen/Qwen3-8B,altruistic,cooperative,llm_rule_survival_gap,10,-0.13333333333333336,0.2810913475705226
3,1,Qwen/Qwen3-8B,altruistic,cooperative,llm_rule_wellbeing_gap,10,-0.7777777777777786,4.318826620100138
3,1,Qwen/Qwen3-8B,altruistic,cooperative,llm_successful_shares,10,109.6,19.1671014443441
3,1,Qwen/Qwen3-8B,altruistic,cooperative,llm_survival_rate,10,0.7666666666666667,0.3865006029094686
3,1,Qwen/Qwen3-8B,altruistic,cooperative,llm_survivors,10,2.3,1.1595018087284057
3,1,Qwen/Qwen3-8B,altruistic,cooperative,llm_total_final_wellbeing,10,22.166666666666647,11.271070802591774
3,1,Qwen/Qwen3-8B,altruistic,cooperative,mean_final_wellbeing,10,7.583333333333327,3.624707310448629
3,1,Qwen/Qwen3-8B,altruistic,cooperative,minimum_berries_consumed,10,9.8,1.9888578520235067
3,1,Qwen/Qwen3-8B,altruistic,cooperative,minimum_final_wellbeing,10,4.083333333333328,2.8177677006479422
3,1,Qwen/Qwen3-8B,altruistic,cooperative,rule_executed_actions,10,73.9,3.4785054261852193
3,1,Qwen/Qwen3-8B,altruistic,cooperative,rule_executed_eat_proportion,10,0.14450000000000002,0.00685160159703149
3,1,Qwen/Qwen3-8B,altruistic,cooperative,rule_executed_move_proportion,10,0.3781875,0.08266293125987795
3,1,Qwen/Qwen3-8B,altruistic,cooperative,rule_executed_throw_proportion,10,0.47731250000000003,0.08166858286206227
3,1,Qwen/Qwen3-8B,altruistic,cooperative,rule_executed_unsuccessful_proportion,10,0.0,0.0
3,1,Qwen/Qwen3-8B,altruistic,cooperative,rule_mean_berries_consumed,10,10.7,0.9486832980505138
3,1,Qwen/Qwen3-8B,altruistic,cooperative,rule_mean_final_wellbeing,10,8.16666666666666,4.919098582484145
3,1,Qwen/Qwen3-8B,altruistic,cooperative,rule_successful_shares,10,35.3,6.481597882552658
3,1,Qwen/Qwen3-8B,altruistic,cooperative,rule_survival_rate,10,0.9,0.31622776601683794
3,1,Qwen/Qwen3-8B,altruistic,cooperative,rule_survivors,10,0.9,0.31622776601683794
3,1,Qwen/Qwen3-8B,altruistic,cooperative,rule_total_final_wellbeing,10,8.16666666666666,4.919098582484145
3,1,Qwen/Qwen3-8B,altruistic,cooperative,survival_rate,10,0.8,0.34960294939005054
3,1,Qwen/Qwen3-8B,altruistic,cooperative,survivors,10,3.2,1.3984117975602022
3,1,Qwen/Qwen3-8B,altruistic,cooperative,time_averaged_gini_wellbeing,10,0.15437812696393846,0.049060116442520514
3,1,Qwen/Qwen3-8B,altruistic,cooperative,time_averaged_minimum_wellbeing,10,6.792222222222216,1.1925577404615273
3,1,Qwen/Qwen3-8B,altruistic,cooperative,total_berries_consumed,10,41.6,3.893013685508381
3,1,Qwen/Qwen3-8B,altruistic,cooperative,total_berries_thrown,10,144.9,24.892881624182355
3,1,Qwen/Qwen3-8B,altruistic,cooperative,total_final_wellbeing,10,30.333333333333307,14.498829241794516
3,1,Qwen/Qwen3-8B,altruistic,self_interested,episode_steps,10,75.0,0.0
3,1,Qwen/Qwen3-8B,altruistic,self_interested,fallback_count,10,3.6,1.7126976771553504
3,1,Qwen/Qwen3-8B,altruistic,self_interested,fallback_rate,10,0.01650254964409405,0.007815812839695423
3,1,Qwen/Qwen3-8B,altruistic,self_interested,gini_berries_consumed,10,0.18788371727679007,0.06559954256424871
3,1,Qwen/Qwen3-8B,altruistic,self_interested,gini_final_wellbeing,10,0.5555283777390557,0.06133830742622568
3,1,Qwen/Qwen3-8B,altruistic,self_interested,llm_action_eat_proportion,10,0.14475984615116866,0.004270007922879556
3,1,Qwen/Qwen3-8B,altruistic,self_interested,llm_action_move_proportion,10,0.35498368111755046,0.056487668817869416
3,1,Qwen/Qwen3-8B,altruistic,self_interested,llm_action_throw_proportion,10,0.48550885558978285,0.05842199388482266
3,1,Qwen/Qwen3-8B,altruistic,self_interested,llm_action_unsuccessful_proportion,10,0.014747617141497995,0.004713740444097751
3,1,Qwen/Qwen3-8B,altruistic,self_interested,llm_decisions,10,219.3,14.575855225528128
3,1,Qwen/Qwen3-8B,altruistic,self_interested,llm_executed_actions,10,219.3,14.575855225528128
3,1,Qwen/Qwen3-8B,altruistic,self_interested,llm_executed_eat_proportion,10,0.14475984615116866,0.004270007922879556
3,1,Qwen/Qwen3-8B,altruistic,self_interested,llm_executed_move_proportion,10,0.35498368111755046,0.056487668817869416
3,1,Qwen/Qwen3-8B,altruistic,self_interested,llm_executed_throw_proportion,10,0.48550885558978285,0.05842199388482266
3,1,Qwen/Qwen3-8B,altruistic,self_interested,llm_executed_unsuccessful_proportion,10,0.014747617141497995,0.004713740444097751
3,1,Qwen/Qwen3-8B,altruistic,self_interested,llm_mean_berries_consumed,10,10.6,0.966091783079296
3,1,Qwen/Qwen3-8B,altruistic,self_interested,llm_mean_final_wellbeing,10,7.388888888888883,2.3902522667055623
3,1,Qwen/Qwen3-8B,altruistic,self_interested,llm_rule_survival_gap,10,-0.06666666666666668,0.14054567378526134
3,1,Qwen/Qwen3-8B,altruistic,self_interested,llm_rule_wellbeing_gap,10,-72.52777777777786,15.637707452688176
3,1,Qwen/Qwen3-8B,altruistic,self_interested,llm_successful_shares,10,106.5,15.138251770487457
3,1,Qwen/Qwen3-8B,altruistic,self_interested,llm_survival_rate,10,0.9333333333333333,0.1405456737852613
3,1,Qwen/Qwen3-8B,altruistic,self_interested,llm_survivors,10,2.8,0.4216370213557839
3,1,Qwen/Qwen3-8B,altruistic,self_interested,llm_total_final_wellbeing,10,22.166666666666647,7.1707568001166875
3,1,Qwen/Qwen3-8B,altruistic,self_interested,mean_final_wellbeing,10,25.520833333333346,4.775283990649992
3,1,Qwen/Qwen3-8B,altruistic,self_interested,minimum_berries_consumed,10,9.8,2.898275349237888
3,1,Qwen/Qwen3-8B,altruistic,self_interested,minimum_final_wellbeing,10,4.66666666666666,2.4595492912420687
3,1,Qwen/Qwen3-8B,altruistic,self_interested,rule_executed_actions,10,75.0,0.0
3,1,Qwen/Qwen3-8B,altruistic,self_interested,rule_executed_eat_proportion,10,0.31466666666666665,0.038335748716173915
3,1,Qwen/Qwen3-8B,altruistic,self_interested,rule_executed_move_proportion,10,0.6853333333333333,0.038335748716173866
3,1,Qwen/Qwen3-8B,altruistic,self_interested,rule_executed_throw_proportion,10,0.0,0.0
3,1,Qwen/Qwen3-8B,altruistic,self_interested,rule_executed_unsuccessful_proportion,10,0.0,0.0
3,1,Qwen/Qwen3-8B,altruistic,self_interested,rule_mean_berries_consumed,10,23.6,2.875181153713043
3,1,Qwen/Qwen3-8B,altruistic,self_interested,rule_mean_final_wellbeing,10,79.91666666666673,16.046085250049426
3,1,Qwen/Qwen3-8B,altruistic,self_interested,rule_successful_shares,10,0.0,0.0
3,1,Qwen/Qwen3-8B,altruistic,self_interested,rule_survival_rate,10,1.0,0.0
3,1,Qwen/Qwen3-8B,altruistic,self_interested,rule_survivors,10,1.0,0.0
3,1,Qwen/Qwen3-8B,altruistic,self_interested,rule_total_final_wellbeing,10,79.91666666666673,16.046085250049426
3,1,Qwen/Qwen3-8B,altruistic,self_interested,survival_rate,10,0.95,0.10540925533894598
3,1,Qwen/Qwen3-8B,altruistic,self_interested,survivors,10,3.8,0.4216370213557839
3,1,Qwen/Qwen3-8B,altruistic,self_interested,time_averaged_gini_wellbeing,10,0.40445806951933383,0.0336855347264508
3,1,Qwen/Qwen3-8B,altruistic,self_interested,time_averaged_minimum_wellbeing,10,7.1751111111111054,1.5418901695401495
3,1,Qwen/Qwen3-8B,altruistic,self_interested,total_berries_consumed,10,55.4,3.864367132317184
3,1,Qwen/Qwen3-8B,altruistic,self_interested,total_berries_thrown,10,106.5,15.138251770487457
3,1,Qwen/Qwen3-8B,altruistic,self_interested,total_final_wellbeing,10,102.08333333333339,19.10113596259997
3,1,Qwen/Qwen3-8B,cooperative,altruistic,episode_steps,10,75.0,0.0
3,1,Qwen/Qwen3-8B,cooperative,altruistic,fallback_count,10,3.9,1.1972189997378648
3,1,Qwen/Qwen3-8B,cooperative,altruistic,fallback_rate,10,0.017405982905982907,0.005196367595075224
3,1,Qwen/Qwen3-8B,cooperative,altruistic,gini_berries_consumed,10,0.0075,0.023717082451262847
3,1,Qwen/Qwen3-8B,cooperative,altruistic,gini_final_wellbeing,10,0.14380952380952397,0.08686180717077871
3,1,Qwen/Qwen3-8B,cooperative,altruistic,llm_action_eat_proportion,10,0.1459423076923077,0.002290624202557868
3,1,Qwen/Qwen3-8B,cooperative,altruistic,llm_action_move_proportion,10,0.3255726495726496,0.04702730869663578
3,1,Qwen/Qwen3-8B,cooperative,altruistic,llm_action_throw_proportion,10,0.5150790598290598,0.04420867826468509
3,1,Qwen/Qwen3-8B,cooperative,altruistic,llm_action_unsuccessful_proportion,10,0.013405982905982907,0.005869569919523076
3,1,Qwen/Qwen3-8B,cooperative,altruistic,llm_decisions,10,223.3,5.375872022286244
3,1,Qwen/Qwen3-8B,cooperative,altruistic,llm_executed_actions,10,223.3,5.375872022286244
3,1,Qwen/Qwen3-8B,cooperative,altruistic,llm_executed_eat_proportion,10,0.1459423076923077,0.002290624202557868
3,1,Qwen/Qwen3-8B,cooperative,altruistic,llm_executed_move_proportion,10,0.3255726495726496,0.04702730869663578
3,1,Qwen/Qwen3-8B,cooperative,altruistic,llm_executed_throw_proportion,10,0.5150790598290598,0.04420867826468509
3,1,Qwen/Qwen3-8B,cooperative,altruistic,llm_executed_unsuccessful_proportion,10,0.013405982905982907,0.005869569919523076
3,1,Qwen/Qwen3-8B,cooperative,altruistic,llm_mean_berries_consumed,10,10.866666666666667,0.4216370213557843
3,1,Qwen/Qwen3-8B,cooperative,altruistic,llm_mean_final_wellbeing,10,7.9722222222222126,1.4347370865578741
3,1,Qwen/Qwen3-8B,cooperative,altruistic,llm_rule_survival_gap,10,-0.03333333333333334,0.105409255338946
3,1,Qwen/Qwen3-8B,cooperative,altruistic,llm_rule_wellbeing_gap,10,-0.7777777777777802,2.7802458171609357
3,1,Qwen/Qwen3-8B,cooperative,altruistic,llm_successful_shares,10,115.1,11.159948227677601
3,1,Qwen/Qwen3-8B,cooperative,altruistic,llm_survival_rate,10,0.9666666666666666,0.105409255338946
3,1,Qwen/Qwen3-8B,cooperative,altruistic,llm_survivors,10,2.9,0.31622776601683805
3,1,Qwen/Qwen3-8B,cooperative,altruistic,llm_total_final_wellbeing,10,23.91666666666664,4.3042112596736235
3,1,Qwen/Qwen3-8B,cooperative,altruistic,mean_final_wellbeing,10,8.166666666666659,1.5676612288358278
3,1,Qwen/Qwen3-8B,cooperative,altruistic,minimum_berries_consumed,10,10.6,1.2649110640673522
3,1,Qwen/Qwen3-8B,cooperative,altruistic,minimum_final_wellbeing,10,5.249999999999991,1.8446619684315515
3,1,Qwen/Qwen3-8B,cooperative,altruistic,rule_executed_actions,10,75.0,0.0
3,1,Qwen/Qwen3-8B,cooperative,altruistic,rule_executed_eat_proportion,10,0.14666666666666667,0.0
3,1,Qwen/Qwen3-8B,cooperative,altruistic,rule_executed_move_proportion,10,0.3546666666666667,0.054505634548465395
3,1,Qwen/Qwen3-8B,cooperative,altruistic,rule_executed_throw_proportion,10,0.49866666666666665,0.05450563454846538
3,1,Qwen/Qwen3-8B,cooperative,altruistic,rule_executed_unsuccessful_proportion,10,0.0,0.0
3,1,Qwen/Qwen3-8B,cooperative,altruistic,rule_mean_berries_consumed,10,11.0,0.0
3,1,Qwen/Qwen3-8B,cooperative,altruistic,rule_mean_final_wellbeing,10,8.749999999999995,3.0744366140525905
3,1,Qwen/Qwen3-8B,cooperative,altruistic,rule_successful_shares,10,37.4,4.087922591134904
3,1,Qwen/Qwen3-8B,cooperative,altruistic,rule_survival_rate,10,1.0,0.0
3,1,Qwen/Qwen3-8B,cooperative,altruistic,rule_survivors,10,1.0,0.0
3,1,Qwen/Qwen3-8B,cooperative,altruistic,rule_total_final_wellbeing,10,8.749999999999995,3.0744366140525905
3,1,Qwen/Qwen3-8B,cooperative,altruistic,survival_rate,10,0.975,0.07905694150420951
3,1,Qwen/Qwen3-8B,cooperative,altruistic,survivors,10,3.9,0.31622776601683805
3,1,Qwen/Qwen3-8B,cooperative,altruistic,time_averaged_gini_wellbeing,10,0.12143098876570228,0.022237034602638546
3,1,Qwen/Qwen3-8B,cooperative,altruistic,time_averaged_minimum_wellbeing,10,7.411555555555549,0.835962469868597
3,1,Qwen/Qwen3-8B,cooperative,altruistic,total_berries_consumed,10,43.6,1.2649110640673515
3,1,Qwen/Qwen3-8B,cooperative,altruistic,total_berries_thrown,10,152.5,14.759177935553634
3,1,Qwen/Qwen3-8B,cooperative,altruistic,total_final_wellbeing,10,32.666666666666636,6.270644915343311
3,1,Qwen/Qwen3-8B,cooperative,cooperative,episode_steps,10,75.0,0.0
3,1,Qwen/Qwen3-8B,cooperative,cooperative,fallback_count,10,2.8,1.3165611772087666
3,1,Qwen/Qwen3-8B,cooperative,cooperative,fallback_rate,10,0.012799954885968348,0.005826520314254499
3,1,Qwen/Qwen3-8B,cooperative,cooperative,gini_berries_consumed,10,0.027078354801733012,0.047031861129276986
3,1,Qwen/Qwen3-8B,cooperative,cooperative,gini_final_wellbeing,10,0.24017857142857157,0.18463583602273573
3,1,Qwen/Qwen3-8B,cooperative,cooperative,llm_action_eat_proportion,10,0.14330895988412817,0.005323759820653436
3,1,Qwen/Qwen3-8B,cooperative,cooperative,llm_action_move_proportion,10,0.3308863126402394,0.06405278710129472
3,1,Qwen/Qwen3-8B,cooperative,cooperative,llm_action_throw_proportion,10,0.5149274257696097,0.060446179634032
3,1,Qwen/Qwen3-8B,cooperative,cooperative,llm_action_unsuccessful_proportion,10,0.010877301706022724,0.006243636965557524
3,1,Qwen/Qwen3-8B,cooperative,cooperative,llm_decisions,10,218.7,13.333749993489786
3,1,Qwen/Qwen3-8B,cooperative,cooperative,llm_executed_actions,10,218.7,13.333749993489786
3,1,Qwen/Qwen3-8B,cooperative,cooperative,llm_executed_eat_proportion,10,0.14330895988412817,0.005323759820653436
3,1,Qwen/Qwen3-8B,cooperative,cooperative,llm_executed_move_proportion,10,0.3308863126402394,0.06405278710129472
3,1,Qwen/Qwen3-8B,cooperative,cooperative,llm_executed_throw_proportion,10,0.5149274257696097,0.060446179634032
3,1,Qwen/Qwen3-8B,cooperative,cooperative,llm_executed_unsuccessful_proportion,10,0.010877301706022724,0.006243636965557524
3,1,Qwen/Qwen3-8B,cooperative,cooperative,llm_mean_berries_consumed,10,10.466666666666667,0.9711899281516512
3,1,Qwen/Qwen3-8B,cooperative,cooperative,llm_mean_final_wellbeing,10,7.972222222222214,3.3616339762677594
3,1,Qwen/Qwen3-8B,cooperative,cooperative,llm_rule_survival_gap,10,-0.06666666666666668,0.34426518632954817
3,1,Qwen/Qwen3-8B,cooperative,cooperative,llm_rule_wellbeing_gap,10,0.3888888888888863,3.526307168931411
3,1,Qwen/Qwen3-8B,cooperative,cooperative,llm_successful_shares,10,112.7,15.762473015220536
3,1,Qwen/Qwen3-8B,cooperative,cooperative,llm_survival_rate,10,0.8333333333333334,0.23570226039551584
3,1,Qwen/Qwen3-8B,cooperative,cooperative,llm_survivors,10,2.5,0.7071067811865476
3,1,Qwen/Qwen3-8B,cooperative,cooperative,llm_total_final_wellbeing,10,23.916666666666643,10.084901928803278
3,1,Qwen/Qwen3-8B,cooperative,cooperative,mean_final_wellbeing,10,7.874999999999993,3.1653262270193845
3,1,Qwen/Qwen3-8B,cooperative,cooperative,minimum_berries_consumed,10,9.8,2.097617696340303
3,1,Qwen/Qwen3-8B,cooperative,cooperative,minimum_final_wellbeing,10,4.083333333333327,3.9371999199782204
3,1,Qwen/Qwen3-8B,cooperative,cooperative,rule_executed_actions,10,75.0,0.0
3,1,Qwen/Qwen3-8B,cooperative,cooperative,rule_executed_eat_proportion,10,0.14533333333333334,0.004216370213557837
3,1,Qwen/Qwen3-8B,cooperative,cooperative,rule_executed_move_proportion,10,0.37733333333333335,0.06380525927469545
3,1,Qwen/Qwen3-8B,cooperative,cooperative,rule_executed_throw_proportion,10,0.47733333333333333,0.06119791814420802
3,1,Qwen/Qwen3-8B,cooperative,cooperative,rule_executed_unsuccessful_proportion,10,0.0,0.0
3,1,Qwen/Qwen3-8B,cooperative,cooperative,rule_mean_berries_consumed,10,10.9,0.3162277660168379
3,1,Qwen/Qwen3-8B,cooperative,cooperative,rule_mean_final_wellbeing,10,7.583333333333327,3.9371999199782244
3,1,Qwen/Qwen3-8B,cooperative,cooperative,rule_successful_shares,10,35.8,4.589843860815601
3,1,Qwen/Qwen3-8B,cooperative,cooperative,rule_survival_rate,10,0.9,0.31622776601683794
3,1,Qwen/Qwen3-8B,cooperative,cooperative,rule_survivors,10,0.9,0.31622776601683794
3,1,Qwen/Qwen3-8B,cooperative,cooperative,rule_total_final_wellbeing,10,7.583333333333327,3.9371999199782244
3,1,Qwen/Qwen3-8B,cooperative,cooperative,survival_rate,10,0.85,0.21081851067789195
3,1,Qwen/Qwen3-8B,cooperative,cooperative,survivors,10,3.4,0.8432740427115678
3,1,Qwen/Qwen3-8B,cooperative,cooperative,time_averaged_gini_wellbeing,10,0.1424913719921198,0.04238248686834855
3,1,Qwen/Qwen3-8B,cooperative,cooperative,time_averaged_minimum_wellbeing,10,6.963777777777771,1.2046007142030235
3,1,Qwen/Qwen3-8B,cooperative,cooperative,total_berries_consumed,10,42.3,2.9078437983419185
3,1,Qwen/Qwen3-8B,cooperative,cooperative,total_berries_thrown,10,148.5,19.62000113263107
3,1,Qwen/Qwen3-8B,cooperative,cooperative,total_final_wellbeing,10,31.49999999999997,12.661304908077538
3,1,Qwen/Qwen3-8B,cooperative,self_interested,episode_steps,10,75.0,0.0
3,1,Qwen/Qwen3-8B,cooperative,self_interested,fallback_count,10,2.4,1.577621275493231
3,1,Qwen/Qwen3-8B,cooperative,self_interested,fallback_rate,10,0.012141858292529005,0.01026458158076948
3,1,Qwen/Qwen3-8B,cooperative,self_interested,gini_berries_consumed,10,0.22160681349283964,0.06974983569298923
3,1,Qwen/Qwen3-8B,cooperative,self_interested,gini_final_wellbeing,10,0.5953486586942472,0.07753949507861267
3,1,Qwen/Qwen3-8B,cooperative,self_interested,llm_action_eat_proportion,10,0.14193943643744028,0.004297890328663998
3,1,Qwen/Qwen3-8B,cooperative,self_interested,llm_action_move_proportion,10,0.35375693245503215,0.06624627774653367
3,1,Qwen/Qwen3-8B,cooperative,self_interested,llm_action_throw_proportion,10,0.49338470335867335,0.06429238122116132
3,1,Qwen/Qwen3-8B,cooperative,self_interested,llm_action_unsuccessful_proportion,10,0.01091892774885429,0.005086366288863154
3,1,Qwen/Qwen3-8B,cooperative,self_interested,llm_decisions,10,211.2,22.029273453495662
3,1,Qwen/Qwen3-8B,cooperative,self_interested,llm_executed_actions,10,211.2,22.029273453495662
3,1,Qwen/Qwen3-8B,cooperative,self_interested,llm_executed_eat_proportion,10,0.14193943643744028,0.004297890328663998
3,1,Qwen/Qwen3-8B,cooperative,self_interested,llm_executed_move_proportion,10,0.35375693245503215,0.06624627774653367
3,1,Qwen/Qwen3-8B,cooperative,self_interested,llm_executed_throw_proportion,10,0.49338470335867335,0.06429238122116132
3,1,Qwen/Qwen3-8B,cooperative,self_interested,llm_executed_unsuccessful_proportion,10,0.01091892774885429,0.005086366288863154
3,1,Qwen/Qwen3-8B,cooperative,self_interested,llm_mean_berries_consumed,10,10.0,1.1653431646335017
3,1,Qwen/Qwen3-8B,cooperative,self_interested,llm_mean_final_wellbeing,10,7.38888888888888,3.5263071689314085
3,1,Qwen/Qwen3-8B,cooperative,self_interested,llm_rule_survival_gap,10,-0.30000000000000004,0.29186501192363773
3,1,Qwen/Qwen3-8B,cooperative,self_interested,llm_rule_wellbeing_gap,10,-73.69444444444454,13.13839622702797
3,1,Qwen/Qwen3-8B,cooperative,self_interested,llm_successful_shares,10,105.1,20.67446089583313
3,1,Qwen/Qwen3-8B,cooperative,self_interested,llm_survival_rate,10,0.7,0.2918650119236377
3,1,Qwen/Qwen3-8B,cooperative,self_interested,llm_survivors,10,2.1,0.875595035770913
3,1,Qwen/Qwen3-8B,cooperative,self_interested,llm_total_final_wellbeing,10,22.16666666666664,10.578921506794227
3,1,Qwen/Qwen3-8B,cooperative,self_interested,mean_final_wellbeing,10,25.812500000000018,3.952176010256812
3,1,Qwen/Qwen3-8B,cooperative,self_interested,minimum_berries_consumed,10,8.6,2.6331223544175333
3,1,Qwen/Qwen3-8B,cooperative,self_interested,minimum_final_wellbeing,10,2.3333333333333286,3.01232038038354
3,1,Qwen/Qwen3-8B,cooperative,self_interested,rule_executed_actions,10,75.0,0.0
3,1,Qwen/Qwen3-8B,cooperative,self_interested,rule_executed_eat_proportion,10,0.31866666666666665,0.02842360347612352
3,1,Qwen/Qwen3-8B,cooperative,self_interested,rule_executed_move_proportion,10,0.6813333333333333,0.028423603476123573
3,1,Qwen/Qwen3-8B,cooperative,self_interested,rule_executed_throw_proportion,10,0.0,0.0
3,1,Qwen/Qwen3-8B,cooperative,self_interested,rule_executed_unsuccessful_proportion,10,0.0,0.0
3,1,Qwen/Qwen3-8B,cooperative,self_interested,rule_mean_berries_consumed,10,23.9,2.131770260709264
3,1,Qwen/Qwen3-8B,cooperative,self_interested,rule_mean_final_wellbeing,10,81.08333333333344,12.435326520804105
3,1,Qwen/Qwen3-8B,cooperative,self_interested,rule_successful_shares,10,0.0,0.0
3,1,Qwen/Qwen3-8B,cooperative,self_interested,rule_survival_rate,10,1.0,0.0
3,1,Qwen/Qwen3-8B,cooperative,self_interested,rule_survivors,10,1.0,0.0
3,1,Qwen/Qwen3-8B,cooperative,self_interested,rule_total_final_wellbeing,10,81.08333333333344,12.435326520804105
3,1,Qwen/Qwen3-8B,cooperative,self_interested,survival_rate,10,0.775,0.21889875894272826
3,1,Qwen/Qwen3-8B,cooperative,self_interested,survivors,10,3.1,0.875595035770913
3,1,Qwen/Qwen3-8B,cooperative,self_interested,time_averaged_gini_wellbeing,10,0.4238744076533446,0.037314648140494094
3,1,Qwen/Qwen3-8B,cooperative,self_interested,time_averaged_minimum_wellbeing,10,6.663333333333325,1.3718467522503386
3,1,Qwen/Qwen3-8B,cooperative,self_interested,total_berries_consumed,10,53.9,4.094712037087184
3,1,Qwen/Qwen3-8B,cooperative,self_interested,total_berries_thrown,10,105.1,20.67446089583313
3,1,Qwen/Qwen3-8B,cooperative,self_interested,total_final_wellbeing,10,103.25000000000007,15.808704041027248
3,1,Qwen/Qwen3-8B,self_interested,altruistic,episode_steps,10,75.0,0.0
3,1,Qwen/Qwen3-8B,self_interested,altruistic,fallback_count,10,1.8,1.1352924243950933
3,1,Qwen/Qwen3-8B,self_interested,altruistic,fallback_rate,10,0.008,0.005045744108422637
3,1,Qwen/Qwen3-8B,self_interested,altruistic,gini_berries_consumed,10,0.18863144568111315,0.04223140813313284
3,1,Qwen/Qwen3-8B,self_interested,altruistic,gini_final_wellbeing,10,0.28525500303789786,0.024296753445469856
3,1,Qwen/Qwen3-8B,self_interested,altruistic,llm_action_eat_proportion,10,0.29866666666666664,0.038048413315536614
3,1,Qwen/Qwen3-8B,self_interested,altruistic,llm_action_move_proportion,10,0.6977777777777778,0.039586338417444106
3,1,Qwen/Qwen3-8B,self_interested,altruistic,llm_action_throw_proportion,10,0.0017777777777777779,0.0031075817723560046
3,1,Qwen/Qwen3-8B,self_interested,altruistic,llm_action_unsuccessful_proportion,10,0.0017777777777777779,0.0022951012421969876
3,1,Qwen/Qwen3-8B,self_interested,altruistic,llm_decisions,10,225.0,0.0
3,1,Qwen/Qwen3-8B,self_interested,altruistic,llm_executed_actions,10,225.0,0.0
3,1,Qwen/Qwen3-8B,self_interested,altruistic,llm_executed_eat_proportion,10,0.29866666666666664,0.038048413315536614
3,1,Qwen/Qwen3-8B,self_interested,altruistic,llm_executed_move_proportion,10,0.6977777777777778,0.039586338417444106
3,1,Qwen/Qwen3-8B,self_interested,altruistic,llm_executed_throw_proportion,10,0.0017777777777777779,0.0031075817723560046
3,1,Qwen/Qwen3-8B,self_interested,altruistic,llm_executed_unsuccessful_proportion,10,0.0017777777777777779,0.0022951012421969876
3,1,Qwen/Qwen3-8B,self_interested,altruistic,llm_mean_berries_consumed,10,22.4,2.8536309986652473
3,1,Qwen/Qwen3-8B,self_interested,altruistic,llm_mean_final_wellbeing,10,73.88888888888897,16.75183997837796
3,1,Qwen/Qwen3-8B,self_interested,altruistic,llm_rule_survival_gap,10,1.0,0.0
3,1,Qwen/Qwen3-8B,self_interested,altruistic,llm_rule_wellbeing_gap,10,73.88888888888897,16.75183997837796
3,1,Qwen/Qwen3-8B,self_interested,altruistic,llm_successful_shares,10,0.4,0.6992058987801011
3,1,Qwen/Qwen3-8B,self_interested,altruistic,llm_survival_rate,10,1.0,0.0
3,1,Qwen/Qwen3-8B,self_interested,altruistic,llm_survivors,10,3.0,0.0
3,1,Qwen/Qwen3-8B,self_interested,altruistic,llm_total_final_wellbeing,10,221.6666666666669,50.255519935133876
3,1,Qwen/Qwen3-8B,self_interested,altruistic,mean_final_wellbeing,10,55.41666666666673,12.563879983783469
3,1,Qwen/Qwen3-8B,self_interested,altruistic,minimum_berries_consumed,10,6.1,3.414023367751831
3,1,Qwen/Qwen3-8B,self_interested,altruistic,minimum_final_wellbeing,10,0.0,0.0
3,1,Qwen/Qwen3-8B,self_interested,altruistic,rule_executed_actions,10,52.8,19.959959919799438
3,1,Qwen/Qwen3-8B,self_interested,altruistic,rule_executed_eat_proportion,10,0.10308608058608057,0.040462192812754476
3,1,Qwen/Qwen3-8B,self_interested,altruistic,rule_executed_move_proportion,10,0.7375567226890756,0.060430893745933294
3,1,Qwen/Qwen3-8B,self_interested,altruistic,rule_executed_throw_proportion,10,0.15935719672484377,0.03093165096835249
3,1,Qwen/Qwen3-8B,self_interested,altruistic,rule_executed_unsuccessful_proportion,10,0.0,0.0
3,1,Qwen/Qwen3-8B,self_interested,altruistic,rule_mean_berries_consumed,10,6.1,3.414023367751831
3,1,Qwen/Qwen3-8B,self_interested,altruistic,rule_mean_final_wellbeing,10,0.0,0.0
3,1,Qwen/Qwen3-8B,self_interested,altruistic,rule_successful_shares,10,8.6,3.8643671323171835
3,1,Qwen/Qwen3-8B,self_interested,altruistic,rule_survival_rate,10,0.0,0.0
3,1,Qwen/Qwen3-8B,self_interested,altruistic,rule_survivors,10,0.0,0.0
3,1,Qwen/Qwen3-8B,self_interested,altruistic,rule_total_final_wellbeing,10,0.0,0.0
3,1,Qwen/Qwen3-8B,self_interested,altruistic,survival_rate,10,0.75,0.0
3,1,Qwen/Qwen3-8B,self_interested,altruistic,survivors,10,3.0,0.0
3,1,Qwen/Qwen3-8B,self_interested,altruistic,time_averaged_gini_wellbeing,10,0.2351804057030829,0.01556278238454386
3,1,Qwen/Qwen3-8B,self_interested,altruistic,time_averaged_minimum_wellbeing,10,5.509333333333329,2.076727350506124
3,1,Qwen/Qwen3-8B,self_interested,altruistic,total_berries_consumed,10,73.3,11.116054455905957
3,1,Qwen/Qwen3-8B,self_interested,altruistic,total_berries_thrown,10,9.0,4.242640687119285
3,1,Qwen/Qwen3-8B,self_interested,altruistic,total_final_wellbeing,10,221.6666666666669,50.255519935133876
3,1,Qwen/Qwen3-8B,self_interested,cooperative,episode_steps,10,75.0,0.0
3,1,Qwen/Qwen3-8B,self_interested,cooperative,fallback_count,10,0.9,0.7378647873726218
3,1,Qwen/Qwen3-8B,self_interested,cooperative,fallback_rate,10,0.004,0.0032793990549894302
3,1,Qwen/Qwen3-8B,self_interested,cooperative,gini_berries_consumed,10,0.11760378480095049,0.014706695767162131
3,1,Qwen/Qwen3-8B,self_interested,cooperative,gini_final_wellbeing,10,0.13274909852920613,0.0648421655701792
3,1,Qwen/Qwen3-8B,self_interested,cooperative,llm_action_eat_proportion,10,0.2693333333333333,0.025071639468214724
3,1,Qwen/Qwen3-8B,self_interested,cooperative,llm_action_move_proportion,10,0.727111111111111,0.02741341275548533
3,1,Qwen/Qwen3-8B,self_interested,cooperative,llm_action_throw_proportion,10,0.0008888888888888889,0.0018739423171368174
3,1,Qwen/Qwen3-8B,self_interested,cooperative,llm_action_unsuccessful_proportion,10,0.002666666666666667,0.004777634221213955
3,1,Qwen/Qwen3-8B,self_interested,cooperative,llm_decisions,10,225.0,0.0
3,1,Qwen/Qwen3-8B,self_interested,cooperative,llm_executed_actions,10,225.0,0.0
3,1,Qwen/Qwen3-8B,self_interested,cooperative,llm_executed_eat_proportion,10,0.2693333333333333,0.025071639468214724
3,1,Qwen/Qwen3-8B,self_interested,cooperative,llm_executed_move_proportion,10,0.727111111111111,0.02741341275548533
3,1,Qwen/Qwen3-8B,self_interested,cooperative,llm_executed_throw_proportion,10,0.0008888888888888889,0.0018739423171368174
3,1,Qwen/Qwen3-8B,self_interested,cooperative,llm_executed_unsuccessful_proportion,10,0.002666666666666667,0.004777634221213955
3,1,Qwen/Qwen3-8B,self_interested,cooperative,llm_mean_berries_consumed,10,20.2,1.8803729601161054
3,1,Qwen/Qwen3-8B,self_interested,cooperative,llm_mean_final_wellbeing,10,60.66666666666667,11.441237714467723
3,1,Qwen/Qwen3-8B,self_interested,cooperative,llm_rule_survival_gap,10,0.0,0.0
3,1,Qwen/Qwen3-8B,self_interested,cooperative,llm_rule_wellbeing_gap,10,23.333333333333353,10.082818916919251
3,1,Qwen/Qwen3-8B,self_interested,cooperative,llm_successful_shares,10,0.2,0.4216370213557839
3,1,Qwen/Qwen3-8B,self_interested,cooperative,llm_survival_rate,10,1.0,0.0
3,1,Qwen/Qwen3-8B,self_interested,cooperative,llm_survivors,10,3.0,0.0
3,1,Qwen/Qwen3-8B,self_interested,cooperative,llm_total_final_wellbeing,10,182.00000000000003,34.32371314340316
3,1,Qwen/Qwen3-8B,self_interested,cooperative,mean_final_wellbeing,10,54.833333333333336,12.82817657336895
3,1,Qwen/Qwen3-8B,self_interested,cooperative,minimum_berries_consumed,10,11.0,0.0
3,1,Qwen/Qwen3-8B,self_interested,cooperative,minimum_final_wellbeing,10,37.33333333333333,18.487566726229552
3,1,Qwen/Qwen3-8B,self_interested,cooperative,rule_executed_actions,10,75.0,0.0
3,1,Qwen/Qwen3-8B,self_interested,cooperative,rule_executed_eat_proportion,10,0.14666666666666667,0.0
3,1,Qwen/Qwen3-8B,self_interested,cooperative,rule_executed_move_proportion,10,0.8053333333333332,0.01799862820561479
3,1,Qwen/Qwen3-8B,self_interested,cooperative,rule_executed_throw_proportion,10,0.048,0.017998628205614747
3,1,Qwen/Qwen3-8B,self_interested,cooperative,rule_executed_unsuccessful_proportion,10,0.0,0.0
3,1,Qwen/Qwen3-8B,self_interested,cooperative,rule_mean_berries_consumed,10,11.0,0.0
3,1,Qwen/Qwen3-8B,self_interested,cooperative,rule_mean_final_wellbeing,10,37.33333333333333,18.487566726229552
3,1,Qwen/Qwen3-8B,self_interested,cooperative,rule_successful_shares,10,3.6,1.3498971154211057
3,1,Qwen/Qwen3-8B,self_interested,cooperative,rule_survival_rate,10,1.0,0.0
3,1,Qwen/Qwen3-8B,self_interested,cooperative,rule_survivors,10,1.0,0.0
3,1,Qwen/Qwen3-8B,self_interested,cooperative,rule_total_final_wellbeing,10,37.33333333333333,18.487566726229552
3,1,Qwen/Qwen3-8B,self_interested,cooperative,survival_rate,10,1.0,0.0
3,1,Qwen/Qwen3-8B,self_interested,cooperative,survivors,10,4.0,0.0
3,1,Qwen/Qwen3-8B,self_interested,cooperative,time_averaged_gini_wellbeing,10,0.10249136280742092,0.028624805477111246
3,1,Qwen/Qwen3-8B,self_interested,cooperative,time_averaged_minimum_wellbeing,10,32.862222222222215,7.767642779403705
3,1,Qwen/Qwen3-8B,self_interested,cooperative,total_berries_consumed,10,71.6,5.641118880348316
3,1,Qwen/Qwen3-8B,self_interested,cooperative,total_berries_thrown,10,3.8,1.3165611772087666
3,1,Qwen/Qwen3-8B,self_interested,cooperative,total_final_wellbeing,10,219.33333333333334,51.3127062934758
3,1,Qwen/Qwen3-8B,self_interested,self_interested,episode_steps,10,75.0,0.0
3,1,Qwen/Qwen3-8B,self_interested,self_interested,fallback_count,10,1.0,1.4907119849998598
3,1,Qwen/Qwen3-8B,self_interested,self_interested,fallback_rate,10,0.0044444444444444444,0.006625386599999377
3,1,Qwen/Qwen3-8B,self_interested,self_interested,gini_berries_consumed,10,0.0633853567267596,0.02561450350219775
3,1,Qwen/Qwen3-8B,self_interested,self_interested,gini_final_wellbeing,10,0.15190268313079427,0.09069610330898979
3,1,Qwen/Qwen3-8B,self_interested,self_interested,llm_action_eat_proportion,10,0.25866666666666666,0.03822107376971164
3,1,Qwen/Qwen3-8B,self_interested,self_interested,llm_action_move_proportion,10,0.7404444444444445,0.036840962470801916
3,1,Qwen/Qwen3-8B,self_interested,self_interested,llm_action_throw_proportion,10,0.0,0.0
3,1,Qwen/Qwen3-8B,self_interested,self_interested,llm_action_unsuccessful_proportion,10,0.0008888888888888889,0.0018739423171368174
3,1,Qwen/Qwen3-8B,self_interested,self_interested,llm_decisions,10,225.0,0.0
3,1,Qwen/Qwen3-8B,self_interested,self_interested,llm_executed_actions,10,225.0,0.0
3,1,Qwen/Qwen3-8B,self_interested,self_interested,llm_executed_eat_proportion,10,0.25866666666666666,0.03822107376971164
3,1,Qwen/Qwen3-8B,self_interested,self_interested,llm_executed_move_proportion,10,0.7404444444444445,0.036840962470801916
3,1,Qwen/Qwen3-8B,self_interested,self_interested,llm_executed_throw_proportion,10,0.0,0.0
3,1,Qwen/Qwen3-8B,self_interested,self_interested,llm_executed_unsuccessful_proportion,10,0.0008888888888888889,0.0018739423171368174
3,1,Qwen/Qwen3-8B,self_interested,self_interested,llm_mean_berries_consumed,10,19.4,2.866580532728374
3,1,Qwen/Qwen3-8B,self_interested,self_interested,llm_mean_final_wellbeing,10,55.02777777777781,16.551272335147235
3,1,Qwen/Qwen3-8B,self_interested,self_interested,llm_rule_survival_gap,10,0.0,0.0
3,1,Qwen/Qwen3-8B,self_interested,self_interested,llm_rule_wellbeing_gap,10,11.277777777777818,12.988863014685572
3,1,Qwen/Qwen3-8B,self_interested,self_interested,llm_successful_shares,10,0.0,0.0
3,1,Qwen/Qwen3-8B,self_interested,self_interested,llm_survival_rate,10,1.0,0.0
3,1,Qwen/Qwen3-8B,self_interested,self_interested,llm_survivors,10,3.0,0.0
3,1,Qwen/Qwen3-8B,self_interested,self_interested,llm_total_final_wellbeing,10,165.08333333333343,49.65381700544171
3,1,Qwen/Qwen3-8B,self_interested,self_interested,mean_final_wellbeing,10,52.20833333333335,17.456736645804945
3,1,Qwen/Qwen3-8B,self_interested,self_interested,minimum_berries_consumed,10,16.2,3.190262963734773
3,1,Qwen/Qwen3-8B,self_interested,self_interested,minimum_final_wellbeing,10,36.16666666666663,18.609867288452858
3,1,Qwen/Qwen3-8B,self_interested,self_interested,rule_executed_actions,10,75.0,0.0
3,1,Qwen/Qwen3-8B,self_interested,self_interested,rule_executed_eat_proportion,10,0.23333333333333334,0.052304899093065856
3,1,Qwen/Qwen3-8B,self_interested,self_interested,rule_executed_move_proportion,10,0.7666666666666667,0.0523048990930659
3,1,Qwen/Qwen3-8B,self_interested,self_interested,rule_executed_throw_proportion,10,0.0,0.0
3,1,Qwen/Qwen3-8B,self_interested,self_interested,rule_executed_unsuccessful_proportion,10,0.0,0.0
3,1,Qwen/Qwen3-8B,self_interested,self_interested,rule_mean_berries_consumed,10,17.5,3.92286743197994
3,1,Qwen/Qwen3-8B,self_interested,self_interested,rule_mean_final_wellbeing,10,43.749999999999986,22.883393353216356
3,1,Qwen/Qwen3-8B,self_interested,self_interested,rule_successful_shares,10,0.0,0.0
3,1,Qwen/Qwen3-8B,self_interested,self_interested,rule_survival_rate,10,1.0,0.0
3,1,Qwen/Qwen3-8B,self_interested,self_interested,rule_survivors,10,1.0,0.0
3,1,Qwen/Qwen3-8B,self_interested,self_interested,rule_total_final_wellbeing,10,43.749999999999986,22.883393353216356
3,1,Qwen/Qwen3-8B,self_interested,self_interested,survival_rate,10,1.0,0.0
3,1,Qwen/Qwen3-8B,self_interested,self_interested,survivors,10,4.0,0.0
3,1,Qwen/Qwen3-8B,self_interested,self_interested,time_averaged_gini_wellbeing,10,0.09209481279826333,0.03232940668519327
3,1,Qwen/Qwen3-8B,self_interested,self_interested,time_averaged_minimum_wellbeing,10,36.06666666666665,8.983623265055694
3,1,Qwen/Qwen3-8B,self_interested,self_interested,total_berries_consumed,10,75.7,12.018966492821065
3,1,Qwen/Qwen3-8B,self_interested,self_interested,total_berries_thrown,10,0.0,0.0
3,1,Qwen/Qwen3-8B,self_interested,self_interested,total_final_wellbeing,10,208.8333333333334,69.82694658321978
3,1,Qwen/Qwen3-8B,unframed,altruistic,episode_steps,10,75.0,0.0
3,1,Qwen/Qwen3-8B,unframed,altruistic,fallback_count,10,4.3,2.496664441476534
3,1,Qwen/Qwen3-8B,unframed,altruistic,fallback_rate,10,0.019111111111111113,0.011096286406562374
3,1,Qwen/Qwen3-8B,unframed,altruistic,gini_berries_consumed,10,0.1739925533819166,0.05524870848254883
3,1,Qwen/Qwen3-8B,unframed,altruistic,gini_final_wellbeing,10,0.3007994698395763,0.049081613575203256
3,1,Qwen/Qwen3-8B,unframed,altruistic,llm_action_eat_proportion,10,0.26311111111111113,0.031132267938521353
3,1,Qwen/Qwen3-8B,unframed,altruistic,llm_action_move_proportion,10,0.695111111111111,0.05504256988290184
3,1,Qwen/Qwen3-8B,unframed,altruistic,llm_action_throw_proportion,10,0.04044444444444444,0.03342046225993947
3,1,Qwen/Qwen3-8B,unframed,altruistic,llm_action_unsuccessful_proportion,10,0.0013333333333333333,0.002146870629065102
3,1,Qwen/Qwen3-8B,unframed,altruistic,llm_decisions,10,225.0,0.0
3,1,Qwen/Qwen3-8B,unframed,altruistic,llm_executed_actions,10,225.0,0.0
3,1,Qwen/Qwen3-8B,unframed,altruistic,llm_executed_eat_proportion,10,0.26311111111111113,0.031132267938521353
3,1,Qwen/Qwen3-8B,unframed,altruistic,llm_executed_move_proportion,10,0.695111111111111,0.05504256988290184
3,1,Qwen/Qwen3-8B,unframed,altruistic,llm_executed_throw_proportion,10,0.04044444444444444,0.03342046225993947
3,1,Qwen/Qwen3-8B,unframed,altruistic,llm_executed_unsuccessful_proportion,10,0.0013333333333333333,0.002146870629065102
3,1,Qwen/Qwen3-8B,unframed,altruistic,llm_mean_berries_consumed,10,19.733333333333334,2.3349200953891023
3,1,Qwen/Qwen3-8B,unframed,altruistic,llm_mean_final_wellbeing,10,59.5,13.785914562669339
3,1,Qwen/Qwen3-8B,unframed,altruistic,llm_rule_survival_gap,10,0.7,0.48304589153964794
3,1,Qwen/Qwen3-8B,unframed,altruistic,llm_rule_wellbeing_gap,10,56.583333333333336,12.715933266879677
3,1,Qwen/Qwen3-8B,unframed,altruistic,llm_successful_shares,10,9.1,7.519604008486381
3,1,Qwen/Qwen3-8B,unframed,altruistic,llm_survival_rate,10,1.0,0.0
3,1,Qwen/Qwen3-8B,unframed,altruistic,llm_survivors,10,3.0,0.0
3,1,Qwen/Qwen3-8B,unframed,altruistic,llm_total_final_wellbeing,10,178.50000000000003,41.35774368800803
3,1,Qwen/Qwen3-8B,unframed,altruistic,mean_final_wellbeing,10,45.35416666666667,10.966089179042651
3,1,Qwen/Qwen3-8B,unframed,altruistic,minimum_berries_consumed,10,7.3,2.9832867780352594
3,1,Qwen/Qwen3-8B,unframed,altruistic,minimum_final_wellbeing,10,2.9166666666666647,5.668981008877373
3,1,Qwen/Qwen3-8B,unframed,altruistic,rule_executed_actions,10,57.8,14.89071298942174
3,1,Qwen/Qwen3-8B,unframed,altruistic,rule_executed_eat_proportion,10,0.12091154422788605,0.02353961599694586
3,1,Qwen/Qwen3-8B,unframed,altruistic,rule_executed_move_proportion,10,0.6390114942528735,0.10006116331459657
3,1,Qwen/Qwen3-8B,unframed,altruistic,rule_executed_throw_proportion,10,0.24007696151924035,0.09295173762060152
3,1,Qwen/Qwen3-8B,unframed,altruistic,rule_executed_unsuccessful_proportion,10,0.0,0.0
3,1,Qwen/Qwen3-8B,unframed,altruistic,rule_mean_berries_consumed,10,7.3,2.9832867780352594
3,1,Qwen/Qwen3-8B,unframed,altruistic,rule_mean_final_wellbeing,10,2.9166666666666647,5.668981008877373
3,1,Qwen/Qwen3-8B,unframed,altruistic,rule_successful_shares,10,14.2,7.671013260609346
3,1,Qwen/Qwen3-8B,unframed,altruistic,rule_survival_rate,10,0.3,0.4830458915396479
3,1,Qwen/Qwen3-8B,unframed,altruistic,rule_survivors,10,0.3,0.4830458915396479
3,1,Qwen/Qwen3-8B,unframed,altruistic,rule_total_final_wellbeing,10,2.9166666666666647,5.668981008877373
3,1,Qwen/Qwen3-8B,unframed,altruistic,survival_rate,10,0.825,0.12076147288491197
3,1,Qwen/Qwen3-8B,unframed,altruistic,survivors,10,3.3,0.4830458915396479
3,1,Qwen/Qwen3-8B,unframed,altruistic,time_averaged_gini_wellbeing,10,0.25214859094586445,0.03663353247053316
3,1,Qwen/Qwen3-8B,unframed,altruistic,time_averaged_minimum_wellbeing,10,6.702666666666663,2.3286522827692915
3,1,Qwen/Qwen3-8B,unframed,altruistic,total_berries_consumed,10,66.5,8.303279138054101
3,1,Qwen/Qwen3-8B,unframed,altruistic,total_berries_thrown,10,23.3,15.107393333508378
3,1,Qwen/Qwen3-8B,unframed,altruistic,total_final_wellbeing,10,181.41666666666669,43.864356716170604
3,1,Qwen/Qwen3-8B,unframed,cooperative,episode_steps,10,75.0,0.0
3,1,Qwen/Qwen3-8B,unframed,cooperative,fallback_count,10,1.5,1.0801234497346435
3,1,Qwen/Qwen3-8B,unframed,cooperative,fallback_rate,10,0.006666666666666666,0.004800548665487304
3,1,Qwen/Qwen3-8B,unframed,cooperative,gini_berries_consumed,10,0.10960687437321018,0.0186205385599829
3,1,Qwen/Qwen3-8B,unframed,cooperative,gini_final_wellbeing,10,0.13003739316239327,0.05815917579489196
3,1,Qwen/Qwen3-8B,unframed,cooperative,llm_action_eat_proportion,10,0.256,0.030519956816161393
3,1,Qwen/Qwen3-8B,unframed,cooperative,llm_action_move_proportion,10,0.74,0.030089031128281332
3,1,Qwen/Qwen3-8B,unframed,cooperative,llm_action_throw_proportion,10,0.003111111111111111,0.0036589893437713986
3,1,Qwen/Qwen3-8B,unframed,cooperative,llm_action_unsuccessful_proportion,10,0.0008888888888888889,0.0018739423171368174
3,1,Qwen/Qwen3-8B,unframed,cooperative,llm_decisions,10,225.0,0.0
3,1,Qwen/Qwen3-8B,unframed,cooperative,llm_executed_actions,10,225.0,0.0
3,1,Qwen/Qwen3-8B,unframed,cooperative,llm_executed_eat_proportion,10,0.256,0.030519956816161393
3,1,Qwen/Qwen3-8B,unframed,cooperative,llm_executed_move_proportion,10,0.74,0.030089031128281332
3,1,Qwen/Qwen3-8B,unframed,cooperative,llm_executed_throw_proportion,10,0.003111111111111111,0.0036589893437713986
3,1,Qwen/Qwen3-8B,unframed,cooperative,llm_executed_unsuccessful_proportion,10,0.0008888888888888889,0.0018739423171368174
3,1,Qwen/Qwen3-8B,unframed,cooperative,llm_mean_berries_consumed,10,19.2,2.2889967612121045
3,1,Qwen/Qwen3-8B,unframed,cooperative,llm_mean_final_wellbeing,10,55.80555555555554,12.569730062916879
3,1,Qwen/Qwen3-8B,unframed,cooperative,llm_rule_survival_gap,10,0.0,0.0
3,1,Qwen/Qwen3-8B,unframed,cooperative,llm_rule_wellbeing_gap,10,20.80555555555555,8.502853954833604
3,1,Qwen/Qwen3-8B,unframed,cooperative,llm_successful_shares,10,0.7,0.8232726023485646
3,1,Qwen/Qwen3-8B,unframed,cooperative,llm_survival_rate,10,1.0,0.0
3,1,Qwen/Qwen3-8B,unframed,cooperative,llm_survivors,10,3.0,0.0
3,1,Qwen/Qwen3-8B,unframed,cooperative,llm_total_final_wellbeing,10,167.41666666666663,37.70919018875064
3,1,Qwen/Qwen3-8B,unframed,cooperative,mean_final_wellbeing,10,50.60416666666665,11.70811503025697
3,1,Qwen/Qwen3-8B,unframed,cooperative,minimum_berries_consumed,10,11.0,0.0
3,1,Qwen/Qwen3-8B,unframed,cooperative,minimum_final_wellbeing,10,34.99999999999999,11.33796201775475
3,1,Qwen/Qwen3-8B,unframed,cooperative,rule_executed_actions,10,75.0,0.0
3,1,Qwen/Qwen3-8B,unframed,cooperative,rule_executed_eat_proportion,10,0.14666666666666667,0.0
3,1,Qwen/Qwen3-8B,unframed,cooperative,rule_executed_move_proportion,10,0.7933333333333333,0.018053418676968826
3,1,Qwen/Qwen3-8B,unframed,cooperative,rule_executed_throw_proportion,10,0.06,0.0180534186769688
3,1,Qwen/Qwen3-8B,unframed,cooperative,rule_executed_unsuccessful_proportion,10,0.0,0.0
3,1,Qwen/Qwen3-8B,unframed,cooperative,rule_mean_berries_consumed,10,11.0,0.0
3,1,Qwen/Qwen3-8B,unframed,cooperative,rule_mean_final_wellbeing,10,34.99999999999999,11.33796201775475
3,1,Qwen/Qwen3-8B,unframed,cooperative,rule_successful_shares,10,4.5,1.35400640077266
3,1,Qwen/Qwen3-8B,unframed,cooperative,rule_survival_rate,10,1.0,0.0
3,1,Qwen/Qwen3-8B,unframed,cooperative,rule_survivors,10,1.0,0.0
3,1,Qwen/Qwen3-8B,unframed,cooperative,rule_total_final_wellbeing,10,34.99999999999999,11.33796201775475
3,1,Qwen/Qwen3-8B,unframed,cooperative,survival_rate,10,1.0,0.0
3,1,Qwen/Qwen3-8B,unframed,cooperative,survivors,10,4.0,0.0
3,1,Qwen/Qwen3-8B,unframed,cooperative,time_averaged_gini_wellbeing,10,0.10530830557847085,0.025591580131565282
3,1,Qwen/Qwen3-8B,unframed,cooperative,time_averaged_minimum_wellbeing,10,29.611111111111104,6.143952160307577
3,1,Qwen/Qwen3-8B,unframed,cooperative,total_berries_consumed,10,68.6,6.866990283636315
3,1,Qwen/Qwen3-8B,unframed,cooperative,total_berries_thrown,10,5.2,1.5491933384829668
3,1,Qwen/Qwen3-8B,unframed,cooperative,total_final_wellbeing,10,202.4166666666666,46.83246012102788
3,1,Qwen/Qwen3-8B,unframed,self_interested,episode_steps,10,75.0,0.0
3,1,Qwen/Qwen3-8B,unframed,self_interested,fallback_count,10,3.0,1.9436506316151
3,1,Qwen/Qwen3-8B,unframed,self_interested,fallback_rate,10,0.013333333333333332,0.00863844725162267
3,1,Qwen/Qwen3-8B,unframed,self_interested,gini_berries_consumed,10,0.050696893132907886,0.023043125965104574
3,1,Qwen/Qwen3-8B,unframed,self_interested,gini_final_wellbeing,10,0.09779034942106854,0.041244083102232
3,1,Qwen/Qwen3-8B,unframed,self_interested,llm_action_eat_proportion,10,0.26622222222222225,0.03637632899820237
3,1,Qwen/Qwen3-8B,unframed,self_interested,llm_action_move_proportion,10,0.732,0.03806283160144406
3,1,Qwen/Qwen3-8B,unframed,self_interested,llm_action_throw_proportion,10,0.0013333333333333335,0.0029997713676024576
3,1,Qwen/Qwen3-8B,unframed,self_interested,llm_action_unsuccessful_proportion,10,0.00044444444444444447,0.001405456737852613
3,1,Qwen/Qwen3-8B,unframed,self_interested,llm_decisions,10,225.0,0.0
3,1,Qwen/Qwen3-8B,unframed,self_interested,llm_executed_actions,10,225.0,0.0
3,1,Qwen/Qwen3-8B,unframed,self_interested,llm_executed_eat_proportion,10,0.26622222222222225,0.03637632899820237
3,1,Qwen/Qwen3-8B,unframed,self_interested,llm_executed_move_proportion,10,0.732,0.03806283160144406
3,1,Qwen/Qwen3-8B,unframed,self_interested,llm_executed_throw_proportion,10,0.0013333333333333335,0.0029997713676024576
3,1,Qwen/Qwen3-8B,unframed,self_interested,llm_executed_unsuccessful_proportion,10,0.00044444444444444447,0.001405456737852613
3,1,Qwen/Qwen3-8B,unframed,self_interested,llm_mean_berries_consumed,10,19.966666666666665,2.728224674865179
3,1,Qwen/Qwen3-8B,unframed,self_interested,llm_mean_final_wellbeing,10,59.69444444444444,16.114011020412697
3,1,Qwen/Qwen3-8B,unframed,self_interested,llm_rule_survival_gap,10,0.0,0.0
3,1,Qwen/Qwen3-8B,unframed,self_interested,llm_rule_wellbeing_gap,10,3.111111111111098,11.007074667220532
3,1,Qwen/Qwen3-8B,unframed,self_interested,llm_successful_shares,10,0.3,0.6749485577105528
3,1,Qwen/Qwen3-8B,unframed,self_interested,llm_survival_rate,10,1.0,0.0
3,1,Qwen/Qwen3-8B,unframed,self_interested,llm_survivors,10,3.0,0.0
3,1,Qwen/Qwen3-8B,unframed,self_interested,llm_total_final_wellbeing,10,179.08333333333334,48.3420330612381
3,1,Qwen/Qwen3-8B,unframed,self_interested,mean_final_wellbeing,10,58.91666666666667,15.189708280751217
3,1,Qwen/Qwen3-8B,unframed,self_interested,minimum_berries_consumed,10,17.4,2.011080417199781
3,1,Qwen/Qwen3-8B,unframed,self_interested,minimum_final_wellbeing,10,45.499999999999964,13.41525757495805
3,1,Qwen/Qwen3-8B,unframed,self_interested,rule_executed_actions,10,75.0,0.0
3,1,Qwen/Qwen3-8B,unframed,self_interested,rule_executed_eat_proportion,10,0.2573333333333333,0.03613418066520506
3,1,Qwen/Qwen3-8B,unframed,self_interested,rule_executed_move_proportion,10,0.7426666666666667,0.03613418066520505
3,1,Qwen/Qwen3-8B,unframed,self_interested,rule_executed_throw_proportion,10,0.0,0.0
3,1,Qwen/Qwen3-8B,unframed,self_interested,rule_executed_unsuccessful_proportion,10,0.0,0.0
3,1,Qwen/Qwen3-8B,unframed,self_interested,rule_mean_berries_consumed,10,19.3,2.710063549890379
3,1,Qwen/Qwen3-8B,unframed,self_interested,rule_mean_final_wellbeing,10,56.58333333333335,15.322913125991054
3,1,Qwen/Qwen3-8B,unframed,self_interested,rule_successful_shares,10,0.0,0.0
3,1,Qwen/Qwen3-8B,unframed,self_interested,rule_survival_rate,10,1.0,0.0
3,1,Qwen/Qwen3-8B,unframed,self_interested,rule_survivors,10,1.0,0.0
3,1,Qwen/Qwen3-8B,unframed,self_interested,rule_total_final_wellbeing,10,56.58333333333335,15.322913125991054
3,1,Qwen/Qwen3-8B,unframed,self_interested,survival_rate,10,1.0,0.0
3,1,Qwen/Qwen3-8B,unframed,self_interested,survivors,10,4.0,0.0
3,1,Qwen/Qwen3-8B,unframed,self_interested,time_averaged_gini_wellbeing,10,0.08359328807790418,0.02262837506261197
3,1,Qwen/Qwen3-8B,unframed,self_interested,time_averaged_minimum_wellbeing,10,36.74333333333332,6.016719845187521
3,1,Qwen/Qwen3-8B,unframed,self_interested,total_berries_consumed,10,79.2,10.086294331087771
3,1,Qwen/Qwen3-8B,unframed,self_interested,total_berries_thrown,10,0.3,0.6749485577105528
3,1,Qwen/Qwen3-8B,unframed,self_interested,total_final_wellbeing,10,235.66666666666669,60.75883312300487
4,0,Qwen/Qwen3-8B,altruistic,not_applicable,episode_steps,10,75.0,0.0
4,0,Qwen/Qwen3-8B,altruistic,not_applicable,fallback_count,10,3.9,2.330951164939612
4,0,Qwen/Qwen3-8B,altruistic,not_applicable,fallback_rate,10,0.013079096045197742,0.00785544411032966
4,0,Qwen/Qwen3-8B,altruistic,not_applicable,gini_berries_consumed,10,0.01210801393728223,0.019587792894932086
4,0,Qwen/Qwen3-8B,altruistic,not_applicable,gini_final_wellbeing,10,0.18809523809523818,0.18913216293557616
4,0,Qwen/Qwen3-8B,altruistic,not_applicable,llm_action_eat_proportion,10,0.1447005649717514,0.0032974221861190563
4,0,Qwen/Qwen3-8B,altruistic,not_applicable,llm_action_move_proportion,10,0.3730169491525424,0.060570717232233146
4,0,Qwen/Qwen3-8B,altruistic,not_applicable,llm_action_throw_proportion,10,0.47124858757062144,0.057538553424752024
4,0,Qwen/Qwen3-8B,altruistic,not_applicable,llm_action_unsuccessful_proportion,10,0.011033898305084746,0.004948875208286107
4,0,Qwen/Qwen3-8B,altruistic,not_applicable,llm_decisions,10,298.5,2.41522945769824
4,0,Qwen/Qwen3-8B,altruistic,not_applicable,llm_executed_actions,10,298.5,2.41522945769824
4,0,Qwen/Qwen3-8B,altruistic,not_applicable,llm_executed_eat_proportion,10,0.1447005649717514,0.0032974221861190563
4,0,Qwen/Qwen3-8B,altruistic,not_applicable,llm_executed_move_proportion,10,0.3730169491525424,0.060570717232233146
4,0,Qwen/Qwen3-8B,altruistic,not_applicable,llm_executed_throw_proportion,10,0.47124858757062144,0.057538553424752024
4,0,Qwen/Qwen3-8B,altruistic,not_applicable,llm_executed_unsuccessful_proportion,10,0.011033898305084746,0.004948875208286107
4,0,Qwen/Qwen3-8B,altruistic,not_applicable,llm_mean_berries_consumed,10,10.8,0.32914029430219144
4,0,Qwen/Qwen3-8B,altruistic,not_applicable,llm_mean_final_wellbeing,10,6.708333333333326,2.9328256084163455
4,0,Qwen/Qwen3-8B,altruistic,not_applicable,llm_rule_survival_gap,0,,
4,0,Qwen/Qwen3-8B,altruistic,not_applicable,llm_rule_wellbeing_gap,0,,
4,0,Qwen/Qwen3-8B,altruistic,not_applicable,llm_successful_shares,10,140.7,17.44228578292803
4,0,Qwen/Qwen3-8B,altruistic,not_applicable,llm_survival_rate,10,0.875,0.21245914639969937
4,0,Qwen/Qwen3-8B,altruistic,not_applicable,llm_survivors,10,3.5,0.8498365855987975
4,0,Qwen/Qwen3-8B,altruistic,not_applicable,llm_total_final_wellbeing,10,26.833333333333304,11.731302433665382
4,0,Qwen/Qwen3-8B,altruistic,not_applicable,mean_final_wellbeing,10,6.708333333333326,2.9328256084163455
4,0,Qwen/Qwen3-8B,altruistic,not_applicable,minimum_berries_consumed,10,10.4,0.9660917830792958
4,0,Qwen/Qwen3-8B,altruistic,not_applicable,minimum_final_wellbeing,10,4.083333333333327,2.8177677006479422
4,0,Qwen/Qwen3-8B,altruistic,not_applicable,rule_executed_actions,10,0.0,0.0
4,0,Qwen/Qwen3-8B,altruistic,not_applicable,rule_executed_eat_proportion,0,,
4,0,Qwen/Qwen3-8B,altruistic,not_applicable,rule_executed_move_proportion,0,,
4,0,Qwen/Qwen3-8B,altruistic,not_applicable,rule_executed_throw_proportion,0,,
4,0,Qwen/Qwen3-8B,altruistic,not_applicable,rule_executed_unsuccessful_proportion,0,,
4,0,Qwen/Qwen3-8B,altruistic,not_applicable,rule_mean_berries_consumed,0,,
4,0,Qwen/Qwen3-8B,altruistic,not_applicable,rule_mean_final_wellbeing,0,,
4,0,Qwen/Qwen3-8B,altruistic,not_applicable,rule_successful_shares,10,0.0,0.0
4,0,Qwen/Qwen3-8B,altruistic,not_applicable,rule_survival_rate,0,,
4,0,Qwen/Qwen3-8B,altruistic,not_applicable,rule_survivors,0,,
4,0,Qwen/Qwen3-8B,altruistic,not_applicable,rule_total_final_wellbeing,0,,
4,0,Qwen/Qwen3-8B,altruistic,not_applicable,survival_rate,10,0.875,0.21245914639969937
4,0,Qwen/Qwen3-8B,altruistic,not_applicable,survivors,10,3.5,0.8498365855987975
4,0,Qwen/Qwen3-8B,altruistic,not_applicable,time_averaged_gini_wellbeing,10,0.1296131326835341,0.014831786249028906
4,0,Qwen/Qwen3-8B,altruistic,not_applicable,time_averaged_minimum_wellbeing,10,7.003333333333328,0.6171319565958743
4,0,Qwen/Qwen3-8B,altruistic,not_applicable,total_berries_consumed,10,43.2,1.3165611772087658
4,0,Qwen/Qwen3-8B,altruistic,not_applicable,total_berries_thrown,10,140.7,17.44228578292803
4,0,Qwen/Qwen3-8B,altruistic,not_applicable,total_final_wellbeing,10,26.833333333333304,11.731302433665382
4,0,Qwen/Qwen3-8B,cooperative,not_applicable,episode_steps,10,75.0,0.0
4,0,Qwen/Qwen3-8B,cooperative,not_applicable,fallback_count,10,4.4,2.1705094128132942
4,0,Qwen/Qwen3-8B,cooperative,not_applicable,fallback_rate,10,0.01494951299336315,0.0074147145056454805
4,0,Qwen/Qwen3-8B,cooperative,not_applicable,gini_berries_consumed,10,0.020337837837837835,0.04468374245228621
4,0,Qwen/Qwen3-8B,cooperative,not_applicable,gini_final_wellbeing,10,0.17005952380952394,0.15680681210569686
4,0,Qwen/Qwen3-8B,cooperative,not_applicable,llm_action_eat_proportion,10,0.14512074548307322,0.003450758906671025
4,0,Qwen/Qwen3-8B,cooperative,not_applicable,llm_action_move_proportion,10,0.32915676789276727,0.06756815901130156
4,0,Qwen/Qwen3-8B,cooperative,not_applicable,llm_action_throw_proportion,10,0.5077773503883448,0.06425756993954297
4,0,Qwen/Qwen3-8B,cooperative,not_applicable,llm_action_unsuccessful_proportion,10,0.017945136235814653,0.0027001281112353655
4,0,Qwen/Qwen3-8B,cooperative,not_applicable,llm_decisions,10,295.4,10.10170502660043
4,0,Qwen/Qwen3-8B,cooperative,not_applicable,llm_executed_actions,10,295.4,10.10170502660043
4,0,Qwen/Qwen3-8B,cooperative,not_applicable,llm_executed_eat_proportion,10,0.14512074548307322,0.003450758906671025
4,0,Qwen/Qwen3-8B,cooperative,not_applicable,llm_executed_move_proportion,10,0.32915676789276727,0.06756815901130156
4,0,Qwen/Qwen3-8B,cooperative,not_applicable,llm_executed_throw_proportion,10,0.5077773503883448,0.06425756993954297
4,0,Qwen/Qwen3-8B,cooperative,not_applicable,llm_executed_unsuccessful_proportion,10,0.017945136235814653,0.0027001281112353655
4,0,Qwen/Qwen3-8B,cooperative,not_applicable,llm_mean_berries_consumed,10,10.725,0.6061032181989393
4,0,Qwen/Qwen3-8B,cooperative,not_applicable,llm_mean_final_wellbeing,10,8.166666666666659,2.300697693427627
4,0,Qwen/Qwen3-8B,cooperative,not_applicable,llm_rule_survival_gap,0,,
4,0,Qwen/Qwen3-8B,cooperative,not_applicable,llm_rule_wellbeing_gap,0,,
4,0,Qwen/Qwen3-8B,cooperative,not_applicable,llm_successful_shares,10,150.5,22.83394159773754
4,0,Qwen/Qwen3-8B,cooperative,not_applicable,llm_survival_rate,10,0.925,0.1687371394276382
4,0,Qwen/Qwen3-8B,cooperative,not_applicable,llm_survivors,10,3.7,0.6749485577105528
4,0,Qwen/Qwen3-8B,cooperative,not_applicable,llm_total_final_wellbeing,10,32.666666666666636,9.202790773710507
4,0,Qwen/Qwen3-8B,cooperative,not_applicable,mean_final_wellbeing,10,8.166666666666659,2.300697693427627
4,0,Qwen/Qwen3-8B,cooperative,not_applicable,minimum_berries_consumed,10,10.0,2.160246899469287
4,0,Qwen/Qwen3-8B,cooperative,not_applicable,minimum_final_wellbeing,10,4.66666666666666,2.459549291242069
4,0,Qwen/Qwen3-8B,cooperative,not_applicable,rule_executed_actions,10,0.0,0.0
4,0,Qwen/Qwen3-8B,cooperative,not_applicable,rule_executed_eat_proportion,0,,
4,0,Qwen/Qwen3-8B,cooperative,not_applicable,rule_executed_move_proportion,0,,
4,0,Qwen/Qwen3-8B,cooperative,not_applicable,rule_executed_throw_proportion,0,,
4,0,Qwen/Qwen3-8B,cooperative,not_applicable,rule_executed_unsuccessful_proportion,0,,
4,0,Qwen/Qwen3-8B,cooperative,not_applicable,rule_mean_berries_consumed,0,,
4,0,Qwen/Qwen3-8B,cooperative,not_applicable,rule_mean_final_wellbeing,0,,
4,0,Qwen/Qwen3-8B,cooperative,not_applicable,rule_successful_shares,10,0.0,0.0
4,0,Qwen/Qwen3-8B,cooperative,not_applicable,rule_survival_rate,0,,
4,0,Qwen/Qwen3-8B,cooperative,not_applicable,rule_survivors,0,,
4,0,Qwen/Qwen3-8B,cooperative,not_applicable,rule_total_final_wellbeing,0,,
4,0,Qwen/Qwen3-8B,cooperative,not_applicable,survival_rate,10,0.925,0.1687371394276382
4,0,Qwen/Qwen3-8B,cooperative,not_applicable,survivors,10,3.7,0.6749485577105528
4,0,Qwen/Qwen3-8B,cooperative,not_applicable,time_averaged_gini_wellbeing,10,0.13437833179515343,0.03620218016744547
4,0,Qwen/Qwen3-8B,cooperative,not_applicable,time_averaged_minimum_wellbeing,10,6.885999999999994,1.0482808710629459
4,0,Qwen/Qwen3-8B,cooperative,not_applicable,total_berries_consumed,10,42.9,2.4244128727957572
4,0,Qwen/Qwen3-8B,cooperative,not_applicable,total_berries_thrown,10,150.5,22.83394159773754
4,0,Qwen/Qwen3-8B,cooperative,not_applicable,total_final_wellbeing,10,32.666666666666636,9.202790773710507
4,0,Qwen/Qwen3-8B,self_interested,not_applicable,episode_steps,10,75.0,0.0
4,0,Qwen/Qwen3-8B,self_interested,not_applicable,fallback_count,10,1.3,0.8232726023485646
4,0,Qwen/Qwen3-8B,self_interested,not_applicable,fallback_rate,10,0.004333333333333333,0.0027442420078285486
4,0,Qwen/Qwen3-8B,self_interested,not_applicable,gini_berries_consumed,10,0.053764684823686036,0.01595641507689491
4,0,Qwen/Qwen3-8B,self_interested,not_applicable,gini_final_wellbeing,10,0.1282194992968241,0.03652529785476206
4,0,Qwen/Qwen3-8B,self_interested,not_applicable,llm_action_eat_proportion,10,0.24233333333333335,0.0322049762277068
4,0,Qwen/Qwen3-8B,self_interested,not_applicable,llm_action_move_proportion,10,0.7563333333333333,0.032373209469529374
4,0,Qwen/Qwen3-8B,self_interested,not_applicable,llm_action_throw_proportion,10,0.0,0.0
4,0,Qwen/Qwen3-8B,self_interested,not_applicable,llm_action_unsuccessful_proportion,10,0.0013333333333333335,0.001721325931647741
4,0,Qwen/Qwen3-8B,self_interested,not_applicable,llm_decisions,10,300.0,0.0
4,0,Qwen/Qwen3-8B,self_interested,not_applicable,llm_executed_actions,10,300.0,0.0
4,0,Qwen/Qwen3-8B,self_interested,not_applicable,llm_executed_eat_proportion,10,0.24233333333333335,0.0322049762277068
4,0,Qwen/Qwen3-8B,self_interested,not_applicable,llm_executed_move_proportion,10,0.7563333333333333,0.032373209469529374
4,0,Qwen/Qwen3-8B,self_interested,not_applicable,llm_executed_throw_proportion,10,0.0,0.0
4,0,Qwen/Qwen3-8B,self_interested,not_applicable,llm_executed_unsuccessful_proportion,10,0.0013333333333333335,0.001721325931647741
4,0,Qwen/Qwen3-8B,self_interested,not_applicable,llm_mean_berries_consumed,10,18.175,2.41537321707801
4,0,Qwen/Qwen3-8B,self_interested,not_applicable,llm_mean_final_wellbeing,10,48.41666666666666,13.967554996941786
4,0,Qwen/Qwen3-8B,self_interested,not_applicable,llm_rule_survival_gap,0,,
4,0,Qwen/Qwen3-8B,self_interested,not_applicable,llm_rule_wellbeing_gap,0,,
4,0,Qwen/Qwen3-8B,self_interested,not_applicable,llm_successful_shares,10,0.0,0.0
4,0,Qwen/Qwen3-8B,self_interested,not_applicable,llm_survival_rate,10,1.0,0.0
4,0,Qwen/Qwen3-8B,self_interested,not_applicable,llm_survivors,10,4.0,0.0
4,0,Qwen/Qwen3-8B,self_interested,not_applicable,llm_total_final_wellbeing,10,193.66666666666663,55.87021998776714
4,0,Qwen/Qwen3-8B,self_interested,not_applicable,mean_final_wellbeing,10,48.41666666666666,13.967554996941786
4,0,Qwen/Qwen3-8B,self_interested,not_applicable,minimum_berries_consumed,10,15.3,1.9465068427541912
4,0,Qwen/Qwen3-8B,self_interested,not_applicable,minimum_final_wellbeing,10,30.91666666666662,11.354623249399452
4,0,Qwen/Qwen3-8B,self_interested,not_applicable,rule_executed_actions,10,0.0,0.0
4,0,Qwen/Qwen3-8B,self_interested,not_applicable,rule_executed_eat_proportion,0,,
4,0,Qwen/Qwen3-8B,self_interested,not_applicable,rule_executed_move_proportion,0,,
4,0,Qwen/Qwen3-8B,self_interested,not_applicable,rule_executed_throw_proportion,0,,
4,0,Qwen/Qwen3-8B,self_interested,not_applicable,rule_executed_unsuccessful_proportion,0,,
4,0,Qwen/Qwen3-8B,self_interested,not_applicable,rule_mean_berries_consumed,0,,
4,0,Qwen/Qwen3-8B,self_interested,not_applicable,rule_mean_final_wellbeing,0,,
4,0,Qwen/Qwen3-8B,self_interested,not_applicable,rule_successful_shares,10,0.0,0.0
4,0,Qwen/Qwen3-8B,self_interested,not_applicable,rule_survival_rate,0,,
4,0,Qwen/Qwen3-8B,self_interested,not_applicable,rule_survivors,0,,
4,0,Qwen/Qwen3-8B,self_interested,not_applicable,rule_total_final_wellbeing,0,,
4,0,Qwen/Qwen3-8B,self_interested,not_applicable,survival_rate,10,1.0,0.0
4,0,Qwen/Qwen3-8B,self_interested,not_applicable,survivors,10,4.0,0.0
4,0,Qwen/Qwen3-8B,self_interested,not_applicable,time_averaged_gini_wellbeing,10,0.08616059657317322,0.016630390247818
4,0,Qwen/Qwen3-8B,self_interested,not_applicable,time_averaged_minimum_wellbeing,10,33.44555555555554,6.788242174850357
4,0,Qwen/Qwen3-8B,self_interested,not_applicable,total_berries_consumed,10,72.7,9.66149286831204
4,0,Qwen/Qwen3-8B,self_interested,not_applicable,total_berries_thrown,10,0.0,0.0
4,0,Qwen/Qwen3-8B,self_interested,not_applicable,total_final_wellbeing,10,193.66666666666663,55.87021998776714
4,0,Qwen/Qwen3-8B,unframed,not_applicable,episode_steps,10,75.0,0.0
4,0,Qwen/Qwen3-8B,unframed,not_applicable,fallback_count,10,3.1,1.8529256146249728
4,0,Qwen/Qwen3-8B,unframed,not_applicable,fallback_rate,10,0.010333333333333333,0.006176418715416575
4,0,Qwen/Qwen3-8B,unframed,not_applicable,gini_berries_consumed,10,0.0499948711256354,0.0204396500217027
4,0,Qwen/Qwen3-8B,unframed,not_applicable,gini_final_wellbeing,10,0.10344627901879078,0.04673477659295975
4,0,Qwen/Qwen3-8B,unframed,not_applicable,llm_action_eat_proportion,10,0.27066666666666667,0.030703681365313762
4,0,Qwen/Qwen3-8B,unframed,not_applicable,llm_action_move_proportion,10,0.7273333333333334,0.03261447077147969
4,0,Qwen/Qwen3-8B,unframed,not_applicable,llm_action_throw_proportion,10,0.0013333333333333335,0.0023306863292670036
4,0,Qwen/Qwen3-8B,unframed,not_applicable,llm_action_unsuccessful_proportion,10,0.0006666666666666668,0.001405456737852613
4,0,Qwen/Qwen3-8B,unframed,not_applicable,llm_decisions,10,300.0,0.0
4,0,Qwen/Qwen3-8B,unframed,not_applicable,llm_executed_actions,10,300.0,0.0
4,0,Qwen/Qwen3-8B,unframed,not_applicable,llm_executed_eat_proportion,10,0.27066666666666667,0.030703681365313762
4,0,Qwen/Qwen3-8B,unframed,not_applicable,llm_executed_move_proportion,10,0.7273333333333334,0.03261447077147969
4,0,Qwen/Qwen3-8B,unframed,not_applicable,llm_executed_throw_proportion,10,0.0013333333333333335,0.0023306863292670036
4,0,Qwen/Qwen3-8B,unframed,not_applicable,llm_executed_unsuccessful_proportion,10,0.0006666666666666668,0.001405456737852613
4,0,Qwen/Qwen3-8B,unframed,not_applicable,llm_mean_berries_consumed,10,20.3,2.3027761023985325
4,0,Qwen/Qwen3-8B,unframed,not_applicable,llm_mean_final_wellbeing,10,60.95833333333335,13.273593017903623
4,0,Qwen/Qwen3-8B,unframed,not_applicable,llm_rule_survival_gap,0,,
4,0,Qwen/Qwen3-8B,unframed,not_applicable,llm_rule_wellbeing_gap,0,,
4,0,Qwen/Qwen3-8B,unframed,not_applicable,llm_successful_shares,10,0.4,0.6992058987801011
4,0,Qwen/Qwen3-8B,unframed,not_applicable,llm_survival_rate,10,1.0,0.0
4,0,Qwen/Qwen3-8B,unframed,not_applicable,llm_survivors,10,4.0,0.0
4,0,Qwen/Qwen3-8B,unframed,not_applicable,llm_total_final_wellbeing,10,243.8333333333334,53.094372071614494
4,0,Qwen/Qwen3-8B,unframed,not_applicable,mean_final_wellbeing,10,60.95833333333335,13.273593017903623
4,0,Qwen/Qwen3-8B,unframed,not_applicable,minimum_berries_consumed,10,18.1,1.911950719959998
4,0,Qwen/Qwen3-8B,unframed,not_applicable,minimum_final_wellbeing,10,47.833333333333314,11.923107557476834
4,0,Qwen/Qwen3-8B,unframed,not_applicable,rule_executed_actions,10,0.0,0.0
4,0,Qwen/Qwen3-8B,unframed,not_applicable,rule_executed_eat_proportion,0,,
4,0,Qwen/Qwen3-8B,unframed,not_applicable,rule_executed_move_proportion,0,,
4,0,Qwen/Qwen3-8B,unframed,not_applicable,rule_executed_throw_proportion,0,,
4,0,Qwen/Qwen3-8B,unframed,not_applicable,rule_executed_unsuccessful_proportion,0,,
4,0,Qwen/Qwen3-8B,unframed,not_applicable,rule_mean_berries_consumed,0,,
4,0,Qwen/Qwen3-8B,unframed,not_applicable,rule_mean_final_wellbeing,0,,
4,0,Qwen/Qwen3-8B,unframed,not_applicable,rule_successful_shares,10,0.0,0.0
4,0,Qwen/Qwen3-8B,unframed,not_applicable,rule_survival_rate,0,,
4,0,Qwen/Qwen3-8B,unframed,not_applicable,rule_survivors,0,,
4,0,Qwen/Qwen3-8B,unframed,not_applicable,rule_total_final_wellbeing,0,,
4,0,Qwen/Qwen3-8B,unframed,not_applicable,survival_rate,10,1.0,0.0
4,0,Qwen/Qwen3-8B,unframed,not_applicable,survivors,10,4.0,0.0
4,0,Qwen/Qwen3-8B,unframed,not_applicable,time_averaged_gini_wellbeing,10,0.09253424308722487,0.022545882327178628
4,0,Qwen/Qwen3-8B,unframed,not_applicable,time_averaged_minimum_wellbeing,10,36.80555555555554,8.867671049892891
4,0,Qwen/Qwen3-8B,unframed,not_applicable,total_berries_consumed,10,81.2,9.21110440959413
4,0,Qwen/Qwen3-8B,unframed,not_applicable,total_berries_thrown,10,0.4,0.6992058987801011
4,0,Qwen/Qwen3-8B,unframed,not_applicable,total_final_wellbeing,10,243.8333333333334,53.094372071614494
