run_dir,seed,num_llm_agents,num_rule_agents,model,prompt,rule_policy,episode_steps,survivors,survival_rate,total_final_wellbeing,mean_final_wellbeing,minimum_final_wellbeing,gini_final_wellbeing,total_berries_consumed,minimum_berries_consumed,gini_berries_consumed,total_berries_thrown,llm_total_final_wellbeing,llm_mean_final_wellbeing,llm_mean_berries_consumed,llm_survivors,llm_survival_rate,rule_total_final_wellbeing,rule_mean_final_wellbeing,rule_mean_berries_consumed,rule_survivors,rule_survival_rate,llm_rule_wellbeing_gap,llm_rule_survival_gap,time_averaged_minimum_wellbeing,time_averaged_gini_wellbeing,llm_executed_actions,llm_executed_move_proportion,llm_executed_eat_proportion,llm_executed_throw_proportion,llm_successful_shares,llm_executed_unsuccessful_proportion,rule_executed_actions,rule_executed_move_proportion,rule_executed_eat_proportion,rule_executed_throw_proportion,rule_successful_shares,rule_executed_unsuccessful_proportion,llm_decisions,fallback_count,fallback_rate,llm_action_move_proportion,llm_action_eat_proportion,llm_action_throw_proportion,llm_action_unsuccessful_proportion
C:\Users\hello\GitHubRepos\MA-NormEmergence\saved_runs\exp2\qwen3_8b\altruistic\altruistic\seed_1,1,2,2,Qwen/Qwen3-8B,altruistic,altruistic,75,4,1.0,40.8333333333333,10.208333333333325,5.833333333333323,0.10714285714285735,44.0,11.0,0.0,180.0,17.49999999999998,8.74999999999999,11.0,2.0,1.0,23.33333333333332,11.66666666666666,11.0,2.0,1.0,-2.9166666666666714,0.0,7.677777777777772,0.11047656760090348,150,0.23333333333333334,0.14666666666666667,0.6066666666666667,91,0.013333333333333334,150,0.26,0.14666666666666667,0.5933333333333334,89,0.0,150,1,0.006666666666666667,0.23333333333333334,0.14666666666666667,0.6066666666666667,0.013333333333333334
C:\Users\hello\GitHubRepos\MA-NormEmergence\saved_runs\exp2\qwen3_8b\altruistic\altruistic\seed_10,10,2,2,Qwen/Qwen3-8B,altruistic,altruistic,75,4,1.0,40.83333333333331,10.208333333333327,5.833333333333327,0.1071428571428572,44.0,11.0,0.0,177.0,17.499999999999986,8.749999999999993,11.0,2.0,1.0,23.33333333333332,11.66666666666666,11.0,2.0,1.0,-2.916666666666668,0.0,7.366666666666662,0.1268716037169348,150,0.24,0.14666666666666667,0.5933333333333334,89,0.02,150,0.26666666666666666,0.14666666666666667,0.5866666666666667,88,0.0,150,1,0.006666666666666667,0.24,0.14666666666666667,0.5933333333333334,0.02
C:\Users\hello\GitHubRepos\MA-NormEmergence\saved_runs\exp2\qwen3_8b\altruistic\altruistic\seed_2,2,2,2,Qwen/Qwen3-8B,altruistic,altruistic,75,4,1.0,40.833333333333314,10.208333333333329,5.833333333333327,0.10714285714285719,44.0,11.0,0.0,178.0,23.33333333333332,11.66666666666666,11.0,2.0,1.0,17.499999999999986,8.749999999999993,11.0,2.0,1.0,2.916666666666668,0.0,6.9777777777777725,0.11700585495747792,150,0.22,0.14666666666666667,0.6133333333333333,92,0.02,150,0.28,0.14666666666666667,0.5733333333333334,86,0.0,150,0,0.0,0.22,0.14666666666666667,0.6133333333333333,0.02
C:\Users\hello\GitHubRepos\MA-NormEmergence\saved_runs\exp2\qwen3_8b\altruistic\altruistic\seed_3,3,2,2,Qwen/Qwen3-8B,altruistic,altruistic,75,4,1.0,46.66666666666664,11.66666666666666,5.833333333333327,0.18750000000000008,44.0,11.0,0.0,177.0,23.33333333333332,11.66666666666666,11.0,2.0,1.0,23.33333333333332,11.66666666666666,11.0,2.0,1.0,0.0,0.0,7.911111111111107,0.11748867936945077,150,0.26666666666666666,0.14666666666666667,0.58,87,0.006666666666666667,150,0.25333333333333335,0.14666666666666667,0.6,90,0.0,150,0,0.0,0.26666666666666666,0.14666666666666667,0.58,0.006666666666666667
C:\Users\hello\GitHubRepos\MA-NormEmergence\saved_runs\exp2\qwen3_8b\altruistic\altruistic\seed_4,4,2,2,Qwen/Qwen3-8B,altruistic,altruistic,75,4,1.0,29.166666666666643,7.291666666666661,5.833333333333327,0.15000000000000013,44.0,11.0,0.0,177.0,17.499999999999986,8.749999999999993,11.0,2.0,1.0,11.666666666666654,5.833333333333327,11.0,2.0,1.0,2.916666666666666,0.0,7.133333333333328,0.14008971317745417,150,0.20666666666666667,0.14666666666666667,0.6333333333333333,95,0.013333333333333334,150,0.30666666666666664,0.14666666666666667,0.5466666666666666,82,0.0,150,2,0.013333333333333334,0.20666666666666667,0.14666666666666667,0.6333333333333333,0.013333333333333334
C:\Users\hello\GitHubRepos\MA-NormEmergence\saved_runs\exp2\qwen3_8b\altruistic\altruistic\seed_5,5,2,2,Qwen/Qwen3-8B,altruistic,altruistic,75,4,1.0,40.83333333333331,10.208333333333327,5.833333333333327,0.2500000000000001,45.0,11.0,0.016666666666666666,155.0,29.166666666666654,14.583333333333327,11.5,2.0,1.0,11.666666666666654,5.833333333333327,11.0,2.0,1.0,8.75,0.0,7.522222222222217,0.11675011765535598,150,0.28,0.15333333333333332,0.5533333333333333,83,0.013333333333333334,150,0.37333333333333335,0.14666666666666667,0.48,72,0.0,150,2,0.013333333333333334,0.28,0.15333333333333332,0.5533333333333333,0.013333333333333334
C:\Users\hello\GitHubRepos\MA-NormEmergence\saved_runs\exp2\qwen3_8b\altruistic\altruistic\seed_6,6,2,2,Qwen/Qwen3-8B,altruistic,altruistic,75,4,1.0,40.83333333333331,10.208333333333327,5.833333333333323,0.1071428571428573,44.0,11.0,0.0,187.0,17.499999999999986,8.749999999999993,11.0,2.0,1.0,23.33333333333332,11.66666666666666,11.0,2.0,1.0,-2.916666666666668,0.0,7.75555555555555,0.11797366519263545,150,0.22666666666666666,0.14666666666666667,0.6133333333333333,92,0.013333333333333334,150,0.22,0.14666666666666667,0.6333333333333333,95,0.0,150,2,0.013333333333333334,0.22666666666666666,0.14666666666666667,0.6133333333333333,0.013333333333333334
C:\Users\hello\GitHubRepos\MA-NormEmergence\saved_runs\exp2\qwen3_8b\altruistic\altruistic\seed_7,7,2,2,Qwen/Qwen3-8B,altruistic,altruistic,75,3,0.75,17.49999999999997,4.374999999999993,0.0,0.2500000000000001,43.0,10.0,0.01744186046511628,137.0,11.666666666666647,5.833333333333323,11.0,2.0,1.0,5.833333333333327,2.9166666666666634,10.5,1.0,0.5,2.91666666666666,0.5,8.144444444444437,0.10514162205723813,150,0.4,0.14666666666666667,0.44666666666666666,67,0.006666666666666667,150,0.3933333333333333,0.14,0.4666666666666667,70,0.0,150,1,0.006666666666666667,0.4,0.14666666666666667,0.44666666666666666,0.006666666666666667
C:\Users\hello\GitHubRepos\MA-NormEmergence\saved_runs\exp2\qwen3_8b\altruistic\altruistic\seed_8,8,2,2,Qwen/Qwen3-8B,altruistic,altruistic,75,4,1.0,46.66666666666663,11.666666666666657,11.666666666666655,1.1419436824715905e-16,44.0,11.0,0.0,167.0,23.33333333333331,11.666666666666655,11.0,2.0,1.0,23.33333333333332,11.66666666666666,11.0,2.0,1.0,-5.329070518200751e-15,0.0,7.755555555555549,0.10865792452217617,150,0.28,0.14666666666666667,0.56,84,0.013333333333333334,150,0.3,0.14666666666666667,0.5533333333333333,83,0.0,150,1,0.006666666666666667,0.28,0.14666666666666667,0.56,0.013333333333333334
C:\Users\hello\GitHubRepos\MA-NormEmergence\saved_runs\exp2\qwen3_8b\altruistic\altruistic\seed_9,9,2,2,Qwen/Qwen3-8B,altruistic,altruistic,75,4,1.0,34.99999999999997,8.749999999999993,5.833333333333327,0.16666666666666682,44.0,11.0,0.0,169.0,17.499999999999986,8.749999999999993,11.0,2.0,1.0,17.499999999999986,8.749999999999993,11.0,2.0,1.0,0.0,0.0,7.677777777777774,0.12026863907397238,150,0.26666666666666666,0.14666666666666667,0.5733333333333334,86,0.013333333333333334,150,0.3,0.14666666666666667,0.5533333333333333,83,0.0,150,2,0.013333333333333334,0.26666666666666666,0.14666666666666667,0.5733333333333334,0.013333333333333334
C:\Users\hello\GitHubRepos\MA-NormEmergence\saved_runs\exp2\qwen3_8b\altruistic\cooperative\seed_1,1,2,2,Qwen/Qwen3-8B,altruistic,cooperative,75,2,0.5,11.666666666666654,2.9166666666666634,0.0,0.5,42.0,10.0,0.023809523809523808,132.0,0.0,0.0,10.0,0.0,0.0,11.666666666666654,5.833333333333327,11.0,2.0,1.0,-5.833333333333327,-1.0,6.744444444444437,0.13689037518068994,150,0.38666666666666666,0.13333333333333333,0.4666666666666667,70,0.013333333333333334,150,0.44,0.14666666666666667,0.41333333333333333,62,0.0,150,3,0.02,0.38666666666666666,0.13333333333333333,0.4666666666666667,0.013333333333333334
C:\Users\hello\GitHubRepos\MA-NormEmergence\saved_runs\exp2\qwen3_8b\altruistic\cooperative\seed_10,10,2,2,Qwen/Qwen3-8B,altruistic,cooperative,75,4,1.0,40.833333333333314,10.208333333333329,5.833333333333327,0.10714285714285719,44.0,11.0,0.0,160.0,23.33333333333332,11.66666666666666,11.0,2.0,1.0,17.499999999999986,8.749999999999993,11.0,2.0,1.0,2.916666666666668,0.0,7.522222222222219,0.12569204751989543,150,0.3,0.14666666666666667,0.54,81,0.013333333333333334,150,0.32666666666666666,0.14666666666666667,0.5266666666666666,79,0.0,150,3,0.02,0.3,0.14666666666666667,0.54,0.013333333333333334
C:\Users\hello\GitHubRepos\MA-NormEmergence\saved_runs\exp2\qwen3_8b\altruistic\cooperative\seed_2,2,2,2,Qwen/Qwen3-8B,altruistic,cooperative,75,4,1.0,29.166666666666643,7.291666666666661,5.833333333333327,0.15000000000000013,44.0,11.0,0.0,150.0,17.499999999999986,8.749999999999993,11.0,2.0,1.0,11.666666666666654,5.833333333333327,11.0,2.0,1.0,2.916666666666666,0.0,7.055555555555551,0.13140792621216535,150,0.3333333333333333,0.14666666666666667,0.5133333333333333,77,0.006666666666666667,150,0.36666666666666664,0.14666666666666667,0.4866666666666667,73,0.0,150,6,0.04,0.3333333333333333,0.14666666666666667,0.5133333333333333,0.006666666666666667
C:\Users\hello\GitHubRepos\MA-NormEmergence\saved_runs\exp2\qwen3_8b\altruistic\cooperative\seed_3,3,2,2,Qwen/Qwen3-8B,altruistic,cooperative,75,4,1.0,40.83333333333331,10.208333333333327,5.833333333333323,0.1071428571428573,44.0,11.0,0.0,171.0,17.499999999999986,8.749999999999993,11.0,2.0,1.0,23.33333333333332,11.66666666666666,11.0,2.0,1.0,-2.916666666666668,0.0,8.222222222222216,0.1085447860461845,150,0.24666666666666667,0.14666666666666667,0.6,90,0.006666666666666667,150,0.31333333333333335,0.14666666666666667,0.54,81,0.0,150,1,0.006666666666666667,0.24666666666666667,0.14666666666666667,0.6,0.006666666666666667
C:\Users\hello\GitHubRepos\MA-NormEmergence\saved_runs\exp2\qwen3_8b\altruistic\cooperative\seed_4,4,2,2,Qwen/Qwen3-8B,altruistic,cooperative,75,4,1.0,29.166666666666643,7.291666666666661,5.833333333333327,0.15000000000000013,44.0,11.0,0.0,143.0,17.499999999999986,8.749999999999993,11.0,2.0,1.0,11.666666666666654,5.833333333333327,11.0,2.0,1.0,2.916666666666666,0.0,6.66666666666666,0.13120482798990785,150,0.34,0.14666666666666667,0.5,75,0.013333333333333334,150,0.4,0.14666666666666667,0.4533333333333333,68,0.0,150,4,0.02666666666666667,0.34,0.14666666666666667,0.5,0.013333333333333334
C:\Users\hello\GitHubRepos\MA-NormEmergence\saved_runs\exp2\qwen3_8b\altruistic\cooperative\seed_5,5,2,2,Qwen/Qwen3-8B,altruistic,cooperative,75,3,0.75,34.99999999999998,8.749999999999995,0.0,0.25000000000000006,40.0,7.0,0.075,130.0,11.66666666666666,5.83333333333333,9.0,1.0,0.5,23.333333333333314,11.666666666666657,11.0,2.0,1.0,-5.833333333333327,-0.5,5.793333333333329,0.17384384093891317,133,0.37593984962406013,0.13533834586466165,0.48872180451127817,65,0.0,150,0.42,0.14666666666666667,0.43333333333333335,65,0.0,133,1,0.007518796992481203,0.37593984962406013,0.13533834586466165,0.48872180451127817,0.0
C:\Users\hello\GitHubRepos\MA-NormEmergence\saved_runs\exp2\qwen3_8b\altruistic\cooperative\seed_6,6,2,2,Qwen/Qwen3-8B,altruistic,cooperative,75,3,0.75,23.333333333333314,5.833333333333329,0.0,0.37500000000000017,43.0,10.0,0.01744186046511628,152.0,17.499999999999986,8.749999999999993,11.0,2.0,1.0,5.833333333333327,2.9166666666666634,10.5,1.0,0.5,5.8333333333333295,0.5,7.055555555555549,0.1292967477966012,150,0.3,0.14666666666666667,0.5333333333333333,80,0.02,150,0.38,0.14,0.48,72,0.0,150,1,0.006666666666666667,0.3,0.14666666666666667,0.5333333333333333,0.02
C:\Users\hello\GitHubRepos\MA-NormEmergence\saved_runs\exp2\qwen3_8b\altruistic\cooperative\seed_7,7,2,2,Qwen/Qwen3-8B,altruistic,cooperative,75,4,1.0,29.166666666666632,7.291666666666658,5.833333333333323,0.1500000000000003,44.0,11.0,0.0,146.0,11.666666666666647,5.833333333333323,11.0,2.0,1.0,17.499999999999986,8.749999999999993,11.0,2.0,1.0,-2.9166666666666696,0.0,7.755555555555549,0.12106044236766884,150,0.34,0.14666666666666667,0.5,75,0.013333333333333334,150,0.38,0.14666666666666667,0.47333333333333333,71,0.0,150,6,0.04,0.34,0.14666666666666667,0.5,0.013333333333333334
C:\Users\hello\GitHubRepos\MA-NormEmergence\saved_runs\exp2\qwen3_8b\altruistic\cooperative\seed_8,8,2,2,Qwen/Qwen3-8B,altruistic,cooperative,75,4,1.0,40.8333333333333,10.208333333333325,5.833333333333327,0.10714285714285729,44.0,11.0,0.0,154.0,17.49999999999998,8.74999999999999,11.0,2.0,1.0,23.33333333333332,11.66666666666666,11.0,2.0,1.0,-2.9166666666666714,0.0,7.5999999999999925,0.1247162612398023,150,0.3,0.14666666666666667,0.5466666666666666,82,0.006666666666666667,150,0.37333333333333335,0.14666666666666667,0.48,72,0.0,150,0,0.0,0.3,0.14666666666666667,0.5466666666666666,0.006666666666666667
C:\Users\hello\GitHubRepos\MA-NormEmergence\saved_runs\exp2\qwen3_8b\altruistic\cooperative\seed_9,9,2,2,Qwen/Qwen3-8B,altruistic,cooperative,75,3,0.75,17.49999999999998,4.374999999999995,0.0,0.25,41.0,8.0,0.054878048780487805,114.0,11.666666666666654,5.833333333333327,11.0,2.0,1.0,5.833333333333327,2.9166666666666634,9.5,1.0,0.5,2.9166666666666634,0.5,5.475555555555551,0.17433999398104474,150,0.4266666666666667,0.14666666666666667,0.4066666666666667,61,0.02,139,0.48201438848920863,0.1366906474820144,0.381294964028777,53,0.0,150,3,0.02,0.4266666666666667,0.14666666666666667,0.4066666666666667,0.02
C:\Users\hello\GitHubRepos\MA-NormEmergence\saved_runs\exp2\qwen3_8b\altruistic\self_interested\seed_1,1,2,2,Qwen/Qwen3-8B,altruistic,self_interested,75,3,0.75,151.6666666666668,37.9166666666667,0.0,0.48076923076923095,66.0,10.0,0.1893939393939394,73.0,5.833333333333323,2.9166666666666616,10.5,1.0,0.5,145.83333333333348,72.91666666666674,22.5,2.0,1.0,-70.00000000000009,-0.5,8.76666666666666,0.3340467066905892,150,0.36,0.14,0.4866666666666667,73,0.013333333333333334,150,0.7,0.3,0.0,0,0.0,150,1,0.006666666666666667,0.36,0.14,0.4866666666666667,0.013333333333333334
C:\Users\hello\GitHubRepos\MA-NormEmergence\saved_runs\exp2\qwen3_8b\altruistic\self_interested\seed_10,10,2,2,Qwen/Qwen3-8B,altruistic,self_interested,75,4,1.0,204.16666666666683,51.04166666666671,5.833333333333323,0.47857142857142887,74.0,11.0,0.22297297297297297,79.0,11.66666666666665,5.833333333333325,11.0,2.0,1.0,192.50000000000017,96.25000000000009,26.0,2.0,1.0,-90.41666666666676,0.0,8.377777777777773,0.3594544172176134,150,0.32,0.14666666666666667,0.5266666666666666,79,0.006666666666666667,150,0.6533333333333333,0.3466666666666667,0.0,0,0.0,150,2,0.013333333333333334,0.32,0.14666666666666667,0.5266666666666666,0.006666666666666667
C:\Users\hello\GitHubRepos\MA-NormEmergence\saved_runs\exp2\qwen3_8b\altruistic\self_interested\seed_2,2,2,2,Qwen/Qwen3-8B,altruistic,self_interested,75,3,0.75,81.66666666666657,20.416666666666643,0.0,0.46428571428571436,53.0,10.0,0.10849056603773585,63.0,5.833333333333327,2.9166666666666634,10.5,1.0,0.5,75.83333333333326,37.91666666666663,16.0,2.0,1.0,-34.999999999999964,-0.5,6.744444444444439,0.3260717849014893,150,0.4266666666666667,0.14,0.42,63,0.013333333333333334,150,0.7866666666666666,0.21333333333333335,0.0,0,0.0,150,0,0.0,0.4266666666666667,0.14,0.42,0.013333333333333334
C:\Users\hello\GitHubRepos\MA-NormEmergence\saved_runs\exp2\qwen3_8b\altruistic\self_interested\seed_3,3,2,2,Qwen/Qwen3-8B,altruistic,self_interested,75,3,0.75,186.66666666666697,46.66666666666674,0.0,0.5000000000000001,72.0,10.0,0.2222222222222222,89.0,5.833333333333327,2.9166666666666634,10.5,1.0,0.5,180.83333333333366,90.41666666666683,25.5,2.0,1.0,-87.50000000000017,-0.5,9.855555555555544,0.31923756895057415,150,0.26,0.14,0.5933333333333334,89,0.006666666666666667,150,0.66,0.34,0.0,0,0.0,150,3,0.02,0.26,0.14,0.5933333333333334,0.006666666666666667
C:\Users\hello\GitHubRepos\MA-NormEmergence\saved_runs\exp2\qwen3_8b\altruistic\self_interested\seed_4,4,2,2,Qwen/Qwen3-8B,altruistic,self_interested,75,2,0.5,110.83333333333329,27.70833333333332,0.0,0.5131578947368421,53.0,4.0,0.2688679245283019,38.0,0.0,0.0,7.0,0.0,0.0,110.83333333333329,55.41666666666664,19.5,2.0,1.0,-55.41666666666664,-1.0,3.944444444444441,0.40992221188430233,115,0.5478260869565217,0.12173913043478261,0.33043478260869563,38,0.0,150,0.74,0.26,0.0,0,0.0,115,4,0.034782608695652174,0.5478260869565217,0.12173913043478261,0.33043478260869563,0.0
C:\Users\hello\GitHubRepos\MA-NormEmergence\saved_runs\exp2\qwen3_8b\altruistic\self_interested\seed_5,5,2,2,Qwen/Qwen3-8B,altruistic,self_interested,75,4,1.0,198.3333333333336,49.5833333333334,5.833333333333327,0.42647058823529455,73.0,11.0,0.20205479452054795,89.0,17.499999999999986,8.749999999999993,11.0,2.0,1.0,180.83333333333363,90.41666666666681,25.5,2.0,1.0,-81.66666666666683,0.0,9.699999999999996,0.35286200258271627,150,0.24666666666666667,0.14666666666666667,0.5933333333333334,89,0.013333333333333334,150,0.66,0.34,0.0,0,0.0,150,2,0.013333333333333334,0.24666666666666667,0.14666666666666667,0.5933333333333334,0.013333333333333334
C:\Users\hello\GitHubRepos\MA-NormEmergence\saved_runs\exp2\qwen3_8b\altruistic\self_interested\seed_6,6,2,2,Qwen/Qwen3-8B,altruistic,self_interested,75,4,1.0,151.66666666666663,37.91666666666666,5.833333333333327,0.403846153846154,65.0,11.0,0.16538461538461538,56.0,17.499999999999986,8.749999999999993,11.0,2.0,1.0,134.16666666666663,67.08333333333331,21.5,2.0,1.0,-58.33333333333332,0.0,7.755555555555552,0.33911231700975925,150,0.46,0.14666666666666667,0.37333333333333335,56,0.02,150,0.7133333333333334,0.2866666666666667,0.0,0,0.0,150,3,0.02,0.46,0.14666666666666667,0.37333333333333335,0.02
C:\Users\hello\GitHubRepos\MA-NormEmergence\saved_runs\exp2\qwen3_8b\altruistic\self_interested\seed_7,7,2,2,Qwen/Qwen3-8B,altruistic,self_interested,75,4,1.0,169.16666666666663,42.29166666666666,11.66666666666666,0.37068965517241387,67.0,11.0,0.17537313432835822,76.0,23.33333333333332,11.66666666666666,11.0,2.0,1.0,145.83333333333331,72.91666666666666,22.5,2.0,1.0,-61.25,0.0,9.933333333333326,0.3233494274470453,150,0.3333333333333333,0.14666666666666667,0.5066666666666667,76,0.013333333333333334,150,0.7,0.3,0.0,0,0.0,150,0,0.0,0.3333333333333333,0.14666666666666667,0.5066666666666667,0.013333333333333334
C:\Users\hello\GitHubRepos\MA-NormEmergence\saved_runs\exp2\qwen3_8b\altruistic\self_interested\seed_8,8,2,2,Qwen/Qwen3-8B,altruistic,self_interested,75,3,0.75,116.66666666666659,29.166666666666647,0.0,0.5000000000000001,59.0,9.0,0.18220338983050846,62.0,5.833333333333327,2.9166666666666634,10.0,1.0,0.5,110.83333333333326,55.41666666666663,19.5,2.0,1.0,-52.499999999999964,-0.5,7.399999999999994,0.3348670094652188,145,0.42758620689655175,0.13793103448275862,0.42758620689655175,62,0.006896551724137931,150,0.74,0.26,0.0,0,0.0,145,0,0.0,0.42758620689655175,0.13793103448275862,0.42758620689655175,0.006896551724137931
C:\Users\hello\GitHubRepos\MA-NormEmergence\saved_runs\exp2\qwen3_8b\altruistic\self_interested\seed_9,9,2,2,Qwen/Qwen3-8B,altruistic,self_interested,75,3,0.75,163.33333333333357,40.83333333333339,0.0,0.4821428571428573,64.0,7.0,0.234375,62.0,5.833333333333323,2.9166666666666616,9.0,1.0,0.5,157.50000000000023,78.75000000000011,23.0,2.0,1.0,-75.83333333333346,-0.5,7.037777777777774,0.34418385612572566,133,0.37593984962406013,0.13533834586466165,0.46616541353383456,62,0.022556390977443608,150,0.6933333333333334,0.30666666666666664,0.0,0,0.0,133,4,0.03007518796992481,0.37593984962406013,0.13533834586466165,0.46616541353383456,0.022556390977443608
C:\Users\hello\GitHubRepos\MA-NormEmergence\saved_runs\exp2\qwen3_8b\cooperative\altruistic\seed_1,1,2,2,Qwen/Qwen3-8B,cooperative,altruistic,75,4,1.0,34.99999999999997,8.749999999999993,5.833333333333323,0.16666666666666688,44.0,11.0,0.0,161.0,17.49999999999998,8.74999999999999,11.0,2.0,1.0,17.499999999999986,8.749999999999993,11.0,2.0,1.0,-3.552713678800501e-15,0.0,7.211111111111106,0.11552732560409107,150,0.2866666666666667,0.14666666666666667,0.56,84,0.006666666666666667,150,0.34,0.14666666666666667,0.5133333333333333,77,0.0,150,0,0.0,0.2866666666666667,0.14666666666666667,0.56,0.006666666666666667
C:\Users\hello\GitHubRepos\MA-NormEmergence\saved_runs\exp2\qwen3_8b\cooperative\altruistic\seed_10,10,2,2,Qwen/Qwen3-8B,cooperative,altruistic,75,4,1.0,40.833333333333314,10.208333333333329,5.833333333333327,0.10714285714285719,44.0,11.0,0.0,120.0,23.33333333333332,11.66666666666666,11.0,2.0,1.0,17.499999999999986,8.749999999999993,11.0,2.0,1.0,2.916666666666668,0.0,6.744444444444438,0.12636857026025233,150,0.3933333333333333,0.14666666666666667,0.44,66,0.02,150,0.49333333333333335,0.14666666666666667,0.36,54,0.0,150,0,0.0,0.3933333333333333,0.14666666666666667,0.44,0.02
C:\Users\hello\GitHubRepos\MA-NormEmergence\saved_runs\exp2\qwen3_8b\cooperative\altruistic\seed_2,2,2,2,Qwen/Qwen3-8B,cooperative,altruistic,75,4,1.0,40.8333333333333,10.208333333333325,5.833333333333327,0.10714285714285728,44.0,11.0,0.0,132.0,17.499999999999982,8.749999999999991,11.0,2.0,1.0,23.33333333333332,11.66666666666666,11.0,2.0,1.0,-2.9166666666666696,0.0,5.966666666666659,0.1376844037898218,150,0.36,0.14666666666666667,0.48,72,0.013333333333333334,150,0.4533333333333333,0.14666666666666667,0.4,60,0.0,150,1,0.006666666666666667,0.36,0.14666666666666667,0.48,0.013333333333333334
C:\Users\hello\GitHubRepos\MA-NormEmergence\saved_runs\exp2\qwen3_8b\cooperative\altruistic\seed_3,3,2,2,Qwen/Qwen3-8B,cooperative,altruistic,75,4,1.0,34.999999999999964,8.749999999999991,5.833333333333323,0.1666666666666669,44.0,11.0,0.0,171.0,17.49999999999998,8.74999999999999,11.0,2.0,1.0,17.499999999999986,8.749999999999993,11.0,2.0,1.0,-3.552713678800501e-15,0.0,7.1333333333333275,0.11904828608449199,150,0.28,0.14666666666666667,0.56,84,0.013333333333333334,150,0.2733333333333333,0.14666666666666667,0.58,87,0.0,150,0,0.0,0.28,0.14666666666666667,0.56,0.013333333333333334
C:\Users\hello\GitHubRepos\MA-NormEmergence\saved_runs\exp2\qwen3_8b\cooperative\altruistic\seed_4,4,2,2,Qwen/Qwen3-8B,cooperative,altruistic,75,4,1.0,46.66666666666663,11.666666666666657,5.833333333333327,0.18750000000000014,44.0,11.0,0.0,172.0,17.499999999999982,8.749999999999991,11.0,2.0,1.0,29.166666666666654,14.583333333333327,11.0,2.0,1.0,-5.833333333333336,0.0,7.677777777777772,0.1246568861771284,150,0.22,0.14666666666666667,0.6133333333333333,92,0.02,150,0.32,0.14666666666666667,0.5333333333333333,80,0.0,150,0,0.0,0.22,0.14666666666666667,0.6133333333333333,0.02
C:\Users\hello\GitHubRepos\MA-NormEmergence\saved_runs\exp2\qwen3_8b\cooperative\altruistic\seed_5,5,2,2,Qwen/Qwen3-8B,cooperative,altruistic,75,4,1.0,40.8333333333333,10.208333333333325,5.833333333333327,0.10714285714285728,44.0,11.0,0.0,165.0,23.333333333333314,11.666666666666657,11.0,2.0,1.0,17.499999999999986,8.749999999999993,11.0,2.0,1.0,2.9166666666666643,0.0,7.677777777777772,0.10778111881213948,150,0.26,0.14666666666666667,0.5733333333333334,86,0.02,150,0.32666666666666666,0.14666666666666667,0.5266666666666666,79,0.0,150,1,0.006666666666666667,0.26,0.14666666666666667,0.5733333333333334,0.02
C:\Users\hello\GitHubRepos\MA-NormEmergence\saved_runs\exp2\qwen3_8b\cooperative\altruistic\seed_6,6,2,2,Qwen/Qwen3-8B,cooperative,altruistic,75,4,1.0,40.833333333333314,10.208333333333329,5.833333333333327,0.10714285714285719,44.0,11.0,0.0,158.0,23.33333333333332,11.66666666666666,11.0,2.0,1.0,17.499999999999986,8.749999999999993,11.0,2.0,1.0,2.916666666666668,0.0,7.288888888888883,0.1173348168177138,150,0.3,0.14666666666666667,0.54,81,0.013333333333333334,150,0.34,0.14666666666666667,0.5133333333333333,77,0.0,150,3,0.02,0.3,0.14666666666666667,0.54,0.013333333333333334
C:\Users\hello\GitHubRepos\MA-NormEmergence\saved_runs\exp2\qwen3_8b\cooperative\altruistic\seed_7,7,2,2,Qwen/Qwen3-8B,cooperative,altruistic,75,3,0.75,17.49999999999998,4.374999999999995,0.0,0.25,42.0,9.0,0.03571428571428571,135.0,5.833333333333327,2.9166666666666634,10.0,1.0,0.5,11.666666666666654,5.833333333333327,11.0,2.0,1.0,-2.9166666666666634,-0.5,6.622222222222216,0.1422440066505722,145,0.3724137931034483,0.13793103448275862,0.4827586206896552,70,0.006896551724137931,150,0.42,0.14666666666666667,0.43333333333333335,65,0.0,145,1,0.006896551724137931,0.3724137931034483,0.13793103448275862,0.4827586206896552,0.006896551724137931
C:\Users\hello\GitHubRepos\MA-NormEmergence\saved_runs\exp2\qwen3_8b\cooperative\altruistic\seed_8,8,2,2,Qwen/Qwen3-8B,cooperative,altruistic,75,4,1.0,34.99999999999997,8.749999999999993,5.833333333333327,0.16666666666666677,44.0,11.0,0.0,155.0,17.499999999999982,8.749999999999991,11.0,2.0,1.0,17.499999999999986,8.749999999999993,11.0,2.0,1.0,-1.7763568394002505e-15,0.0,7.522222222222217,0.11708557699927039,150,0.29333333333333333,0.14666666666666667,0.5333333333333333,80,0.02666666666666667,150,0.35333333333333333,0.14666666666666667,0.5,75,0.0,150,3,0.02,0.29333333333333333,0.14666666666666667,0.5333333333333333,0.02666666666666667
C:\Users\hello\GitHubRepos\MA-NormEmergence\saved_runs\exp2\qwen3_8b\cooperative\altruistic\seed_9,9,2,2,Qwen/Qwen3-8B,cooperative,altruistic,75,3,0.75,23.33333333333331,5.833333333333328,0.0,0.3750000000000002,43.0,10.0,0.01744186046511628,149.0,5.833333333333323,2.9166666666666616,10.5,1.0,0.5,17.499999999999986,8.749999999999993,11.0,2.0,1.0,-5.833333333333331,-0.5,7.1333333333333275,0.12204220978059967,150,0.32666666666666666,0.14,0.52,78,0.013333333333333334,150,0.38,0.14666666666666667,0.47333333333333333,71,0.0,150,2,0.013333333333333334,0.32666666666666666,0.14,0.52,0.013333333333333334
C:\Users\hello\GitHubRepos\MA-NormEmergence\saved_runs\exp2\qwen3_8b\cooperative\cooperative\seed_1,1,2,2,Qwen/Qwen3-8B,cooperative,cooperative,75,4,1.0,40.8333333333333,10.208333333333325,5.833333333333327,0.10714285714285728,44.0,11.0,0.0,167.0,17.499999999999982,8.749999999999991,11.0,2.0,1.0,23.33333333333332,11.66666666666666,11.0,2.0,1.0,-2.9166666666666696,0.0,6.977777777777771,0.12165206415552866,150,0.28,0.14666666666666667,0.56,84,0.013333333333333334,150,0.3,0.14666666666666667,0.5533333333333333,83,0.0,150,0,0.0,0.28,0.14666666666666667,0.56,0.013333333333333334
C:\Users\hello\GitHubRepos\MA-NormEmergence\saved_runs\exp2\qwen3_8b\cooperative\cooperative\seed_10,10,2,2,Qwen/Qwen3-8B,cooperative,cooperative,75,4,1.0,29.166666666666643,7.291666666666661,5.833333333333327,0.15000000000000013,44.0,11.0,0.0,156.0,17.499999999999986,8.749999999999993,11.0,2.0,1.0,11.666666666666654,5.833333333333327,11.0,2.0,1.0,2.916666666666666,0.0,7.13333333333333,0.11352665967741866,150,0.31333333333333335,0.14666666666666667,0.5266666666666666,79,0.013333333333333334,150,0.34,0.14666666666666667,0.5133333333333333,77,0.0,150,0,0.0,0.31333333333333335,0.14666666666666667,0.5266666666666666,0.013333333333333334
C:\Users\hello\GitHubRepos\MA-NormEmergence\saved_runs\exp2\qwen3_8b\cooperative\cooperative\seed_2,2,2,2,Qwen/Qwen3-8B,cooperative,cooperative,75,4,1.0,34.99999999999997,8.749999999999993,5.833333333333327,0.16666666666666677,44.0,11.0,0.0,146.0,17.499999999999982,8.749999999999991,11.0,2.0,1.0,17.499999999999986,8.749999999999993,11.0,2.0,1.0,-1.7763568394002505e-15,0.0,6.7444444444444365,0.12464861124991425,150,0.34,0.14666666666666667,0.5,75,0.013333333333333334,150,0.38,0.14666666666666667,0.47333333333333333,71,0.0,150,2,0.013333333333333334,0.34,0.14666666666666667,0.5,0.013333333333333334
C:\Users\hello\GitHubRepos\MA-NormEmergence\saved_runs\exp2\qwen3_8b\cooperative\cooperative\seed_3,3,2,2,Qwen/Qwen3-8B,cooperative,cooperative,75,3,0.75,17.49999999999997,4.374999999999993,0.0,0.2500000000000002,43.0,10.0,0.01744186046511628,145.0,11.666666666666647,5.833333333333323,11.0,2.0,1.0,5.833333333333327,2.9166666666666634,10.5,1.0,0.5,2.91666666666666,0.5,6.977777777777771,0.12477795630664218,150,0.3333333333333333,0.14666666666666667,0.49333333333333335,74,0.02666666666666667,150,0.38666666666666666,0.14,0.47333333333333333,71,0.0,150,1,0.006666666666666667,0.3333333333333333,0.14666666666666667,0.49333333333333335,0.02666666666666667
C:\Users\hello\GitHubRepos\MA-NormEmergence\saved_runs\exp2\qwen3_8b\cooperative\cooperative\seed_4,4,2,2,Qwen/Qwen3-8B,cooperative,cooperative,75,4,1.0,29.166666666666643,7.291666666666661,5.833333333333323,0.15000000000000024,44.0,11.0,0.0,133.0,17.499999999999986,8.749999999999993,11.0,2.0,1.0,11.666666666666654,5.833333333333327,11.0,2.0,1.0,2.916666666666666,0.0,6.899999999999994,0.12506033815701564,150,0.3333333333333333,0.14666666666666667,0.5066666666666667,76,0.013333333333333334,150,0.47333333333333333,0.14666666666666667,0.38,57,0.0,150,0,0.0,0.3333333333333333,0.14666666666666667,0.5066666666666667,0.013333333333333334
C:\Users\hello\GitHubRepos\MA-NormEmergence\saved_runs\exp2\qwen3_8b\cooperative\cooperative\seed_5,5,2,2,Qwen/Qwen3-8B,cooperative,cooperative,75,4,1.0,40.833333333333314,10.208333333333329,5.833333333333327,0.10714285714285719,44.0,11.0,0.0,165.0,23.33333333333332,11.66666666666666,11.0,2.0,1.0,17.499999999999986,8.749999999999993,11.0,2.0,1.0,2.916666666666668,0.0,7.755555555555552,0.11312321857598628,150,0.26,0.14666666666666667,0.5733333333333334,86,0.02,150,0.32666666666666666,0.14666666666666667,0.5266666666666666,79,0.0,150,3,0.02,0.26,0.14666666666666667,0.5733333333333334,0.02
C:\Users\hello\GitHubRepos\MA-NormEmergence\saved_runs\exp2\qwen3_8b\cooperative\cooperative\seed_6,6,2,2,Qwen/Qwen3-8B,cooperative,cooperative,75,4,1.0,46.666666666666636,11.666666666666659,5.833333333333327,0.1875,44.0,11.0,0.0,163.0,29.166666666666647,14.583333333333323,11.0,2.0,1.0,17.499999999999986,8.749999999999993,11.0,2.0,1.0,5.83333333333333,0.0,7.988888888888881,0.115174046617358,150,0.26,0.14666666666666667,0.5733333333333334,86,0.02,150,0.34,0.14666666666666667,0.5133333333333333,77,0.0,150,4,0.02666666666666667,0.26,0.14666666666666667,0.5733333333333334,0.02
C:\Users\hello\GitHubRepos\MA-NormEmergence\saved_runs\exp2\qwen3_8b\cooperative\cooperative\seed_7,7,2,2,Qwen/Qwen3-8B,cooperative,cooperative,75,4,1.0,46.66666666666663,11.666666666666657,5.833333333333327,0.18750000000000008,44.0,11.0,0.0,172.0,29.166666666666636,14.583333333333318,11.0,2.0,1.0,17.499999999999986,8.749999999999993,11.0,2.0,1.0,5.833333333333325,0.0,8.766666666666659,0.10871687196504236,150,0.26666666666666666,0.14666666666666667,0.5733333333333334,86,0.013333333333333334,150,0.28,0.14666666666666667,0.5733333333333334,86,0.0,150,2,0.013333333333333334,0.26666666666666666,0.14666666666666667,0.5733333333333334,0.013333333333333334
C:\Users\hello\GitHubRepos\MA-NormEmergence\saved_runs\exp2\qwen3_8b\cooperative\cooperative\seed_8,8,2,2,Qwen/Qwen3-8B,cooperative,cooperative,75,4,1.0,29.16666666666664,7.29166666666666,5.833333333333323,0.15000000000000027,44.0,11.0,0.0,149.0,11.66666666666665,5.833333333333325,11.0,2.0,1.0,17.499999999999986,8.749999999999993,11.0,2.0,1.0,-2.916666666666668,0.0,7.211111111111104,0.11656879486307621,150,0.3333333333333333,0.14666666666666667,0.5066666666666667,76,0.013333333333333334,150,0.36666666666666664,0.14666666666666667,0.4866666666666667,73,0.0,150,1,0.006666666666666667,0.3333333333333333,0.14666666666666667,0.5066666666666667,0.013333333333333334
C:\Users\hello\GitHubRepos\MA-NormEmergence\saved_runs\exp2\qwen3_8b\cooperative\cooperative\seed_9,9,2,2,Qwen/Qwen3-8B,cooperative,cooperative,75,4,1.0,40.8333333333333,10.208333333333325,5.833333333333327,0.10714285714285728,44.0,11.0,0.0,172.0,17.499999999999982,8.749999999999991,11.0,2.0,1.0,23.33333333333332,11.66666666666666,11.0,2.0,1.0,-2.9166666666666696,0.0,7.677777777777772,0.1039970705938143,150,0.24666666666666667,0.14666666666666667,0.5933333333333334,89,0.013333333333333334,150,0.3,0.14666666666666667,0.5533333333333333,83,0.0,150,2,0.013333333333333334,0.24666666666666667,0.14666666666666667,0.5933333333333334,0.013333333333333334
C:\Users\hello\GitHubRepos\MA-NormEmergence\saved_runs\exp2\qwen3_8b\cooperative\self_interested\seed_1,1,2,2,Qwen/Qwen3-8B,cooperative,self_interested,75,2,0.5,151.6666666666668,37.9166666666667,0.0,0.5384615384615387,55.0,4.0,0.35909090909090907,40.0,0.0,0.0,4.5,0.0,0.0,151.6666666666668,75.8333333333334,23.0,2.0,1.0,-75.8333333333334,-1.0,4.099999999999995,0.4169473652012542,86,0.43023255813953487,0.10465116279069768,0.46511627906976744,40,0.0,150,0.6933333333333334,0.30666666666666664,0.0,0,0.0,86,0,0.0,0.43023255813953487,0.10465116279069768,0.46511627906976744,0.0
C:\Users\hello\GitHubRepos\MA-NormEmergence\saved_runs\exp2\qwen3_8b\cooperative\self_interested\seed_10,10,2,2,Qwen/Qwen3-8B,cooperative,self_interested,75,4,1.0,186.66666666666686,46.666666666666714,5.833333333333315,0.40625000000000017,71.0,11.0,0.18661971830985916,68.0,23.333333333333304,11.666666666666652,11.5,2.0,1.0,163.33333333333354,81.66666666666677,24.0,2.0,1.0,-70.00000000000011,0.0,8.29999999999999,0.34315036698619344,150,0.38666666666666666,0.15333333333333332,0.4533333333333333,68,0.006666666666666667,150,0.68,0.32,0.0,0,0.0,150,0,0.0,0.38666666666666666,0.15333333333333332,0.4533333333333333,0.006666666666666667
C:\Users\hello\GitHubRepos\MA-NormEmergence\saved_runs\exp2\qwen3_8b\cooperative\self_interested\seed_2,2,2,2,Qwen/Qwen3-8B,cooperative,self_interested,75,4,1.0,122.49999999999989,30.62499999999997,11.666666666666648,0.34523809523809534,58.0,11.0,0.12931034482758622,81.0,23.333333333333304,11.666666666666652,11.0,2.0,1.0,99.1666666666666,49.5833333333333,18.0,2.0,1.0,-37.91666666666665,0.0,8.533333333333323,0.29474582466900345,150,0.3,0.14666666666666667,0.54,81,0.013333333333333334,150,0.76,0.24,0.0,0,0.0,150,2,0.013333333333333334,0.3,0.14666666666666667,0.54,0.013333333333333334
C:\Users\hello\GitHubRepos\MA-NormEmergence\saved_runs\exp2\qwen3_8b\cooperative\self_interested\seed_3,3,2,2,Qwen/Qwen3-8B,cooperative,self_interested,75,4,1.0,175.0000000000001,43.75000000000003,5.833333333333312,0.41666666666666713,68.0,11.0,0.18382352941176472,89.0,17.49999999999994,8.74999999999997,11.0,2.0,1.0,157.50000000000017,78.75000000000009,23.0,2.0,1.0,-70.00000000000011,0.0,11.411111111111088,0.28818010055270543,150,0.25333333333333335,0.14666666666666667,0.5933333333333334,89,0.006666666666666667,150,0.6933333333333334,0.30666666666666664,0.0,0,0.0,150,1,0.006666666666666667,0.25333333333333335,0.14666666666666667,0.5933333333333334,0.006666666666666667
C:\Users\hello\GitHubRepos\MA-NormEmergence\saved_runs\exp2\qwen3_8b\cooperative\self_interested\seed_4,4,2,2,Qwen/Qwen3-8B,cooperative,self_interested,75,4,1.0,204.16666666666677,51.04166666666669,5.833333333333301,0.4214285714285719,73.0,11.0,0.20205479452054795,93.0,17.49999999999993,8.749999999999964,11.0,2.0,1.0,186.66666666666686,93.33333333333343,25.5,2.0,1.0,-84.58333333333346,0.0,12.11111111111109,0.2921220407852669,150,0.22666666666666666,0.14666666666666667,0.62,93,0.006666666666666667,150,0.66,0.34,0.0,0,0.0,150,0,0.0,0.22666666666666666,0.14666666666666667,0.62,0.006666666666666667
C:\Users\hello\GitHubRepos\MA-NormEmergence\saved_runs\exp2\qwen3_8b\cooperative\self_interested\seed_5,5,2,2,Qwen/Qwen3-8B,cooperative,self_interested,75,4,1.0,163.33333333333343,40.83333333333336,5.833333333333301,0.4285714285714291,68.0,11.0,0.17647058823529413,82.0,11.66666666666661,5.833333333333305,11.0,2.0,1.0,151.6666666666668,75.8333333333334,23.0,2.0,1.0,-70.0000000000001,0.0,10.244444444444424,0.3063070580571364,150,0.29333333333333333,0.14666666666666667,0.5466666666666666,82,0.013333333333333334,150,0.6933333333333334,0.30666666666666664,0.0,0,0.0,150,2,0.013333333333333334,0.29333333333333333,0.14666666666666667,0.5466666666666666,0.013333333333333334
C:\Users\hello\GitHubRepos\MA-NormEmergence\saved_runs\exp2\qwen3_8b\cooperative\self_interested\seed_6,6,2,2,Qwen/Qwen3-8B,cooperative,self_interested,75,3,0.75,163.33333333333343,40.83333333333336,0.0,0.4642857142857147,63.0,5.0,0.26587301587301587,43.0,17.499999999999968,8.749999999999984,9.0,1.0,0.5,145.83333333333343,72.91666666666671,22.5,2.0,1.0,-64.16666666666673,-0.5,5.533333333333326,0.3647036209952363,121,0.48760330578512395,0.1487603305785124,0.35537190082644626,43,0.008264462809917356,150,0.7,0.3,0.0,0,0.0,121,3,0.024793388429752067,0.48760330578512395,0.1487603305785124,0.35537190082644626,0.008264462809917356
C:\Users\hello\GitHubRepos\MA-NormEmergence\saved_runs\exp2\qwen3_8b\cooperative\self_interested\seed_7,7,2,2,Qwen/Qwen3-8B,cooperative,self_interested,75,4,1.0,227.50000000000028,56.87500000000007,5.833333333333312,0.41666666666666713,77.0,11.0,0.21753246753246752,85.0,23.333333333333275,11.666666666666638,11.0,2.0,1.0,204.16666666666703,102.08333333333351,27.5,2.0,1.0,-90.41666666666687,0.0,11.48888888888887,0.3205435180538077,150,0.28,0.14666666666666667,0.5666666666666667,85,0.006666666666666667,150,0.6333333333333333,0.36666666666666664,0.0,0,0.0,150,1,0.006666666666666667,0.28,0.14666666666666667,0.5666666666666667,0.006666666666666667
C:\Users\hello\GitHubRepos\MA-NormEmergence\saved_runs\exp2\qwen3_8b\cooperative\self_interested\seed_8,8,2,2,Qwen/Qwen3-8B,cooperative,self_interested,75,2,0.5,151.66666666666669,37.91666666666667,0.0,0.5192307692307694,57.0,6.0,0.2850877192982456,60.0,0.0,0.0,6.5,0.0,0.0,151.66666666666669,75.83333333333334,22.0,2.0,1.0,-75.83333333333334,-1.0,7.342222222222214,0.34305291458584264,110,0.32727272727272727,0.11818181818181818,0.5454545454545454,60,0.00909090909090909,150,0.7066666666666667,0.29333333333333333,0.0,0,0.0,110,0,0.0,0.32727272727272727,0.11818181818181818,0.5454545454545454,0.00909090909090909
C:\Users\hello\GitHubRepos\MA-NormEmergence\saved_runs\exp2\qwen3_8b\cooperative\self_interested\seed_9,9,2,2,Qwen/Qwen3-8B,cooperative,self_interested,75,3,0.75,99.16666666666657,24.791666666666643,0.0,0.42647058823529416,52.0,5.0,0.21153846153846154,43.0,11.666666666666648,5.833333333333324,8.5,1.0,0.5,87.49999999999991,43.74999999999996,17.5,2.0,1.0,-37.916666666666636,-0.5,5.06666666666666,0.3625988343234421,121,0.48760330578512395,0.14049586776859505,0.35537190082644626,43,0.01652892561983471,150,0.7666666666666667,0.23333333333333334,0.0,0,0.0,121,1,0.008264462809917356,0.48760330578512395,0.14049586776859505,0.35537190082644626,0.01652892561983471
C:\Users\hello\GitHubRepos\MA-NormEmergence\saved_runs\exp2\qwen3_8b\self_interested\altruistic\seed_1,1,2,2,Qwen/Qwen3-8B,self_interested,altruistic,75,4,1.0,175.00000000000028,43.75000000000007,5.833333333333327,0.43333333333333357,70.0,11.0,0.18571428571428572,80.0,163.33333333333366,81.66666666666683,24.0,2.0,1.0,11.666666666666654,5.833333333333327,11.0,2.0,1.0,75.8333333333335,0.0,9.699999999999996,0.3352288404171015,150,0.68,0.32,0.0,0,0.0,150,0.32,0.14666666666666667,0.5333333333333333,80,0.0,150,2,0.013333333333333334,0.68,0.32,0.0,0.0
C:\Users\hello\GitHubRepos\MA-NormEmergence\saved_runs\exp2\qwen3_8b\self_interested\altruistic\seed_10,10,2,2,Qwen/Qwen3-8B,self_interested,altruistic,75,3,0.75,140.00000000000003,35.00000000000001,0.0,0.5000000000000003,62.0,8.0,0.21774193548387097,60.0,134.1666666666667,67.08333333333336,21.5,2.0,1.0,5.833333333333327,2.9166666666666634,9.5,1.0,0.5,64.1666666666667,0.5,6.642222222222217,0.3734935082013709,150,0.7066666666666667,0.2866666666666667,0.006666666666666667,1,0.0,139,0.43884892086330934,0.1366906474820144,0.4244604316546763,59,0.0,150,2,0.013333333333333334,0.7066666666666667,0.2866666666666667,0.006666666666666667,0.0
C:\Users\hello\GitHubRepos\MA-NormEmergence\saved_runs\exp2\qwen3_8b\self_interested\altruistic\seed_2,2,2,2,Qwen/Qwen3-8B,self_interested,altruistic,75,3,0.75,81.66666666666659,20.416666666666647,0.0,0.5357142857142858,50.0,6.0,0.21,56.0,75.83333333333326,37.91666666666663,16.5,2.0,1.0,5.833333333333327,2.9166666666666634,8.5,1.0,0.5,34.999999999999964,0.5,6.719999999999995,0.3637118327036385,150,0.78,0.22,0.0,0,0.0,127,0.4251968503937008,0.13385826771653545,0.4409448818897638,56,0.0,150,0,0.0,0.78,0.22,0.0,0.0
C:\Users\hello\GitHubRepos\MA-NormEmergence\saved_runs\exp2\qwen3_8b\self_interested\altruistic\seed_3,3,2,2,Qwen/Qwen3-8B,self_interested,altruistic,75,2,0.5,104.99999999999999,26.249999999999996,0.0,0.5277777777777779,55.0,7.0,0.21363636363636362,48.0,104.99999999999999,52.49999999999999,19.0,2.0,1.0,0.0,0.0,8.5,0.0,0.0,52.49999999999999,1.0,6.337777777777773,0.3727762263620007,150,0.74,0.25333333333333335,0.0,0,0.006666666666666667,133,0.5112781954887218,0.12781954887218044,0.3609022556390977,48,0.0,150,0,0.0,0.74,0.25333333333333335,0.0,0.006666666666666667
C:\Users\hello\GitHubRepos\MA-NormEmergence\saved_runs\exp2\qwen3_8b\self_interested\altruistic\seed_4,4,2,2,Qwen/Qwen3-8B,self_interested,altruistic,75,4,1.0,169.16666666666663,42.29166666666666,5.833333333333327,0.4051724137931036,66.0,11.0,0.16666666666666666,96.0,151.66666666666666,75.83333333333333,22.0,2.0,1.0,17.499999999999986,8.749999999999993,11.0,2.0,1.0,67.08333333333334,0.0,10.399999999999995,0.30649409258360544,150,0.7066666666666667,0.29333333333333333,0.0,0,0.0,150,0.21333333333333335,0.14666666666666667,0.64,96,0.0,150,0,0.0,0.7066666666666667,0.29333333333333333,0.0,0.0
C:\Users\hello\GitHubRepos\MA-NormEmergence\saved_runs\exp2\qwen3_8b\self_interested\altruistic\seed_5,5,2,2,Qwen/Qwen3-8B,self_interested,altruistic,75,3,0.75,134.16666666666663,33.54166666666666,0.0,0.46739130434782616,63.0,10.0,0.17063492063492064,72.0,128.33333333333331,64.16666666666666,21.0,2.0,1.0,5.833333333333327,2.9166666666666634,10.5,1.0,0.5,61.24999999999999,0.5,7.677777777777772,0.3287059588800806,150,0.72,0.28,0.0,0,0.0,150,0.38,0.14,0.48,72,0.0,150,1,0.006666666666666667,0.72,0.28,0.0,0.0
C:\Users\hello\GitHubRepos\MA-NormEmergence\saved_runs\exp2\qwen3_8b\self_interested\altruistic\seed_6,6,2,2,Qwen/Qwen3-8B,self_interested,altruistic,75,4,1.0,169.16666666666683,42.29166666666671,5.833333333333327,0.40517241379310387,68.0,11.0,0.17647058823529413,70.0,151.66666666666686,75.83333333333343,23.0,2.0,1.0,17.499999999999986,8.749999999999993,11.0,2.0,1.0,67.08333333333343,0.0,7.911111111111107,0.3499023397770223,150,0.6933333333333334,0.30666666666666664,0.0,0,0.0,150,0.38666666666666666,0.14666666666666667,0.4666666666666667,70,0.0,150,1,0.006666666666666667,0.6933333333333334,0.30666666666666664,0.0,0.0
C:\Users\hello\GitHubRepos\MA-NormEmergence\saved_runs\exp2\qwen3_8b\self_interested\altruistic\seed_7,7,2,2,Qwen/Qwen3-8B,self_interested,altruistic,75,2,0.5,122.49999999999997,30.624999999999993,0.0,0.511904761904762,57.0,7.0,0.2324561403508772,55.0,122.49999999999997,61.249999999999986,20.5,2.0,1.0,0.0,0.0,8.0,0.0,0.0,61.249999999999986,1.0,6.493333333333329,0.36960916283543416,150,0.7266666666666667,0.2733333333333333,0.0,0,0.0,128,0.4453125,0.125,0.4296875,55,0.0,150,1,0.006666666666666667,0.7266666666666667,0.2733333333333333,0.0,0.0
C:\Users\hello\GitHubRepos\MA-NormEmergence\saved_runs\exp2\qwen3_8b\self_interested\altruistic\seed_8,8,2,2,Qwen/Qwen3-8B,self_interested,altruistic,75,3,0.75,157.50000000000017,39.37500000000004,0.0,0.490740740740741,63.0,8.0,0.21825396825396826,69.0,151.66666666666686,75.83333333333343,22.0,2.0,1.0,5.833333333333327,2.9166666666666634,9.5,1.0,0.5,72.91666666666677,0.5,7.653333333333329,0.35596281678917324,150,0.7,0.29333333333333333,0.0,0,0.006666666666666667,139,0.3669064748201439,0.1366906474820144,0.49640287769784175,69,0.0,150,0,0.0,0.7,0.29333333333333333,0.0,0.006666666666666667
C:\Users\hello\GitHubRepos\MA-NormEmergence\saved_runs\exp2\qwen3_8b\self_interested\altruistic\seed_9,9,2,2,Qwen/Qwen3-8B,self_interested,altruistic,75,4,1.0,180.83333333333363,45.20833333333341,5.833333333333327,0.4435483870967744,70.0,11.0,0.2,78.0,163.33333333333366,81.66666666666683,24.0,2.0,1.0,17.499999999999986,8.749999999999993,11.0,2.0,1.0,72.91666666666683,0.0,8.53333333333333,0.3472104832192434,150,0.68,0.32,0.0,0,0.0,150,0.3333333333333333,0.14666666666666667,0.52,78,0.0,150,0,0.0,0.68,0.32,0.0,0.0
C:\Users\hello\GitHubRepos\MA-NormEmergence\saved_runs\exp2\qwen3_8b\self_interested\cooperative\seed_1,1,2,2,Qwen/Qwen3-8B,self_interested,cooperative,75,4,1.0,139.99999999999994,34.999999999999986,5.833333333333327,0.4375000000000001,63.0,11.0,0.17063492063492064,75.0,122.49999999999996,61.24999999999998,20.5,2.0,1.0,17.499999999999986,8.749999999999993,11.0,2.0,1.0,52.499999999999986,0.0,10.944444444444441,0.2934457032538339,150,0.7266666666666667,0.2733333333333333,0.0,0,0.0,150,0.35333333333333333,0.14666666666666667,0.5,75,0.0,150,1,0.006666666666666667,0.7266666666666667,0.2733333333333333,0.0,0.0
C:\Users\hello\GitHubRepos\MA-NormEmergence\saved_runs\exp2\qwen3_8b\self_interested\cooperative\seed_10,10,2,2,Qwen/Qwen3-8B,self_interested,cooperative,75,4,1.0,151.6666666666667,37.91666666666668,5.833333333333327,0.42307692307692346,66.0,11.0,0.16666666666666666,65.0,140.00000000000009,70.00000000000004,22.0,2.0,1.0,11.666666666666654,5.833333333333327,11.0,2.0,1.0,64.16666666666671,0.0,10.088888888888885,0.30038051897444845,150,0.7,0.29333333333333333,0.0,0,0.006666666666666667,150,0.42,0.14666666666666667,0.43333333333333335,65,0.0,150,0,0.0,0.7,0.29333333333333333,0.0,0.006666666666666667
C:\Users\hello\GitHubRepos\MA-NormEmergence\saved_runs\exp2\qwen3_8b\self_interested\cooperative\seed_2,2,2,2,Qwen/Qwen3-8B,self_interested,cooperative,75,2,0.5,87.49999999999991,21.87499999999998,0.0,0.5166666666666667,54.0,9.0,0.1574074074074074,69.0,87.49999999999991,43.74999999999996,17.5,2.0,1.0,0.0,0.0,9.5,0.0,0.0,43.74999999999996,1.0,9.422222222222215,0.28070301437124506,150,0.7666666666666667,0.23333333333333334,0.0,0,0.0,145,0.3931034482758621,0.1310344827586207,0.47586206896551725,69,0.0,150,0,0.0,0.7666666666666667,0.23333333333333334,0.0,0.0
C:\Users\hello\GitHubRepos\MA-NormEmergence\saved_runs\exp2\qwen3_8b\self_interested\cooperative\seed_3,3,2,2,Qwen/Qwen3-8B,self_interested,cooperative,75,3,0.75,163.33333333333343,40.83333333333336,0.0,0.5178571428571431,67.0,9.0,0.22761194029850745,66.0,157.5000000000001,78.75000000000006,23.5,2.0,1.0,5.833333333333327,2.9166666666666634,10.0,1.0,0.5,75.8333333333334,0.5,11.211111111111103,0.3035188047393012,150,0.68,0.31333333333333335,0.0,0,0.006666666666666667,145,0.4068965517241379,0.13793103448275862,0.45517241379310347,66,0.0,150,2,0.013333333333333334,0.68,0.31333333333333335,0.0,0.006666666666666667
C:\Users\hello\GitHubRepos\MA-NormEmergence\saved_runs\exp2\qwen3_8b\self_interested\cooperative\seed_4,4,2,2,Qwen/Qwen3-8B,self_interested,cooperative,75,3,0.75,116.66666666666659,29.166666666666647,0.0,0.5000000000000001,54.0,6.0,0.23148148148148148,43.0,104.99999999999993,52.499999999999964,18.5,2.0,1.0,11.66666666666666,5.83333333333333,8.5,1.0,0.5,46.666666666666636,0.5,6.0977777777777735,0.3511659087764497,150,0.7533333333333333,0.24666666666666667,0.0,0,0.0,127,0.5275590551181102,0.13385826771653545,0.33858267716535434,43,0.0,150,0,0.0,0.7533333333333333,0.24666666666666667,0.0,0.0
C:\Users\hello\GitHubRepos\MA-NormEmergence\saved_runs\exp2\qwen3_8b\self_interested\cooperative\seed_5,5,2,2,Qwen/Qwen3-8B,self_interested,cooperative,75,2,0.5,104.99999999999997,26.249999999999993,0.0,0.6111111111111113,52.0,6.0,0.25961538461538464,45.0,104.99999999999997,52.499999999999986,18.5,2.0,1.0,0.0,0.0,7.5,0.0,0.0,52.499999999999986,1.0,6.2533333333333285,0.3927717574547557,150,0.7533333333333333,0.24666666666666667,0.0,0,0.0,122,0.5081967213114754,0.12295081967213115,0.36885245901639346,45,0.0,150,2,0.013333333333333334,0.7533333333333333,0.24666666666666667,0.0,0.0
C:\Users\hello\GitHubRepos\MA-NormEmergence\saved_runs\exp2\qwen3_8b\self_interested\cooperative\seed_6,6,2,2,Qwen/Qwen3-8B,self_interested,cooperative,75,4,1.0,198.33333333333348,49.58333333333337,5.833333333333327,0.44117647058823545,73.0,11.0,0.20205479452054795,50.0,186.66666666666686,93.33333333333343,25.5,2.0,1.0,11.666666666666654,5.833333333333327,11.0,2.0,1.0,87.5000000000001,0.0,7.677777777777774,0.3529351386167604,150,0.6533333333333333,0.34,0.0,0,0.006666666666666667,150,0.52,0.14666666666666667,0.3333333333333333,50,0.0,150,0,0.0,0.6533333333333333,0.34,0.0,0.006666666666666667
C:\Users\hello\GitHubRepos\MA-NormEmergence\saved_runs\exp2\qwen3_8b\self_interested\cooperative\seed_7,7,2,2,Qwen/Qwen3-8B,self_interested,cooperative,75,4,1.0,192.50000000000017,48.12500000000004,11.66666666666666,0.34090909090909133,69.0,11.0,0.18478260869565216,73.0,157.5000000000002,78.7500000000001,23.5,2.0,1.0,34.999999999999986,17.499999999999993,11.0,2.0,1.0,61.25000000000011,0.0,22.222222222222214,0.21155114484050944,150,0.6866666666666666,0.31333333333333335,0.0,0,0.0,150,0.36666666666666664,0.14666666666666667,0.4866666666666667,73,0.0,150,1,0.006666666666666667,0.6866666666666666,0.31333333333333335,0.0,0.0
C:\Users\hello\GitHubRepos\MA-NormEmergence\saved_runs\exp2\qwen3_8b\self_interested\cooperative\seed_8,8,2,2,Qwen/Qwen3-8B,self_interested,cooperative,75,4,1.0,145.8333333333334,36.45833333333335,5.833333333333327,0.49000000000000044,65.0,11.0,0.18846153846153846,83.0,134.16666666666677,67.08333333333339,21.5,2.0,1.0,11.666666666666654,5.833333333333327,11.0,2.0,1.0,61.25000000000006,0.0,9.077777777777774,0.33713434606691683,150,0.7133333333333334,0.2866666666666667,0.0,0,0.0,150,0.3,0.14666666666666667,0.5533333333333333,83,0.0,150,0,0.0,0.7133333333333334,0.2866666666666667,0.0,0.0
C:\Users\hello\GitHubRepos\MA-NormEmergence\saved_runs\exp2\qwen3_8b\self_interested\cooperative\seed_9,9,2,2,Qwen/Qwen3-8B,self_interested,cooperative,75,3,0.75,145.8333333333335,36.45833333333338,0.0,0.47000000000000014,64.0,9.0,0.1953125,60.0,140.0000000000002,70.0000000000001,22.0,2.0,1.0,5.833333333333327,2.9166666666666634,10.0,1.0,0.5,67.08333333333344,0.5,7.555555555555551,0.3319155264677952,150,0.7066666666666667,0.29333333333333333,0.0,0,0.0,145,0.4482758620689655,0.13793103448275862,0.41379310344827586,60,0.0,150,1,0.006666666666666667,0.7066666666666667,0.29333333333333333,0.0,0.0
C:\Users\hello\GitHubRepos\MA-NormEmergence\saved_runs\exp2\qwen3_8b\self_interested\self_interested\seed_1,1,2,2,Qwen/Qwen3-8B,self_interested,self_interested,75,4,1.0,134.1666666666665,33.54166666666662,29.16666666666662,0.03260869565217397,61.0,15.0,0.012295081967213115,0.0,64.16666666666657,32.083333333333286,15.0,2.0,1.0,69.99999999999991,34.99999999999996,15.5,2.0,1.0,-2.9166666666666714,0.0,27.199999999999974,0.05727088487951507,150,0.8,0.2,0.0,0,0.0,150,0.7933333333333333,0.20666666666666667,0.0,0,0.0,150,0,0.0,0.8,0.2,0.0,0.0
C:\Users\hello\GitHubRepos\MA-NormEmergence\saved_runs\exp2\qwen3_8b\self_interested\self_interested\seed_10,10,2,2,Qwen/Qwen3-8B,self_interested,self_interested,75,4,1.0,93.33333333333316,23.33333333333329,17.499999999999954,0.09375000000000018,56.0,13.0,0.026785714285714284,0.0,52.499999999999915,26.249999999999957,14.5,2.0,1.0,40.83333333333324,20.41666666666662,13.5,2.0,1.0,5.833333333333336,0.0,31.555555555555543,0.048592557943340026,150,0.8066666666666666,0.19333333333333333,0.0,0,0.0,150,0.82,0.18,0.0,0,0.0,150,1,0.006666666666666667,0.8066666666666666,0.19333333333333333,0.0,0.0
C:\Users\hello\GitHubRepos\MA-NormEmergence\saved_runs\exp2\qwen3_8b\self_interested\self_interested\seed_2,2,2,2,Qwen/Qwen3-8B,self_interested,self_interested,75,4,1.0,180.83333333333317,45.20833333333329,29.16666666666662,0.15322580645161307,70.0,15.0,0.07142857142857142,0.0,104.99999999999991,52.49999999999996,18.5,2.0,1.0,75.83333333333326,37.91666666666663,16.5,2.0,1.0,14.583333333333329,0.0,24.088888888888864,0.10533492136414764,150,0.7533333333333333,0.24666666666666667,0.0,0,0.0,150,0.78,0.22,0.0,0,0.0,150,1,0.006666666666666667,0.7533333333333333,0.24666666666666667,0.0,0.0
C:\Users\hello\GitHubRepos\MA-NormEmergence\saved_runs\exp2\qwen3_8b\self_interested\self_interested\seed_3,3,2,2,Qwen/Qwen3-8B,self_interested,self_interested,75,4,1.0,233.33333333333366,58.333333333333414,46.66666666666663,0.08750000000000065,80.0,18.0,0.04375,0.0,99.16666666666669,49.58333333333334,18.5,2.0,1.0,134.16666666666697,67.08333333333348,21.5,2.0,1.0,-17.500000000000142,0.0,46.25555555555554,0.055606379067078465,150,0.7533333333333333,0.24666666666666667,0.0,0,0.0,150,0.7133333333333334,0.2866666666666667,0.0,0,0.0,150,0,0.0,0.7533333333333333,0.24666666666666667,0.0,0.0
C:\Users\hello\GitHubRepos\MA-NormEmergence\saved_runs\exp2\qwen3_8b\self_interested\self_interested\seed_4,4,2,2,Qwen/Qwen3-8B,self_interested,self_interested,75,4,1.0,169.16666666666652,42.29166666666663,34.99999999999996,0.11206896551724153,69.0,16.0,0.04710144927536232,0.0,93.33333333333326,46.66666666666663,18.0,2.0,1.0,75.83333333333326,37.91666666666663,16.5,2.0,1.0,8.75,0.0,28.28888888888887,0.08561614623759578,150,0.76,0.24,0.0,0,0.0,150,0.78,0.22,0.0,0,0.0,150,1,0.006666666666666667,0.76,0.24,0.0,0.0
C:\Users\hello\GitHubRepos\MA-NormEmergence\saved_runs\exp2\qwen3_8b\self_interested\self_interested\seed_5,5,2,2,Qwen/Qwen3-8B,self_interested,self_interested,75,4,1.0,250.83333333333334,62.708333333333336,52.499999999999964,0.11046511627907026,83.0,19.0,0.0572289156626506,0.0,140.00000000000009,70.00000000000004,22.0,2.0,1.0,110.83333333333326,55.41666666666663,19.5,2.0,1.0,14.583333333333414,0.0,47.65555555555554,0.044457419517179436,150,0.7066666666666667,0.29333333333333333,0.0,0,0.0,150,0.74,0.26,0.0,0,0.0,150,1,0.006666666666666667,0.7066666666666667,0.29333333333333333,0.0,0.0
C:\Users\hello\GitHubRepos\MA-NormEmergence\saved_runs\exp2\qwen3_8b\self_interested\self_interested\seed_6,6,2,2,Qwen/Qwen3-8B,self_interested,self_interested,75,4,1.0,145.83333333333317,36.45833333333329,11.666666666666618,0.2700000000000004,64.0,12.0,0.09375,0.0,69.99999999999991,34.99999999999996,15.5,2.0,1.0,75.83333333333326,37.91666666666663,16.5,2.0,1.0,-2.9166666666666714,0.0,22.45555555555553,0.15616353807889205,150,0.7933333333333333,0.20666666666666667,0.0,0,0.0,150,0.78,0.22,0.0,0,0.0,150,2,0.013333333333333334,0.7933333333333333,0.20666666666666667,0.0,0.0
C:\Users\hello\GitHubRepos\MA-NormEmergence\saved_runs\exp2\qwen3_8b\self_interested\self_interested\seed_7,7,2,2,Qwen/Qwen3-8B,self_interested,self_interested,75,4,1.0,245.00000000000003,61.25000000000001,40.83333333333329,0.15476190476190532,81.0,17.0,0.07716049382716049,0.0,128.33333333333343,64.16666666666671,21.0,2.0,1.0,116.6666666666666,58.3333333333333,19.5,2.0,1.0,5.833333333333414,0.0,42.21111111111111,0.07842261825254797,150,0.7133333333333334,0.28,0.0,0,0.006666666666666667,150,0.74,0.26,0.0,0,0.0,150,0,0.0,0.7133333333333334,0.28,0.0,0.006666666666666667
C:\Users\hello\GitHubRepos\MA-NormEmergence\saved_runs\exp2\qwen3_8b\self_interested\self_interested\seed_8,8,2,2,Qwen/Qwen3-8B,self_interested,self_interested,75,4,1.0,163.3333333333332,40.8333333333333,17.499999999999954,0.19642857142857173,68.0,13.0,0.08088235294117647,0.0,58.33333333333324,29.16666666666662,15.0,2.0,1.0,104.99999999999994,52.49999999999997,19.0,2.0,1.0,-23.33333333333335,0.0,23.777777777777757,0.14233427641528643,150,0.8,0.2,0.0,0,0.0,150,0.7466666666666667,0.25333333333333335,0.0,0,0.0,150,1,0.006666666666666667,0.8,0.2,0.0,0.0
C:\Users\hello\GitHubRepos\MA-NormEmergence\saved_runs\exp2\qwen3_8b\self_interested\self_interested\seed_9,9,2,2,Qwen/Qwen3-8B,self_interested,self_interested,75,4,1.0,244.99999999999991,61.24999999999998,40.83333333333329,0.14285714285714307,81.0,17.0,0.07098765432098765,1.0,134.16666666666666,67.08333333333333,21.5,2.0,1.0,110.83333333333326,55.41666666666663,19.0,2.0,1.0,11.6666666666667,0.0,36.6111111111111,0.08294662514417817,150,0.7066666666666667,0.2866666666666667,0.006666666666666667,1,0.0,150,0.7466666666666667,0.25333333333333335,0.0,0,0.0,150,1,0.006666666666666667,0.7066666666666667,0.2866666666666667,0.006666666666666667,0.0
C:\Users\hello\GitHubRepos\MA-NormEmergence\saved_runs\exp2\qwen3_8b\unframed\altruistic\seed_1,1,2,2,Qwen/Qwen3-8B,unframed,altruistic,75,4,1.0,180.83333333333346,45.208333333333364,5.833333333333327,0.42741935483870996,69.0,11.0,0.18478260869565216,94.0,163.33333333333348,81.66666666666674,23.5,2.0,1.0,17.499999999999986,8.749999999999993,11.0,2.0,1.0,72.91666666666674,0.0,10.088888888888885,0.3292838978187383,150,0.6733333333333333,0.31333333333333335,0.006666666666666667,1,0.006666666666666667,150,0.23333333333333334,0.14666666666666667,0.62,93,0.0,150,2,0.013333333333333334,0.6733333333333333,0.31333333333333335,0.006666666666666667,0.006666666666666667
C:\Users\hello\GitHubRepos\MA-NormEmergence\saved_runs\exp2\qwen3_8b\unframed\altruistic\seed_10,10,2,2,Qwen/Qwen3-8B,unframed,altruistic,75,2,0.5,134.16666666666669,33.54166666666667,0.0,0.5108695652173916,62.0,10.0,0.18548387096774194,72.0,134.16666666666669,67.08333333333334,21.0,2.0,1.0,0.0,0.0,10.0,0.0,0.0,67.08333333333334,1.0,7.911111111111104,0.35172175192513105,150,0.7133333333333334,0.28,0.006666666666666667,1,0.0,150,0.3933333333333333,0.13333333333333333,0.47333333333333333,71,0.0,150,5,0.03333333333333333,0.7133333333333334,0.28,0.006666666666666667,0.0
C:\Users\hello\GitHubRepos\MA-NormEmergence\saved_runs\exp2\qwen3_8b\unframed\altruistic\seed_2,2,2,2,Qwen/Qwen3-8B,unframed,altruistic,75,3,0.75,104.99999999999993,26.249999999999982,0.0,0.4722222222222222,56.0,9.0,0.15178571428571427,43.0,99.1666666666666,49.5833333333333,18.0,2.0,1.0,5.833333333333327,2.9166666666666634,10.0,1.0,0.5,46.666666666666636,0.5,6.855555555555551,0.3535638499847989,150,0.7333333333333333,0.24,0.006666666666666667,1,0.02,145,0.5724137931034483,0.13793103448275862,0.2896551724137931,42,0.0,150,3,0.02,0.7333333333333333,0.24,0.006666666666666667,0.02
C:\Users\hello\GitHubRepos\MA-NormEmergence\saved_runs\exp2\qwen3_8b\unframed\altruistic\seed_3,3,2,2,Qwen/Qwen3-8B,unframed,altruistic,75,3,0.75,134.1666666666666,33.54166666666665,0.0,0.4456521739130435,59.0,9.0,0.17372881355932204,55.0,122.49999999999994,61.24999999999997,19.5,2.0,1.0,11.66666666666666,5.83333333333333,10.0,1.0,0.5,55.41666666666664,0.5,7.088888888888884,0.35454771448736555,150,0.72,0.26,0.013333333333333334,2,0.006666666666666667,145,0.496551724137931,0.13793103448275862,0.36551724137931035,53,0.0,150,2,0.013333333333333334,0.72,0.26,0.013333333333333334,0.006666666666666667
C:\Users\hello\GitHubRepos\MA-NormEmergence\saved_runs\exp2\qwen3_8b\unframed\altruistic\seed_4,4,2,2,Qwen/Qwen3-8B,unframed,altruistic,75,4,1.0,210.00000000000009,52.50000000000002,5.833333333333327,0.5000000000000003,75.0,11.0,0.24333333333333335,84.0,192.5000000000001,96.25000000000006,26.5,2.0,1.0,17.499999999999986,8.749999999999993,11.0,2.0,1.0,87.50000000000006,0.0,8.999999999999995,0.37657240627564775,150,0.6466666666666666,0.35333333333333333,0.0,0,0.0,150,0.29333333333333333,0.14666666666666667,0.56,84,0.0,150,2,0.013333333333333334,0.6466666666666666,0.35333333333333333,0.0,0.0
C:\Users\hello\GitHubRepos\MA-NormEmergence\saved_runs\exp2\qwen3_8b\unframed\altruistic\seed_5,5,2,2,Qwen/Qwen3-8B,unframed,altruistic,75,3,0.75,163.3333333333335,40.83333333333338,0.0,0.4642857142857145,63.0,6.0,0.25793650793650796,59.0,151.66666666666686,75.83333333333343,23.0,2.0,1.0,11.66666666666666,5.83333333333333,8.5,1.0,0.5,70.0000000000001,0.5,5.631111111111107,0.37170605630956827,150,0.6866666666666666,0.30666666666666664,0.006666666666666667,1,0.0,127,0.4094488188976378,0.13385826771653545,0.4566929133858268,58,0.0,150,6,0.04,0.6866666666666666,0.30666666666666664,0.006666666666666667,0.0
C:\Users\hello\GitHubRepos\MA-NormEmergence\saved_runs\exp2\qwen3_8b\unframed\altruistic\seed_6,6,2,2,Qwen/Qwen3-8B,unframed,altruistic,75,2,0.5,128.33333333333337,32.08333333333334,0.0,0.5227272727272728,60.0,9.0,0.20833333333333334,65.0,128.33333333333337,64.16666666666669,21.0,2.0,1.0,0.0,0.0,9.0,0.0,0.0,64.16666666666669,1.0,7.866666666666661,0.35720494372336814,150,0.7133333333333334,0.28,0.006666666666666667,1,0.0,140,0.4142857142857143,0.12857142857142856,0.45714285714285713,64,0.0,150,2,0.013333333333333334,0.7133333333333334,0.28,0.006666666666666667,0.0
C:\Users\hello\GitHubRepos\MA-NormEmergence\saved_runs\exp2\qwen3_8b\unframed\altruistic\seed_7,7,2,2,Qwen/Qwen3-8B,unframed,altruistic,75,2,0.5,151.6666666666669,37.91666666666673,0.0,0.5192307692307692,58.0,4.0,0.31896551724137934,54.0,151.6666666666669,75.83333333333346,23.0,2.0,1.0,0.0,0.0,6.0,0.0,0.0,75.83333333333346,1.0,5.42222222222222,0.3821895298419113,150,0.68,0.30666666666666664,0.006666666666666667,1,0.006666666666666667,104,0.375,0.11538461538461539,0.5096153846153846,53,0.0,150,3,0.02,0.68,0.30666666666666664,0.006666666666666667,0.006666666666666667
C:\Users\hello\GitHubRepos\MA-NormEmergence\saved_runs\exp2\qwen3_8b\unframed\altruistic\seed_8,8,2,2,Qwen/Qwen3-8B,unframed,altruistic,75,3,0.75,122.49999999999993,30.624999999999982,0.0,0.4642857142857143,60.0,10.0,0.15833333333333333,65.0,116.6666666666666,58.3333333333333,19.5,2.0,1.0,5.833333333333327,2.9166666666666634,10.5,1.0,0.5,55.416666666666636,0.5,7.833333333333328,0.3458538160863678,150,0.7333333333333333,0.26,0.006666666666666667,1,0.0,150,0.43333333333333335,0.14,0.4266666666666667,64,0.0,150,4,0.02666666666666667,0.7333333333333333,0.26,0.006666666666666667,0.0
C:\Users\hello\GitHubRepos\MA-NormEmergence\saved_runs\exp2\qwen3_8b\unframed\altruistic\seed_9,9,2,2,Qwen/Qwen3-8B,unframed,altruistic,75,4,1.0,134.16666666666657,33.54166666666664,5.833333333333327,0.4456521739130436,62.0,11.0,0.16129032258064516,66.0,122.49999999999994,61.24999999999997,20.0,2.0,1.0,11.666666666666654,5.833333333333327,11.0,2.0,1.0,55.41666666666664,0.0,8.455555555555552,0.3248721983612087,150,0.7066666666666667,0.26666666666666666,0.02666666666666667,4,0.0,150,0.44,0.14666666666666667,0.41333333333333333,62,0.0,150,1,0.006666666666666667,0.7066666666666667,0.26666666666666666,0.02666666666666667,0.0
C:\Users\hello\GitHubRepos\MA-NormEmergence\saved_runs\exp2\qwen3_8b\unframed\cooperative\seed_1,1,2,2,Qwen/Qwen3-8B,unframed,cooperative,75,4,1.0,163.33333333333348,40.83333333333337,5.833333333333323,0.4464285714285719,67.0,11.0,0.17537313432835822,67.0,151.66666666666686,75.83333333333343,22.5,2.0,1.0,11.66666666666665,5.833333333333325,11.0,2.0,1.0,70.0000000000001,0.0,8.14444444444444,0.3490340903332321,150,0.7,0.3,0.0,0,0.0,150,0.4066666666666667,0.14666666666666667,0.44666666666666666,67,0.0,150,3,0.02,0.7,0.3,0.0,0.0
C:\Users\hello\GitHubRepos\MA-NormEmergence\saved_runs\exp2\qwen3_8b\unframed\cooperative\seed_10,10,2,2,Qwen/Qwen3-8B,unframed,cooperative,75,4,1.0,180.83333333333348,45.20833333333337,17.499999999999993,0.26612903225806495,65.0,11.0,0.16538461538461538,78.0,134.16666666666683,67.08333333333341,21.5,2.0,1.0,46.66666666666666,23.33333333333333,11.0,2.0,1.0,43.750000000000085,0.0,14.444444444444441,0.2653716660544986,150,0.7133333333333334,0.2866666666666667,0.0,0,0.0,150,0.3333333333333333,0.14666666666666667,0.52,78,0.0,150,1,0.006666666666666667,0.7133333333333334,0.2866666666666667,0.0,0.0
C:\Users\hello\GitHubRepos\MA-NormEmergence\saved_runs\exp2\qwen3_8b\unframed\cooperative\seed_2,2,2,2,Qwen/Qwen3-8B,unframed,cooperative,75,3,0.75,116.66666666666659,29.166666666666647,0.0,0.4750000000000001,59.0,9.0,0.17372881355932204,62.0,110.83333333333326,55.41666666666663,19.5,2.0,1.0,5.833333333333327,2.9166666666666634,10.0,1.0,0.5,52.499999999999964,0.5,8.177777777777772,0.3050404367203873,150,0.7333333333333333,0.26,0.006666666666666667,1,0.0,145,0.4413793103448276,0.13793103448275862,0.4206896551724138,61,0.0,150,1,0.006666666666666667,0.7333333333333333,0.26,0.006666666666666667,0.0
C:\Users\hello\GitHubRepos\MA-NormEmergence\saved_runs\exp2\qwen3_8b\unframed\cooperative\seed_3,3,2,2,Qwen/Qwen3-8B,unframed,cooperative,75,4,1.0,239.16666666666694,59.791666666666735,23.333333333333325,0.3231707317073174,74.0,11.0,0.22297297297297297,77.0,186.66666666666697,93.33333333333348,26.0,2.0,1.0,52.499999999999986,26.249999999999993,11.0,2.0,1.0,67.08333333333348,0.0,18.022222222222215,0.2632654826658411,150,0.64,0.3466666666666667,0.013333333333333334,2,0.0,150,0.35333333333333333,0.14666666666666667,0.5,75,0.0,150,6,0.04,0.64,0.3466666666666667,0.013333333333333334,0.0
C:\Users\hello\GitHubRepos\MA-NormEmergence\saved_runs\exp2\qwen3_8b\unframed\cooperative\seed_4,4,2,2,Qwen/Qwen3-8B,unframed,cooperative,75,3,0.75,151.66666666666657,37.91666666666664,0.0,0.30769230769230765,52.0,2.0,0.2980769230769231,32.0,110.83333333333326,55.41666666666663,19.5,2.0,1.0,40.83333333333332,20.41666666666666,6.5,1.0,0.5,34.99999999999997,0.5,3.608888888888887,0.33072163812951044,150,0.7266666666666667,0.26,0.013333333333333334,2,0.0,104,0.5865384615384616,0.125,0.28846153846153844,30,0.0,150,1,0.006666666666666667,0.7266666666666667,0.26,0.013333333333333334,0.0
C:\Users\hello\GitHubRepos\MA-NormEmergence\saved_runs\exp2\qwen3_8b\unframed\cooperative\seed_5,5,2,2,Qwen/Qwen3-8B,unframed,cooperative,75,3,0.75,116.66666666666659,29.166666666666647,0.0,0.39999999999999997,50.0,4.0,0.25,29.0,93.33333333333326,46.66666666666663,17.5,2.0,1.0,23.333333333333325,11.666666666666663,7.5,1.0,0.5,34.999999999999964,0.5,4.488888888888886,0.3522827916708465,150,0.7666666666666667,0.23333333333333334,0.0,0,0.0,115,0.6173913043478261,0.13043478260869565,0.25217391304347825,29,0.0,150,3,0.02,0.7666666666666667,0.23333333333333334,0.0,0.0
C:\Users\hello\GitHubRepos\MA-NormEmergence\saved_runs\exp2\qwen3_8b\unframed\cooperative\seed_6,6,2,2,Qwen/Qwen3-8B,unframed,cooperative,75,3,0.75,75.83333333333324,18.95833333333331,0.0,0.5192307692307693,47.0,4.0,0.2393617021276596,42.0,69.99999999999991,34.99999999999996,16.0,2.0,1.0,5.833333333333327,2.9166666666666634,7.5,1.0,0.5,32.08333333333329,0.5,5.811111111111108,0.342396010823721,150,0.7866666666666666,0.21333333333333335,0.0,0,0.0,115,0.5043478260869565,0.13043478260869565,0.3652173913043478,42,0.0,150,0,0.0,0.7866666666666666,0.21333333333333335,0.0,0.0
C:\Users\hello\GitHubRepos\MA-NormEmergence\saved_runs\exp2\qwen3_8b\unframed\cooperative\seed_7,7,2,2,Qwen/Qwen3-8B,unframed,cooperative,75,3,0.75,157.50000000000017,39.37500000000004,0.0,0.5092592592592596,66.0,10.0,0.21212121212121213,71.0,145.8333333333335,72.91666666666676,22.5,2.0,1.0,11.66666666666666,5.83333333333333,10.5,1.0,0.5,67.08333333333343,0.5,9.777777777777771,0.3503654235751647,150,0.7,0.3,0.0,0,0.0,150,0.38666666666666666,0.14,0.47333333333333333,71,0.0,150,2,0.013333333333333334,0.7,0.3,0.0,0.0
C:\Users\hello\GitHubRepos\MA-NormEmergence\saved_runs\exp2\qwen3_8b\unframed\cooperative\seed_8,8,2,2,Qwen/Qwen3-8B,unframed,cooperative,75,3,0.75,157.50000000000017,39.37500000000004,0.0,0.4537037037037041,65.0,9.0,0.20384615384615384,69.0,145.8333333333335,72.91666666666676,22.5,2.0,1.0,11.66666666666666,5.83333333333333,10.0,1.0,0.5,67.08333333333343,0.5,7.244444444444439,0.36061233014521665,150,0.6933333333333334,0.3,0.0,0,0.006666666666666667,145,0.38620689655172413,0.13793103448275862,0.47586206896551725,69,0.0,150,3,0.02,0.6933333333333334,0.3,0.0,0.006666666666666667
C:\Users\hello\GitHubRepos\MA-NormEmergence\saved_runs\exp2\qwen3_8b\unframed\cooperative\seed_9,9,2,2,Qwen/Qwen3-8B,unframed,cooperative,75,4,1.0,180.83333333333346,45.208333333333364,5.833333333333327,0.4274193548387098,70.0,11.0,0.19285714285714287,83.0,163.33333333333348,81.66666666666674,24.0,2.0,1.0,17.499999999999986,8.749999999999993,11.0,2.0,1.0,72.91666666666674,0.0,10.24444444444444,0.3035841078739842,150,0.68,0.32,0.0,0,0.0,150,0.3,0.14666666666666667,0.5533333333333333,83,0.0,150,2,0.013333333333333334,0.68,0.32,0.0,0.0
C:\Users\hello\GitHubRepos\MA-NormEmergence\saved_runs\exp2\qwen3_8b\unframed\self_interested\seed_1,1,2,2,Qwen/Qwen3-8B,unframed,self_interested,75,4,1.0,192.49999999999986,48.124999999999964,40.83333333333329,0.053030303030303094,72.0,16.0,0.034722222222222224,0.0,99.1666666666666,49.5833333333333,18.5,2.0,1.0,93.33333333333326,46.66666666666663,17.5,2.0,1.0,2.9166666666666714,0.0,34.66666666666665,0.07622285193355409,150,0.7533333333333333,0.24666666666666667,0.0,0,0.0,150,0.7666666666666667,0.23333333333333334,0.0,0,0.0,150,4,0.02666666666666667,0.7533333333333333,0.24666666666666667,0.0,0.0
C:\Users\hello\GitHubRepos\MA-NormEmergence\saved_runs\exp2\qwen3_8b\unframed\self_interested\seed_10,10,2,2,Qwen/Qwen3-8B,unframed,self_interested,75,4,1.0,320.8333333333339,80.20833333333347,70.00000000000009,0.05909090909090924,94.0,22.0,0.026595744680851064,0.0,151.6666666666669,75.83333333333346,23.0,2.0,1.0,169.16666666666697,84.58333333333348,24.0,2.0,1.0,-8.750000000000028,0.0,54.03333333333333,0.03882365147339068,150,0.6933333333333334,0.30666666666666664,0.0,0,0.0,150,0.68,0.32,0.0,0,0.0,150,1,0.006666666666666667,0.6933333333333334,0.30666666666666664,0.0,0.0
C:\Users\hello\GitHubRepos\MA-NormEmergence\saved_runs\exp2\qwen3_8b\unframed\self_interested\seed_2,2,2,2,Qwen/Qwen3-8B,unframed,self_interested,75,4,1.0,239.16666666666657,59.79166666666664,58.3333333333333,0.018292682926829396,81.0,20.0,0.009259259259259259,0.0,116.6666666666666,58.3333333333333,20.0,2.0,1.0,122.49999999999997,61.249999999999986,20.5,2.0,1.0,-2.9166666666666856,0.0,37.777777777777764,0.05924121638076147,150,0.7333333333333333,0.26666666666666666,0.0,0,0.0,150,0.7266666666666667,0.2733333333333333,0.0,0,0.0,150,0,0.0,0.7333333333333333,0.26666666666666666,0.0,0.0
C:\Users\hello\GitHubRepos\MA-NormEmergence\saved_runs\exp2\qwen3_8b\unframed\self_interested\seed_3,3,2,2,Qwen/Qwen3-8B,unframed,self_interested,75,4,1.0,157.49999999999983,39.37499999999996,23.33333333333329,0.17592592592592615,66.0,14.0,0.06818181818181818,0.0,81.66666666666659,40.83333333333329,17.0,2.0,1.0,75.83333333333326,37.91666666666663,16.0,2.0,1.0,2.9166666666666643,0.0,29.766666666666662,0.10021042228104111,150,0.7733333333333333,0.22666666666666666,0.0,0,0.0,150,0.7866666666666666,0.21333333333333335,0.0,0,0.0,150,2,0.013333333333333334,0.7733333333333333,0.22666666666666666,0.0,0.0
C:\Users\hello\GitHubRepos\MA-NormEmergence\saved_runs\exp2\qwen3_8b\unframed\self_interested\seed_4,4,2,2,Qwen/Qwen3-8B,unframed,self_interested,75,4,1.0,145.83333333333317,36.45833333333329,23.33333333333329,0.13000000000000017,65.0,14.0,0.05,0.0,69.99999999999991,34.99999999999996,16.0,2.0,1.0,75.83333333333326,37.91666666666663,16.5,2.0,1.0,-2.9166666666666714,0.0,27.199999999999978,0.08909624391089478,150,0.7866666666666666,0.21333333333333335,0.0,0,0.0,150,0.78,0.22,0.0,0,0.0,150,2,0.013333333333333334,0.7866666666666666,0.21333333333333335,0.0,0.0
C:\Users\hello\GitHubRepos\MA-NormEmergence\saved_runs\exp2\qwen3_8b\unframed\self_interested\seed_5,5,2,2,Qwen/Qwen3-8B,unframed,self_interested,75,4,1.0,209.99999999999991,52.49999999999998,46.66666666666663,0.04166666666666676,75.0,18.0,0.01,0.0,110.83333333333331,55.41666666666666,19.0,2.0,1.0,99.1666666666666,49.5833333333333,18.5,2.0,1.0,5.833333333333357,0.0,43.68888888888887,0.0451234775067581,150,0.7466666666666667,0.25333333333333335,0.0,0,0.0,150,0.7533333333333333,0.24666666666666667,0.0,0,0.0,150,1,0.006666666666666667,0.7466666666666667,0.25333333333333335,0.0,0.0
C:\Users\hello\GitHubRepos\MA-NormEmergence\saved_runs\exp2\qwen3_8b\unframed\self_interested\seed_6,6,2,2,Qwen/Qwen3-8B,unframed,self_interested,75,4,1.0,116.66666666666649,29.16666666666662,23.33333333333329,0.12500000000000022,59.0,13.0,0.05508474576271186,0.0,46.66666666666658,23.33333333333329,13.5,2.0,1.0,69.99999999999991,34.99999999999996,16.0,2.0,1.0,-11.666666666666668,0.0,31.24444444444443,0.06819716117138985,150,0.82,0.18,0.0,0,0.0,150,0.7866666666666666,0.21333333333333335,0.0,0,0.0,150,2,0.013333333333333334,0.82,0.18,0.0,0.0
C:\Users\hello\GitHubRepos\MA-NormEmergence\saved_runs\exp2\qwen3_8b\unframed\self_interested\seed_7,7,2,2,Qwen/Qwen3-8B,unframed,self_interested,75,4,1.0,285.8333333333335,71.45833333333337,64.16666666666664,0.03571428571428607,88.0,20.0,0.028409090909090908,0.0,134.16666666666666,67.08333333333333,21.0,2.0,1.0,151.66666666666683,75.83333333333341,23.0,2.0,1.0,-8.750000000000085,0.0,42.755555555555546,0.057604247498078444,150,0.72,0.28,0.0,0,0.0,150,0.6933333333333334,0.30666666666666664,0.0,0,0.0,150,4,0.02666666666666667,0.72,0.28,0.0,0.0
C:\Users\hello\GitHubRepos\MA-NormEmergence\saved_runs\exp2\qwen3_8b\unframed\self_interested\seed_8,8,2,2,Qwen/Qwen3-8B,unframed,self_interested,75,4,1.0,291.6666666666671,72.91666666666677,58.3333333333334,0.09000000000000036,90.0,20.0,0.05,0.0,128.33333333333343,64.16666666666671,21.0,2.0,1.0,163.33333333333366,81.66666666666683,24.0,2.0,1.0,-17.500000000000114,0.0,48.044444444444444,0.0752312590261679,150,0.72,0.28,0.0,0,0.0,150,0.68,0.32,0.0,0,0.0,150,4,0.02666666666666667,0.72,0.28,0.0,0.0
C:\Users\hello\GitHubRepos\MA-NormEmergence\saved_runs\exp2\qwen3_8b\unframed\self_interested\seed_9,9,2,2,Qwen/Qwen3-8B,unframed,self_interested,75,4,1.0,256.6666666666667,64.16666666666667,46.66666666666663,0.11363636363636404,84.0,18.0,0.05952380952380952,0.0,151.66666666666674,75.83333333333337,23.0,2.0,1.0,104.99999999999993,52.499999999999964,19.0,2.0,1.0,23.333333333333407,0.0,43.06666666666665,0.06457397053022365,150,0.6933333333333334,0.30666666666666664,0.0,0,0.0,150,0.7466666666666667,0.25333333333333335,0.0,0,0.0,150,1,0.006666666666666667,0.6933333333333334,0.30666666666666664,0.0,0.0
C:\Users\hello\GitHubRepos\MA-NormEmergence\saved_runs\exp2\rule_only\altruistic\seed_1,1,0,4,not_applicable,not_applicable,altruistic,75,4,1.0,40.83333333333331,10.208333333333327,5.833333333333327,0.1071428571428572,44.0,11.0,0.0,196.0,,,,,,40.83333333333331,10.208333333333327,11.0,4.0,1.0,,,8.14444444444444,0.11837505467963616,0,,,,0,,300,0.2,0.14666666666666667,0.6533333333333333,196,0.0,0,0,,,,,
C:\Users\hello\GitHubRepos\MA-NormEmergence\saved_runs\exp2\rule_only\altruistic\seed_10,10,0,4,not_applicable,not_applicable,altruistic,75,4,1.0,34.99999999999998,8.749999999999995,5.833333333333327,0.1666666666666668,44.0,11.0,0.0,167.0,,,,,,34.99999999999998,8.749999999999995,11.0,4.0,1.0,,,7.522222222222219,0.12076643311607571,0,,,,0,,300,0.2966666666666667,0.14666666666666667,0.5566666666666666,167,0.0,0,0,,,,,
C:\Users\hello\GitHubRepos\MA-NormEmergence\saved_runs\exp2\rule_only\altruistic\seed_2,2,0,4,not_applicable,not_applicable,altruistic,75,4,1.0,40.83333333333331,10.208333333333327,5.833333333333327,0.1071428571428572,44.0,11.0,0.0,178.0,,,,,,40.83333333333331,10.208333333333327,11.0,4.0,1.0,,,7.288888888888883,0.12381468792126171,0,,,,0,,300,0.26,0.14666666666666667,0.5933333333333334,178,0.0,0,0,,,,,
C:\Users\hello\GitHubRepos\MA-NormEmergence\saved_runs\exp2\rule_only\altruistic\seed_3,3,0,4,not_applicable,not_applicable,altruistic,75,4,1.0,29.166666666666643,7.291666666666661,5.833333333333327,0.15000000000000013,44.0,11.0,0.0,166.0,,,,,,29.166666666666643,7.291666666666661,11.0,4.0,1.0,,,7.133333333333328,0.13154677535169945,0,,,,0,,300,0.3,0.14666666666666667,0.5533333333333333,166,0.0,0,0,,,,,
C:\Users\hello\GitHubRepos\MA-NormEmergence\saved_runs\exp2\rule_only\altruistic\seed_4,4,0,4,not_applicable,not_applicable,altruistic,75,1,0.25,11.66666666666666,2.916666666666665,0.0,0.7500000000000001,39.0,9.0,0.04487179487179487,129.0,,,,,,11.66666666666666,2.916666666666665,9.75,1.0,0.25,,,5.922222222222217,0.17469154594789232,0,,,,0,,290,0.4206896551724138,0.13448275862068965,0.44482758620689655,129,0.0,0,0,,,,,
C:\Users\hello\GitHubRepos\MA-NormEmergence\saved_runs\exp2\rule_only\altruistic\seed_5,5,0,4,not_applicable,not_applicable,altruistic,75,4,1.0,34.99999999999998,8.749999999999995,5.833333333333327,0.1666666666666668,44.0,11.0,0.0,148.0,,,,,,34.99999999999998,8.749999999999995,11.0,4.0,1.0,,,7.444444444444439,0.11659075709353442,0,,,,0,,300,0.36,0.14666666666666667,0.49333333333333335,148,0.0,0,0,,,,,
C:\Users\hello\GitHubRepos\MA-NormEmergence\saved_runs\exp2\rule_only\altruistic\seed_6,6,0,4,not_applicable,not_applicable,altruistic,75,4,1.0,52.49999999999997,13.124999999999993,11.66666666666666,0.08333333333333336,44.0,11.0,0.0,166.0,,,,,,52.49999999999997,13.124999999999993,11.0,4.0,1.0,,,7.211111111111106,0.12311628423489379,0,,,,0,,300,0.3,0.14666666666666667,0.5533333333333333,166,0.0,0,0,,,,,
C:\Users\hello\GitHubRepos\MA-NormEmergence\saved_runs\exp2\rule_only\altruistic\seed_7,7,0,4,not_applicable,not_applicable,altruistic,75,4,1.0,58.3333333333333,14.583333333333325,11.66666666666666,0.10000000000000003,44.0,11.0,0.0,183.0,,,,,,58.3333333333333,14.583333333333325,11.0,4.0,1.0,,,7.988888888888884,0.1282744947563666,0,,,,0,,300,0.24333333333333335,0.14666666666666667,0.61,183,0.0,0,0,,,,,
C:\Users\hello\GitHubRepos\MA-NormEmergence\saved_runs\exp2\rule_only\altruistic\seed_8,8,0,4,not_applicable,not_applicable,altruistic,75,4,1.0,40.83333333333331,10.208333333333327,5.833333333333327,0.1071428571428572,44.0,11.0,0.0,166.0,,,,,,40.83333333333331,10.208333333333327,11.0,4.0,1.0,,,7.911111111111109,0.10647467349827205,0,,,,0,,300,0.3,0.14666666666666667,0.5533333333333333,166,0.0,0,0,,,,,
C:\Users\hello\GitHubRepos\MA-NormEmergence\saved_runs\exp2\rule_only\altruistic\seed_9,9,0,4,not_applicable,not_applicable,altruistic,75,4,1.0,29.166666666666643,7.291666666666661,5.833333333333327,0.15000000000000013,44.0,11.0,0.0,163.0,,,,,,29.166666666666643,7.291666666666661,11.0,4.0,1.0,,,6.899999999999994,0.13049387945831906,0,,,,0,,300,0.31,0.14666666666666667,0.5433333333333333,163,0.0,0,0,,,,,
C:\Users\hello\GitHubRepos\MA-NormEmergence\saved_runs\exp2\rule_only\cooperative\seed_1,1,0,4,not_applicable,not_applicable,cooperative,75,4,1.0,40.833333333333314,10.208333333333329,5.833333333333327,0.10714285714285719,44.0,11.0,0.0,161.0,,,,,,40.833333333333314,10.208333333333329,11.0,4.0,1.0,,,7.055555555555551,0.11385634792217864,0,,,,0,,300,0.31666666666666665,0.14666666666666667,0.5366666666666666,161,0.0,0,0,,,,,
C:\Users\hello\GitHubRepos\MA-NormEmergence\saved_runs\exp2\rule_only\cooperative\seed_10,10,0,4,not_applicable,not_applicable,cooperative,75,4,1.0,40.833333333333314,10.208333333333329,5.833333333333327,0.10714285714285719,44.0,11.0,0.0,151.0,,,,,,40.833333333333314,10.208333333333329,11.0,4.0,1.0,,,7.755555555555552,0.10766841271495188,0,,,,0,,300,0.35,0.14666666666666667,0.5033333333333333,151,0.0,0,0,,,,,
C:\Users\hello\GitHubRepos\MA-NormEmergence\saved_runs\exp2\rule_only\cooperative\seed_2,2,0,4,not_applicable,not_applicable,cooperative,75,3,0.75,17.49999999999998,4.374999999999995,0.0,0.25,42.0,9.0,0.03571428571428571,139.0,,,,,,17.49999999999998,4.374999999999995,10.5,3.0,0.75,,,5.999999999999994,0.14914131513831588,0,,,,0,,295,0.3864406779661017,0.1423728813559322,0.4711864406779661,139,0.0,0,0,,,,,
C:\Users\hello\GitHubRepos\MA-NormEmergence\saved_runs\exp2\rule_only\cooperative\seed_3,3,0,4,not_applicable,not_applicable,cooperative,75,4,1.0,29.166666666666643,7.291666666666661,5.833333333333327,0.15000000000000013,44.0,11.0,0.0,176.0,,,,,,29.166666666666643,7.291666666666661,11.0,4.0,1.0,,,8.144444444444439,0.1144711388548594,0,,,,0,,300,0.26666666666666666,0.14666666666666667,0.5866666666666667,176,0.0,0,0,,,,,
C:\Users\hello\GitHubRepos\MA-NormEmergence\saved_runs\exp2\rule_only\cooperative\seed_4,4,0,4,not_applicable,not_applicable,cooperative,75,4,1.0,40.833333333333314,10.208333333333329,5.833333333333327,0.10714285714285719,44.0,11.0,0.0,171.0,,,,,,40.833333333333314,10.208333333333329,11.0,4.0,1.0,,,7.211111111111109,0.1102122438610268,0,,,,0,,300,0.2833333333333333,0.14666666666666667,0.57,171,0.0,0,0,,,,,
C:\Users\hello\GitHubRepos\MA-NormEmergence\saved_runs\exp2\rule_only\cooperative\seed_5,5,0,4,not_applicable,not_applicable,cooperative,75,2,0.5,11.666666666666654,2.9166666666666634,0.0,0.5,39.0,7.0,0.08333333333333333,122.0,,,,,,11.666666666666654,2.9166666666666634,9.75,2.0,0.5,,,4.9377777777777725,0.20632935568082603,0,,,,0,,283,0.43109540636042404,0.13780918727915195,0.43109540636042404,122,0.0,0,0,,,,,
C:\Users\hello\GitHubRepos\MA-NormEmergence\saved_runs\exp2\rule_only\cooperative\seed_6,6,0,4,not_applicable,not_applicable,cooperative,75,4,1.0,46.66666666666664,11.66666666666666,5.833333333333327,0.18750000000000008,44.0,11.0,0.0,156.0,,,,,,46.66666666666664,11.66666666666666,11.0,4.0,1.0,,,7.055555555555551,0.12538224408280652,0,,,,0,,300,0.3333333333333333,0.14666666666666667,0.52,156,0.0,0,0,,,,,
C:\Users\hello\GitHubRepos\MA-NormEmergence\saved_runs\exp2\rule_only\cooperative\seed_7,7,0,4,not_applicable,not_applicable,cooperative,75,4,1.0,29.166666666666643,7.291666666666661,5.833333333333327,0.15000000000000013,44.0,11.0,0.0,148.0,,,,,,29.166666666666643,7.291666666666661,11.0,4.0,1.0,,,7.988888888888885,0.10639980927081638,0,,,,0,,300,0.36,0.14666666666666667,0.49333333333333335,148,0.0,0,0,,,,,
C:\Users\hello\GitHubRepos\MA-NormEmergence\saved_runs\exp2\rule_only\cooperative\seed_8,8,0,4,not_applicable,not_applicable,cooperative,75,4,1.0,34.99999999999997,8.749999999999993,5.833333333333327,0.16666666666666682,44.0,11.0,0.0,159.0,,,,,,34.99999999999997,8.749999999999993,11.0,4.0,1.0,,,7.366666666666662,0.11641639994257291,0,,,,0,,300,0.3233333333333333,0.14666666666666667,0.53,159,0.0,0,0,,,,,
C:\Users\hello\GitHubRepos\MA-NormEmergence\saved_runs\exp2\rule_only\cooperative\seed_9,9,0,4,not_applicable,not_applicable,cooperative,75,4,1.0,29.166666666666643,7.291666666666661,5.833333333333327,0.15000000000000013,44.0,11.0,0.0,168.0,,,,,,29.166666666666643,7.291666666666661,11.0,4.0,1.0,,,7.911111111111107,0.1225519903098409,0,,,,0,,300,0.29333333333333333,0.14666666666666667,0.56,168,0.0,0,0,,,,,
C:\Users\hello\GitHubRepos\MA-NormEmergence\saved_runs\exp2\rule_only\self_interested\seed_1,1,0,4,not_applicable,not_applicable,self_interested,75,4,1.0,215.83333333333323,53.95833333333331,40.83333333333329,0.10135135135135157,77.0,17.0,0.048701298701298704,0.0,,,,,,215.83333333333323,53.95833333333331,19.25,4.0,1.0,,,34.5111111111111,0.09057274360822255,0,,,,0,,300,0.7433333333333333,0.25666666666666665,0.0,0,0.0,0,0,,,,,
C:\Users\hello\GitHubRepos\MA-NormEmergence\saved_runs\exp2\rule_only\self_interested\seed_10,10,0,4,not_applicable,not_applicable,self_interested,75,4,1.0,221.66666666666657,55.41666666666664,29.16666666666662,0.18421052631578985,77.0,15.0,0.08766233766233766,0.0,,,,,,221.66666666666657,55.41666666666664,19.25,4.0,1.0,,,25.95555555555553,0.15720621849315322,0,,,,0,,300,0.7433333333333333,0.25666666666666665,0.0,0,0.0,0,0,,,,,
C:\Users\hello\GitHubRepos\MA-NormEmergence\saved_runs\exp2\rule_only\self_interested\seed_2,2,0,4,not_applicable,not_applicable,self_interested,75,4,1.0,163.33333333333317,40.83333333333329,29.16666666666662,0.16071428571428595,68.0,15.0,0.0661764705882353,0.0,,,,,,163.33333333333317,40.83333333333329,17.0,4.0,1.0,,,29.766666666666648,0.08758393142347222,0,,,,0,,300,0.7733333333333333,0.22666666666666666,0.0,0,0.0,0,0,,,,,
C:\Users\hello\GitHubRepos\MA-NormEmergence\saved_runs\exp2\rule_only\self_interested\seed_3,3,0,4,not_applicable,not_applicable,self_interested,75,4,1.0,110.83333333333316,27.70833333333329,17.499999999999954,0.19736842105263194,58.0,13.0,0.06896551724137931,0.0,,,,,,110.83333333333316,27.70833333333329,14.5,4.0,1.0,,,24.01111111111109,0.13944941195905147,0,,,,0,,300,0.8066666666666666,0.19333333333333333,0.0,0,0.0,0,0,,,,,
C:\Users\hello\GitHubRepos\MA-NormEmergence\saved_runs\exp2\rule_only\self_interested\seed_4,4,0,4,not_applicable,not_applicable,self_interested,75,4,1.0,204.16666666666652,51.04166666666663,40.83333333333329,0.09285714285714294,75.0,17.0,0.043333333333333335,0.0,,,,,,204.16666666666652,51.04166666666663,18.75,4.0,1.0,,,40.8111111111111,0.04804850077676425,0,,,,0,,300,0.75,0.25,0.0,0,0.0,0,0,,,,,
C:\Users\hello\GitHubRepos\MA-NormEmergence\saved_runs\exp2\rule_only\self_interested\seed_5,5,0,4,not_applicable,not_applicable,self_interested,75,4,1.0,233.33333333333337,58.33333333333334,29.16666666666662,0.16250000000000037,80.0,15.0,0.08125,0.0,,,,,,233.33333333333337,58.33333333333334,20.0,4.0,1.0,,,28.288888888888863,0.10562156255357913,0,,,,0,,300,0.7333333333333333,0.26666666666666666,0.0,0,0.0,0,0,,,,,
C:\Users\hello\GitHubRepos\MA-NormEmergence\saved_runs\exp2\rule_only\self_interested\seed_6,6,0,4,not_applicable,not_applicable,self_interested,75,4,1.0,151.66666666666652,37.91666666666663,29.16666666666662,0.15384615384615416,66.0,15.0,0.06060606060606061,0.0,,,,,,151.66666666666652,37.91666666666663,16.5,4.0,1.0,,,34.74444444444442,0.08303571960966749,0,,,,0,,300,0.78,0.22,0.0,0,0.0,0,0,,,,,
C:\Users\hello\GitHubRepos\MA-NormEmergence\saved_runs\exp2\rule_only\self_interested\seed_7,7,0,4,not_applicable,not_applicable,self_interested,75,4,1.0,145.83333333333337,36.45833333333334,17.499999999999954,0.31000000000000094,65.0,13.0,0.11923076923076924,0.0,,,,,,145.83333333333337,36.45833333333334,16.25,4.0,1.0,,,24.01111111111109,0.18692568735201115,0,,,,0,,300,0.7833333333333333,0.21666666666666667,0.0,0,0.0,0,0,,,,,
C:\Users\hello\GitHubRepos\MA-NormEmergence\saved_runs\exp2\rule_only\self_interested\seed_8,8,0,4,not_applicable,not_applicable,self_interested,75,4,1.0,215.83333333333337,53.95833333333334,46.66666666666663,0.0878378378378385,77.0,18.0,0.04220779220779221,0.0,,,,,,215.83333333333337,53.95833333333334,19.25,4.0,1.0,,,43.45555555555553,0.05367470617233025,0,,,,0,,300,0.7433333333333333,0.25666666666666665,0.0,0,0.0,0,0,,,,,
C:\Users\hello\GitHubRepos\MA-NormEmergence\saved_runs\exp2\rule_only\self_interested\seed_9,9,0,4,not_applicable,not_applicable,self_interested,75,4,1.0,163.33333333333314,40.833333333333286,23.33333333333329,0.17857142857142885,67.0,14.0,0.06343283582089553,0.0,,,,,,163.33333333333314,40.833333333333286,16.75,4.0,1.0,,,28.2111111111111,0.0861946924379506,0,,,,0,,300,0.7766666666666666,0.22333333333333333,0.0,0,0.0,0,0,,,,,
C:\Users\hello\GitHubRepos\MA-NormEmergence\saved_runs\exp2_four_llm\qwen3_8b\altruistic\self_interested\seed_1,1,4,0,Qwen/Qwen3-8B,altruistic,not_applicable,75,4,1.0,34.99999999999997,8.749999999999993,5.833333333333327,0.16666666666666682,44.0,11.0,0.0,125.0,34.99999999999997,8.749999999999993,11.0,4.0,1.0,,,,,,,,6.4333333333333265,0.1261678935469181,300,0.42333333333333334,0.14666666666666667,0.4166666666666667,125,0.013333333333333334,0,,,,0,,300,3,0.01,0.42333333333333334,0.14666666666666667,0.4166666666666667,0.013333333333333334
C:\Users\hello\GitHubRepos\MA-NormEmergence\saved_runs\exp2_four_llm\qwen3_8b\altruistic\self_interested\seed_10,10,4,0,Qwen/Qwen3-8B,altruistic,not_applicable,75,4,1.0,40.8333333333333,10.208333333333325,5.833333333333323,0.25000000000000017,44.0,11.0,0.0,145.0,40.8333333333333,10.208333333333325,11.0,4.0,1.0,,,,,,,,7.677777777777772,0.11480860352469734,300,0.35333333333333333,0.14666666666666667,0.48333333333333334,145,0.016666666666666666,0,,,,0,,300,4,0.013333333333333334,0.35333333333333333,0.14666666666666667,0.48333333333333334,0.016666666666666666
C:\Users\hello\GitHubRepos\MA-NormEmergence\saved_runs\exp2_four_llm\qwen3_8b\altruistic\self_interested\seed_2,2,4,0,Qwen/Qwen3-8B,altruistic,not_applicable,75,4,1.0,23.3333333333333,5.833333333333325,5.833333333333323,1.1419436824715912e-16,44.0,11.0,0.0,139.0,23.3333333333333,5.833333333333325,11.0,4.0,1.0,,,,,,,,6.822222222222215,0.12519249240162506,300,0.37666666666666665,0.14666666666666667,0.4633333333333333,139,0.013333333333333334,0,,,,0,,300,0,0.0,0.37666666666666665,0.14666666666666667,0.4633333333333333,0.013333333333333334
C:\Users\hello\GitHubRepos\MA-NormEmergence\saved_runs\exp2_four_llm\qwen3_8b\altruistic\self_interested\seed_3,3,4,0,Qwen/Qwen3-8B,altruistic,not_applicable,75,4,1.0,40.8333333333333,10.208333333333325,5.833333333333323,0.10714285714285735,44.0,11.0,0.0,159.0,40.8333333333333,10.208333333333325,11.0,4.0,1.0,,,,,,,,7.677777777777772,0.12130213879508014,300,0.31666666666666665,0.14666666666666667,0.53,159,0.006666666666666667,0,,,,0,,300,3,0.01,0.31666666666666665,0.14666666666666667,0.53,0.006666666666666667
C:\Users\hello\GitHubRepos\MA-NormEmergence\saved_runs\exp2_four_llm\qwen3_8b\altruistic\self_interested\seed_4,4,4,0,Qwen/Qwen3-8B,altruistic,not_applicable,75,2,0.5,11.666666666666654,2.9166666666666634,0.0,0.5,41.0,9.0,0.042682926829268296,152.0,11.666666666666654,2.9166666666666634,10.25,2.0,0.5,,,,,,,,6.233333333333328,0.14639174145895942,295,0.3389830508474576,0.13898305084745763,0.5152542372881356,152,0.006779661016949152,0,,,,0,,295,1,0.003389830508474576,0.3389830508474576,0.13898305084745763,0.5152542372881356,0.006779661016949152
C:\Users\hello\GitHubRepos\MA-NormEmergence\saved_runs\exp2_four_llm\qwen3_8b\altruistic\self_interested\seed_5,5,4,0,Qwen/Qwen3-8B,altruistic,not_applicable,75,4,1.0,23.333333333333307,5.833333333333327,5.833333333333327,0.0,44.0,11.0,0.0,148.0,23.333333333333307,5.833333333333327,11.0,4.0,1.0,,,,,,,,7.599999999999995,0.11819798595037047,300,0.3466666666666667,0.14666666666666667,0.49333333333333335,148,0.013333333333333334,0,,,,0,,300,7,0.023333333333333334,0.3466666666666667,0.14666666666666667,0.49333333333333335,0.013333333333333334
C:\Users\hello\GitHubRepos\MA-NormEmergence\saved_runs\exp2_four_llm\qwen3_8b\altruistic\self_interested\seed_6,6,4,0,Qwen/Qwen3-8B,altruistic,not_applicable,75,4,1.0,23.333333333333307,5.833333333333327,5.833333333333327,0.0,44.0,11.0,0.0,129.0,23.333333333333307,5.833333333333327,11.0,4.0,1.0,,,,,,,,7.055555555555551,0.1138871061224881,300,0.4166666666666667,0.14666666666666667,0.43,129,0.006666666666666667,0,,,,0,,300,4,0.013333333333333334,0.4166666666666667,0.14666666666666667,0.43,0.006666666666666667
C:\Users\hello\GitHubRepos\MA-NormEmergence\saved_runs\exp2_four_llm\qwen3_8b\altruistic\self_interested\seed_7,7,4,0,Qwen/Qwen3-8B,altruistic,not_applicable,75,3,0.75,17.499999999999964,4.374999999999991,0.0,0.2500000000000001,42.0,9.0,0.03571428571428571,141.0,17.499999999999964,4.374999999999991,10.5,3.0,0.75,,,,,,,,7.08888888888888,0.14359052730006888,295,0.3728813559322034,0.1423728813559322,0.47796610169491527,141,0.006779661016949152,0,,,,0,,295,6,0.020338983050847456,0.3728813559322034,0.1423728813559322,0.47796610169491527,0.006779661016949152
C:\Users\hello\GitHubRepos\MA-NormEmergence\saved_runs\exp2_four_llm\qwen3_8b\altruistic\self_interested\seed_8,8,4,0,Qwen/Qwen3-8B,altruistic,not_applicable,75,4,1.0,40.8333333333333,10.208333333333325,5.833333333333323,0.10714285714285735,44.0,11.0,0.0,164.0,40.8333333333333,10.208333333333325,11.0,4.0,1.0,,,,,,,,7.444444444444439,0.12861290578041873,300,0.2866666666666667,0.14666666666666667,0.5466666666666666,164,0.02,0,,,,0,,300,4,0.013333333333333334,0.2866666666666667,0.14666666666666667,0.5466666666666666,0.02
C:\Users\hello\GitHubRepos\MA-NormEmergence\saved_runs\exp2_four_llm\qwen3_8b\altruistic\self_interested\seed_9,9,4,0,Qwen/Qwen3-8B,altruistic,not_applicable,75,2,0.5,11.666666666666654,2.9166666666666634,0.0,0.5,41.0,9.0,0.042682926829268296,105.0,11.666666666666654,2.9166666666666634,10.25,2.0,0.5,,,,,,,,5.999999999999994,0.15797993195471485,295,0.49830508474576274,0.13898305084745763,0.3559322033898305,105,0.006779661016949152,0,,,,0,,295,7,0.023728813559322035,0.49830508474576274,0.13898305084745763,0.3559322033898305,0.006779661016949152
C:\Users\hello\GitHubRepos\MA-NormEmergence\saved_runs\exp2_four_llm\qwen3_8b\cooperative\self_interested\seed_1,1,4,0,Qwen/Qwen3-8B,cooperative,not_applicable,75,4,1.0,23.333333333333293,5.833333333333323,5.83333333333332,2.6645352591003805e-16,44.0,11.0,0.0,151.0,23.333333333333293,5.833333333333323,11.0,4.0,1.0,,,,,,,,6.977777777777769,0.12190118431001658,300,0.3333333333333333,0.14666666666666667,0.5033333333333333,151,0.016666666666666666,0,,,,0,,300,1,0.0033333333333333335,0.3333333333333333,0.14666666666666667,0.5033333333333333,0.016666666666666666
C:\Users\hello\GitHubRepos\MA-NormEmergence\saved_runs\exp2_four_llm\qwen3_8b\cooperative\self_interested\seed_10,10,4,0,Qwen/Qwen3-8B,cooperative,not_applicable,75,4,1.0,46.66666666666662,11.666666666666655,5.833333333333327,0.1875000000000002,44.0,11.0,0.0,155.0,46.66666666666662,11.666666666666655,11.0,4.0,1.0,,,,,,,,6.977777777777771,0.13810727993662403,300,0.3233333333333333,0.14666666666666667,0.5166666666666667,155,0.013333333333333334,0,,,,0,,300,5,0.016666666666666666,0.3233333333333333,0.14666666666666667,0.5166666666666667,0.013333333333333334
C:\Users\hello\GitHubRepos\MA-NormEmergence\saved_runs\exp2_four_llm\qwen3_8b\cooperative\self_interested\seed_2,2,4,0,Qwen/Qwen3-8B,cooperative,not_applicable,75,4,1.0,40.8333333333333,10.208333333333325,5.833333333333327,0.10714285714285728,44.0,11.0,0.0,172.0,40.8333333333333,10.208333333333325,11.0,4.0,1.0,,,,,,,,7.133333333333328,0.12055194091151589,300,0.26,0.14666666666666667,0.5733333333333334,172,0.02,0,,,,0,,300,4,0.013333333333333334,0.26,0.14666666666666667,0.5733333333333334,0.02
C:\Users\hello\GitHubRepos\MA-NormEmergence\saved_runs\exp2_four_llm\qwen3_8b\cooperative\self_interested\seed_3,3,4,0,Qwen/Qwen3-8B,cooperative,not_applicable,75,4,1.0,29.166666666666636,7.291666666666659,5.833333333333327,0.14999999999999994,44.0,11.0,0.0,156.0,29.166666666666636,7.291666666666659,11.0,4.0,1.0,,,,,,,,7.755555555555549,0.1093875321992198,300,0.31666666666666665,0.14666666666666667,0.52,156,0.016666666666666666,0,,,,0,,300,6,0.02,0.31666666666666665,0.14666666666666667,0.52,0.016666666666666666
C:\Users\hello\GitHubRepos\MA-NormEmergence\saved_runs\exp2_four_llm\qwen3_8b\cooperative\self_interested\seed_4,4,4,0,Qwen/Qwen3-8B,cooperative,not_applicable,75,4,1.0,23.333333333333307,5.833333333333327,5.833333333333327,0.0,44.0,11.0,0.0,161.0,23.333333333333307,5.833333333333327,11.0,4.0,1.0,,,,,,,,7.288888888888883,0.1051309148429803,300,0.3,0.14666666666666667,0.5366666666666666,161,0.016666666666666666,0,,,,0,,300,2,0.006666666666666667,0.3,0.14666666666666667,0.5366666666666666,0.016666666666666666
C:\Users\hello\GitHubRepos\MA-NormEmergence\saved_runs\exp2_four_llm\qwen3_8b\cooperative\self_interested\seed_5,5,4,0,Qwen/Qwen3-8B,cooperative,not_applicable,75,4,1.0,40.8333333333333,10.208333333333325,5.833333333333323,0.10714285714285735,44.0,11.0,0.0,159.0,40.8333333333333,10.208333333333325,11.0,4.0,1.0,,,,,,,,7.755555555555549,0.10691664809473915,300,0.30666666666666664,0.14666666666666667,0.53,159,0.016666666666666666,0,,,,0,,300,2,0.006666666666666667,0.30666666666666664,0.14666666666666667,0.53,0.016666666666666666
C:\Users\hello\GitHubRepos\MA-NormEmergence\saved_runs\exp2_four_llm\qwen3_8b\cooperative\self_interested\seed_6,6,4,0,Qwen/Qwen3-8B,cooperative,not_applicable,75,4,1.0,34.999999999999964,8.749999999999991,5.833333333333327,0.1666666666666667,44.0,11.0,0.0,177.0,34.999999999999964,8.749999999999991,11.0,4.0,1.0,,,,,,,,7.444444444444439,0.11746174940651052,300,0.24333333333333335,0.14666666666666667,0.59,177,0.02,0,,,,0,,300,6,0.02,0.24333333333333335,0.14666666666666667,0.59,0.02
C:\Users\hello\GitHubRepos\MA-NormEmergence\saved_runs\exp2_four_llm\qwen3_8b\cooperative\self_interested\seed_7,7,4,0,Qwen/Qwen3-8B,cooperative,not_applicable,75,4,1.0,40.83333333333329,10.208333333333323,5.833333333333323,0.10714285714285737,44.0,11.0,0.0,154.0,40.83333333333329,10.208333333333323,11.0,4.0,1.0,,,,,,,,7.522222222222214,0.13041784730063205,300,0.31666666666666665,0.14666666666666667,0.5133333333333333,154,0.023333333333333334,0,,,,0,,300,7,0.023333333333333334,0.31666666666666665,0.14666666666666667,0.5133333333333333,0.023333333333333334
C:\Users\hello\GitHubRepos\MA-NormEmergence\saved_runs\exp2_four_llm\qwen3_8b\cooperative\self_interested\seed_8,8,4,0,Qwen/Qwen3-8B,cooperative,not_applicable,75,2,0.5,23.333333333333307,5.833333333333327,0.0,0.5,37.0,5.0,0.12837837837837837,109.0,23.333333333333307,5.833333333333327,9.25,2.0,0.5,,,,,,,,4.599999999999995,0.2200541040363097,271,0.44280442804428044,0.13653136531365315,0.4022140221402214,109,0.01845018450184502,0,,,,0,,271,4,0.014760147601476014,0.44280442804428044,0.13653136531365315,0.4022140221402214,0.01845018450184502
C:\Users\hello\GitHubRepos\MA-NormEmergence\saved_runs\exp2_four_llm\qwen3_8b\cooperative\self_interested\seed_9,9,4,0,Qwen/Qwen3-8B,cooperative,not_applicable,75,3,0.75,23.333333333333307,5.833333333333327,0.0,0.3750000000000003,40.0,7.0,0.075,111.0,23.333333333333307,5.833333333333327,10.0,3.0,0.75,,,,,,,,5.4044444444444375,0.17385411691298636,283,0.44876325088339225,0.1413427561837456,0.392226148409894,111,0.0176678445229682,0,,,,0,,283,7,0.024734982332155476,0.44876325088339225,0.1413427561837456,0.392226148409894,0.0176678445229682
C:\Users\hello\GitHubRepos\MA-NormEmergence\saved_runs\exp2_four_llm\qwen3_8b\self_interested\self_interested\seed_1,1,4,0,Qwen/Qwen3-8B,self_interested,not_applicable,75,4,1.0,122.49999999999983,30.624999999999957,17.499999999999954,0.2023809523809527,61.0,13.0,0.06967213114754098,0.0,122.49999999999983,30.624999999999957,15.25,4.0,1.0,,,,,,,,28.911111111111094,0.11513075689452369,300,0.7933333333333333,0.20333333333333334,0.0,0,0.0033333333333333335,0,,,,0,,300,2,0.006666666666666667,0.7933333333333333,0.20333333333333334,0.0,0.0033333333333333335
C:\Users\hello\GitHubRepos\MA-NormEmergence\saved_runs\exp2_four_llm\qwen3_8b\self_interested\self_interested\seed_10,10,4,0,Qwen/Qwen3-8B,self_interested,not_applicable,75,4,1.0,233.33333333333337,58.33333333333334,29.16666666666662,0.1625000000000005,79.0,15.0,0.07911392405063292,0.0,233.33333333333337,58.33333333333334,19.75,4.0,1.0,,,,,,,,35.98888888888887,0.0823615799536738,300,0.7333333333333333,0.2633333333333333,0.0,0,0.0033333333333333335,0,,,,0,,300,1,0.0033333333333333335,0.7333333333333333,0.2633333333333333,0.0,0.0033333333333333335
C:\Users\hello\GitHubRepos\MA-NormEmergence\saved_runs\exp2_four_llm\qwen3_8b\self_interested\self_interested\seed_2,2,4,0,Qwen/Qwen3-8B,self_interested,not_applicable,75,4,1.0,122.49999999999983,30.624999999999957,23.33333333333329,0.10714285714285732,60.0,14.0,0.025,0.0,122.49999999999983,30.624999999999957,15.0,4.0,1.0,,,,,,,,22.61111111111109,0.09516987164593298,300,0.8,0.2,0.0,0,0.0,0,,,,0,,300,2,0.006666666666666667,0.8,0.2,0.0,0.0
C:\Users\hello\GitHubRepos\MA-NormEmergence\saved_runs\exp2_four_llm\qwen3_8b\self_interested\self_interested\seed_3,3,4,0,Qwen/Qwen3-8B,self_interested,not_applicable,75,4,1.0,180.8333333333332,45.2083333333333,29.16666666666662,0.13709677419354857,70.0,15.0,0.06428571428571428,0.0,180.8333333333332,45.2083333333333,17.5,4.0,1.0,,,,,,,,33.34444444444442,0.09309407507002586,300,0.7666666666666667,0.23333333333333334,0.0,0,0.0,0,,,,0,,300,1,0.0033333333333333335,0.7666666666666667,0.23333333333333334,0.0,0.0
C:\Users\hello\GitHubRepos\MA-NormEmergence\saved_runs\exp2_four_llm\qwen3_8b\self_interested\self_interested\seed_4,4,4,0,Qwen/Qwen3-8B,self_interested,not_applicable,75,4,1.0,145.83333333333317,36.45833333333329,23.33333333333329,0.13000000000000017,65.0,14.0,0.05,0.0,145.83333333333317,36.45833333333329,16.25,4.0,1.0,,,,,,,,27.199999999999978,0.08909624391089478,300,0.7833333333333333,0.21666666666666667,0.0,0,0.0,0,,,,0,,300,0,0.0,0.7833333333333333,0.21666666666666667,0.0,0.0
C:\Users\hello\GitHubRepos\MA-NormEmergence\saved_runs\exp2_four_llm\qwen3_8b\self_interested\self_interested\seed_5,5,4,0,Qwen/Qwen3-8B,self_interested,not_applicable,75,4,1.0,233.33333333333343,58.33333333333336,40.83333333333329,0.07500000000000064,80.0,17.0,0.0375,0.0,233.33333333333343,58.33333333333336,20.0,4.0,1.0,,,,,,,,39.87777777777777,0.06746282736524574,300,0.73,0.26666666666666666,0.0,0,0.0033333333333333335,0,,,,0,,300,0,0.0,0.73,0.26666666666666666,0.0,0.0033333333333333335
C:\Users\hello\GitHubRepos\MA-NormEmergence\saved_runs\exp2_four_llm\qwen3_8b\self_interested\self_interested\seed_6,6,4,0,Qwen/Qwen3-8B,self_interested,not_applicable,75,4,1.0,198.3333333333332,49.5833333333333,29.16666666666662,0.11764705882352954,74.0,15.0,0.05405405405405406,0.0,198.3333333333332,49.5833333333333,18.5,4.0,1.0,,,,,,,,34.35555555555553,0.0797959164504003,300,0.75,0.24666666666666667,0.0,0,0.0033333333333333335,0,,,,0,,300,2,0.006666666666666667,0.75,0.24666666666666667,0.0,0.0033333333333333335
C:\Users\hello\GitHubRepos\MA-NormEmergence\saved_runs\exp2_four_llm\qwen3_8b\self_interested\self_interested\seed_7,7,4,0,Qwen/Qwen3-8B,self_interested,not_applicable,75,4,1.0,303.33333333333354,75.83333333333339,58.33333333333331,0.08653846153846186,92.0,20.0,0.04891304347826087,0.0,303.33333333333354,75.83333333333339,23.0,4.0,1.0,,,,,,,,45.788888888888884,0.05785598278952849,300,0.6933333333333334,0.30666666666666664,0.0,0,0.0,0,,,,0,,300,2,0.006666666666666667,0.6933333333333334,0.30666666666666664,0.0,0.0
C:\Users\hello\GitHubRepos\MA-NormEmergence\saved_runs\exp2_four_llm\qwen3_8b\self_interested\self_interested\seed_8,8,4,0,Qwen/Qwen3-8B,self_interested,not_applicable,75,4,1.0,186.66666666666652,46.66666666666663,29.16666666666662,0.12500000000000014,71.0,15.0,0.045774647887323945,0.0,186.66666666666652,46.66666666666663,17.75,4.0,1.0,,,,,,,,28.91111111111109,0.10228436894680168,300,0.7633333333333333,0.23666666666666666,0.0,0,0.0,0,,,,0,,300,2,0.006666666666666667,0.7633333333333333,0.23666666666666666,0.0,0.0
C:\Users\hello\GitHubRepos\MA-NormEmergence\saved_runs\exp2_four_llm\qwen3_8b\self_interested\self_interested\seed_9,9,4,0,Qwen/Qwen3-8B,self_interested,not_applicable,75,4,1.0,210.00000000000017,52.50000000000004,29.16666666666662,0.13888888888888962,75.0,15.0,0.06333333333333334,0.0,210.00000000000017,52.50000000000004,18.75,4.0,1.0,,,,,,,,37.46666666666665,0.07935434270470486,300,0.75,0.25,0.0,0,0.0,0,,,,0,,300,1,0.0033333333333333335,0.75,0.25,0.0,0.0
C:\Users\hello\GitHubRepos\MA-NormEmergence\saved_runs\exp2_four_llm\qwen3_8b\unframed\self_interested\seed_1,1,4,0,Qwen/Qwen3-8B,unframed,not_applicable,75,4,1.0,245.00000000000009,61.25000000000002,46.66666666666663,0.1547619047619054,82.0,18.0,0.07926829268292683,0.0,245.00000000000009,61.25000000000002,20.5,4.0,1.0,,,,,,,,33.81111111111109,0.12921013317320842,300,0.7266666666666667,0.2733333333333333,0.0,0,0.0,0,,,,0,,300,4,0.013333333333333334,0.7266666666666667,0.2733333333333333,0.0,0.0
C:\Users\hello\GitHubRepos\MA-NormEmergence\saved_runs\exp2_four_llm\qwen3_8b\unframed\self_interested\seed_10,10,4,0,Qwen/Qwen3-8B,unframed,not_applicable,75,4,1.0,186.66666666666652,46.66666666666663,34.99999999999996,0.14062500000000014,71.0,16.0,0.0528169014084507,0.0,186.66666666666652,46.66666666666663,17.75,4.0,1.0,,,,,,,,30.93333333333331,0.10286875895925614,300,0.7633333333333333,0.23666666666666666,0.0,0,0.0,0,,,,0,,300,1,0.0033333333333333335,0.7633333333333333,0.23666666666666666,0.0,0.0
C:\Users\hello\GitHubRepos\MA-NormEmergence\saved_runs\exp2_four_llm\qwen3_8b\unframed\self_interested\seed_2,2,4,0,Qwen/Qwen3-8B,unframed,not_applicable,75,4,1.0,209.99999999999991,52.49999999999998,40.83333333333329,0.11111111111111141,76.0,17.0,0.05263157894736842,0.0,209.99999999999991,52.49999999999998,19.0,4.0,1.0,,,,,,,,30.388888888888875,0.09873624419497917,300,0.7466666666666667,0.25333333333333335,0.0,0,0.0,0,,,,0,,300,2,0.006666666666666667,0.7466666666666667,0.25333333333333335,0.0,0.0
C:\Users\hello\GitHubRepos\MA-NormEmergence\saved_runs\exp2_four_llm\qwen3_8b\unframed\self_interested\seed_3,3,4,0,Qwen/Qwen3-8B,unframed,not_applicable,75,4,1.0,291.6666666666671,72.91666666666677,64.16666666666666,0.060000000000000685,88.0,20.0,0.03977272727272727,0.0,291.6666666666671,72.91666666666677,22.0,4.0,1.0,,,,,,,,47.57777777777777,0.08633620122170321,300,0.7066666666666667,0.29333333333333333,0.0,0,0.0,0,,,,0,,300,4,0.013333333333333334,0.7066666666666667,0.29333333333333333,0.0,0.0
C:\Users\hello\GitHubRepos\MA-NormEmergence\saved_runs\exp2_four_llm\qwen3_8b\unframed\self_interested\seed_4,4,4,0,Qwen/Qwen3-8B,unframed,not_applicable,75,4,1.0,268.33333333333337,67.08333333333334,58.3333333333333,0.06521739130434832,85.0,20.0,0.03823529411764706,0.0,268.33333333333337,67.08333333333334,21.25,4.0,1.0,,,,,,,,38.633333333333326,0.0913171023760944,300,0.7166666666666667,0.2833333333333333,0.0,0,0.0,0,,,,0,,300,0,0.0,0.7166666666666667,0.2833333333333333,0.0,0.0
C:\Users\hello\GitHubRepos\MA-NormEmergence\saved_runs\exp2_four_llm\qwen3_8b\unframed\self_interested\seed_5,5,4,0,Qwen/Qwen3-8B,unframed,not_applicable,75,4,1.0,332.5000000000004,83.1250000000001,52.499999999999964,0.1271929824561408,97.0,19.0,0.07474226804123711,2.0,332.5000000000004,83.1250000000001,24.25,4.0,1.0,,,,,,,,47.4222222222222,0.0815841428660149,300,0.67,0.3233333333333333,0.006666666666666667,2,0.0,0,,,,0,,300,4,0.013333333333333334,0.67,0.3233333333333333,0.006666666666666667,0.0
C:\Users\hello\GitHubRepos\MA-NormEmergence\saved_runs\exp2_four_llm\qwen3_8b\unframed\self_interested\seed_6,6,4,0,Qwen/Qwen3-8B,unframed,not_applicable,75,4,1.0,209.99999999999986,52.499999999999964,40.83333333333329,0.08333333333333338,75.0,17.0,0.03,0.0,209.99999999999986,52.499999999999964,18.75,4.0,1.0,,,,,,,,32.877777777777766,0.07581532233466794,300,0.75,0.25,0.0,0,0.0,0,,,,0,,300,3,0.01,0.75,0.25,0.0,0.0
C:\Users\hello\GitHubRepos\MA-NormEmergence\saved_runs\exp2_four_llm\qwen3_8b\unframed\self_interested\seed_7,7,4,0,Qwen/Qwen3-8B,unframed,not_applicable,75,4,1.0,303.33333333333377,75.83333333333344,64.16666666666677,0.04807692307692311,92.0,21.0,0.02717391304347826,1.0,303.33333333333377,75.83333333333344,23.0,4.0,1.0,,,,,,,,51.07777777777779,0.046040749190733796,300,0.6866666666666666,0.30666666666666664,0.0033333333333333335,1,0.0033333333333333335,0,,,,0,,300,5,0.016666666666666666,0.6866666666666666,0.30666666666666664,0.0033333333333333335,0.0033333333333333335
C:\Users\hello\GitHubRepos\MA-NormEmergence\saved_runs\exp2_four_llm\qwen3_8b\unframed\self_interested\seed_8,8,4,0,Qwen/Qwen3-8B,unframed,not_applicable,75,4,1.0,174.99999999999983,43.74999999999996,29.16666666666662,0.18333333333333357,69.0,15.0,0.07608695652173914,0.0,174.99999999999983,43.74999999999996,17.25,4.0,1.0,,,,,,,,26.11111111111109,0.11308867590691962,300,0.77,0.23,0.0,0,0.0,0,,,,0,,300,2,0.006666666666666667,0.77,0.23,0.0,0.0
C:\Users\hello\GitHubRepos\MA-NormEmergence\saved_runs\exp2_four_llm\qwen3_8b\unframed\self_interested\seed_9,9,4,0,Qwen/Qwen3-8B,unframed,not_applicable,75,4,1.0,215.8333333333332,53.9583333333333,46.66666666666663,0.0608108108108109,77.0,18.0,0.02922077922077922,1.0,215.8333333333332,53.9583333333333,19.25,4.0,1.0,,,,,,,,29.222222222222204,0.10034510064867107,300,0.7366666666666667,0.25666666666666665,0.0033333333333333335,1,0.0033333333333333335,0,,,,0,,300,6,0.02,0.7366666666666667,0.25666666666666665,0.0033333333333333335,0.0033333333333333335
C:\Users\hello\GitHubRepos\MA-NormEmergence\saved_runs\exp2_one_llm\qwen3_8b\altruistic\altruistic\seed_1,1,1,3,Qwen/Qwen3-8B,altruistic,altruistic,75,4,1.0,46.66666666666664,11.66666666666666,5.833333333333327,0.18750000000000008,44.0,11.0,0.0,155.0,17.499999999999993,17.499999999999993,11.0,1.0,1.0,29.166666666666647,9.722222222222216,11.0,3.0,1.0,7.777777777777777,0.0,7.211111111111106,0.11621784033840633,75,0.29333333333333333,0.14666666666666667,0.5466666666666666,41,0.013333333333333334,225,0.3466666666666667,0.14666666666666667,0.5066666666666667,114,0.0,75,1,0.013333333333333334,0.29333333333333333,0.14666666666666667,0.5466666666666666,0.013333333333333334
C:\Users\hello\GitHubRepos\MA-NormEmergence\saved_runs\exp2_one_llm\qwen3_8b\altruistic\altruistic\seed_10,10,1,3,Qwen/Qwen3-8B,altruistic,altruistic,75,4,1.0,40.833333333333314,10.208333333333329,5.833333333333327,0.10714285714285719,44.0,11.0,0.0,135.0,11.66666666666666,11.66666666666666,11.0,1.0,1.0,29.16666666666665,9.722222222222216,11.0,3.0,1.0,1.9444444444444446,0.0,7.055555555555551,0.127426941572242,75,0.36,0.14666666666666667,0.49333333333333335,37,0.0,225,0.4177777777777778,0.14666666666666667,0.43555555555555553,98,0.0,75,1,0.013333333333333334,0.36,0.14666666666666667,0.49333333333333335,0.0
C:\Users\hello\GitHubRepos\MA-NormEmergence\saved_runs\exp2_one_llm\qwen3_8b\altruistic\altruistic\seed_2,2,1,3,Qwen/Qwen3-8B,altruistic,altruistic,75,4,1.0,34.99999999999997,8.749999999999993,5.833333333333327,0.16666666666666682,44.0,11.0,0.0,141.0,5.833333333333327,5.833333333333327,11.0,1.0,1.0,29.16666666666665,9.722222222222216,11.0,3.0,1.0,-3.8888888888888893,0.0,7.366666666666662,0.11159984775244558,75,0.32,0.14666666666666667,0.52,39,0.013333333333333334,225,0.4,0.14666666666666667,0.4533333333333333,102,0.0,75,3,0.04,0.32,0.14666666666666667,0.52,0.013333333333333334
C:\Users\hello\GitHubRepos\MA-NormEmergence\saved_runs\exp2_one_llm\qwen3_8b\altruistic\altruistic\seed_3,3,1,3,Qwen/Qwen3-8B,altruistic,altruistic,75,4,1.0,40.8333333333333,10.208333333333325,5.833333333333327,0.10714285714285728,44.0,11.0,0.0,160.0,11.666666666666655,11.666666666666655,11.0,1.0,1.0,29.16666666666665,9.722222222222216,11.0,3.0,1.0,1.9444444444444393,0.0,7.833333333333329,0.10823610900081047,75,0.26666666666666666,0.14666666666666667,0.5866666666666667,44,0.0,225,0.3377777777777778,0.14666666666666667,0.5155555555555555,116,0.0,75,0,0.0,0.26666666666666666,0.14666666666666667,0.5866666666666667,0.0
C:\Users\hello\GitHubRepos\MA-NormEmergence\saved_runs\exp2_one_llm\qwen3_8b\altruistic\altruistic\seed_4,4,1,3,Qwen/Qwen3-8B,altruistic,altruistic,75,3,0.75,23.333333333333314,5.833333333333329,0.0,0.37500000000000006,42.0,9.0,0.03571428571428571,137.0,0.0,0.0,9.0,0.0,0.0,23.333333333333314,7.7777777777777715,11.0,3.0,1.0,-7.7777777777777715,-1.0,6.388888888888882,0.1491968004528511,70,0.3142857142857143,0.12857142857142856,0.5428571428571428,38,0.014285714285714285,225,0.41333333333333333,0.14666666666666667,0.44,99,0.0,70,0,0.0,0.3142857142857143,0.12857142857142856,0.5428571428571428,0.014285714285714285
C:\Users\hello\GitHubRepos\MA-NormEmergence\saved_runs\exp2_one_llm\qwen3_8b\altruistic\altruistic\seed_5,5,1,3,Qwen/Qwen3-8B,altruistic,altruistic,75,4,1.0,40.83333333333331,10.208333333333327,5.833333333333327,0.1071428571428572,44.0,11.0,0.0,152.0,5.833333333333327,5.833333333333327,11.0,1.0,1.0,34.999999999999986,11.666666666666663,11.0,3.0,1.0,-5.833333333333336,0.0,7.755555555555552,0.11876803671795466,75,0.25333333333333335,0.14666666666666667,0.5866666666666667,44,0.013333333333333334,225,0.37333333333333335,0.14666666666666667,0.48,108,0.0,75,2,0.02666666666666667,0.25333333333333335,0.14666666666666667,0.5866666666666667,0.013333333333333334
C:\Users\hello\GitHubRepos\MA-NormEmergence\saved_runs\exp2_one_llm\qwen3_8b\altruistic\altruistic\seed_6,6,1,3,Qwen/Qwen3-8B,altruistic,altruistic,75,4,1.0,34.99999999999997,8.749999999999993,5.833333333333327,0.16666666666666682,44.0,11.0,0.0,122.0,5.833333333333327,5.833333333333327,11.0,1.0,1.0,29.16666666666665,9.722222222222216,11.0,3.0,1.0,-3.8888888888888893,0.0,6.355555555555548,0.15175109970701606,75,0.41333333333333333,0.14666666666666667,0.44,33,0.0,225,0.4577777777777778,0.14666666666666667,0.39555555555555555,89,0.0,75,2,0.02666666666666667,0.41333333333333333,0.14666666666666667,0.44,0.0
C:\Users\hello\GitHubRepos\MA-NormEmergence\saved_runs\exp2_one_llm\qwen3_8b\altruistic\altruistic\seed_7,7,1,3,Qwen/Qwen3-8B,altruistic,altruistic,75,3,0.75,29.166666666666647,7.291666666666662,0.0,0.3500000000000001,41.0,8.0,0.054878048780487805,158.0,0.0,0.0,8.0,0.0,0.0,29.166666666666647,9.722222222222216,11.0,3.0,1.0,-9.722222222222216,-1.0,6.797777777777771,0.15373705157541734,64,0.3125,0.125,0.5625,36,0.0,225,0.3111111111111111,0.14666666666666667,0.5422222222222223,122,0.0,64,0,0.0,0.3125,0.125,0.5625,0.0
C:\Users\hello\GitHubRepos\MA-NormEmergence\saved_runs\exp2_one_llm\qwen3_8b\altruistic\altruistic\seed_8,8,1,3,Qwen/Qwen3-8B,altruistic,altruistic,75,4,1.0,40.83333333333331,10.208333333333327,5.833333333333327,0.1071428571428572,44.0,11.0,0.0,156.0,5.833333333333327,5.833333333333327,11.0,1.0,1.0,34.999999999999986,11.666666666666663,11.0,3.0,1.0,-5.833333333333336,0.0,7.211111111111107,0.12335802436025306,75,0.29333333333333333,0.14666666666666667,0.5333333333333333,40,0.02666666666666667,225,0.3377777777777778,0.14666666666666667,0.5155555555555555,116,0.0,75,1,0.013333333333333334,0.29333333333333333,0.14666666666666667,0.5333333333333333,0.02666666666666667
C:\Users\hello\GitHubRepos\MA-NormEmergence\saved_runs\exp2_one_llm\qwen3_8b\altruistic\altruistic\seed_9,9,1,3,Qwen/Qwen3-8B,altruistic,altruistic,75,3,0.75,29.16666666666665,7.2916666666666625,0.0,0.35000000000000003,43.0,10.0,0.01744186046511628,172.0,11.66666666666666,11.66666666666666,11.0,1.0,1.0,17.499999999999986,5.833333333333329,10.666666666666666,2.0,0.6666666666666666,5.833333333333332,0.33333333333333337,7.444444444444439,0.12494003554423867,75,0.24,0.14666666666666667,0.5866666666666667,44,0.02666666666666667,225,0.28888888888888886,0.14222222222222222,0.5688888888888889,128,0.0,75,2,0.02666666666666667,0.24,0.14666666666666667,0.5866666666666667,0.02666666666666667
C:\Users\hello\GitHubRepos\MA-NormEmergence\saved_runs\exp2_one_llm\qwen3_8b\altruistic\cooperative\seed_1,1,1,3,Qwen/Qwen3-8B,altruistic,cooperative,75,4,1.0,40.83333333333331,10.208333333333327,5.833333333333327,0.1071428571428572,44.0,11.0,0.0,166.0,5.833333333333327,5.833333333333327,11.0,1.0,1.0,34.999999999999986,11.666666666666663,11.0,3.0,1.0,-5.833333333333336,0.0,7.911111111111107,0.10918936429268811,75,0.25333333333333335,0.14666666666666667,0.5733333333333334,43,0.02666666666666667,225,0.30666666666666664,0.14666666666666667,0.5466666666666666,123,0.0,75,1,0.013333333333333334,0.25333333333333335,0.14666666666666667,0.5733333333333334,0.02666666666666667
C:\Users\hello\GitHubRepos\MA-NormEmergence\saved_runs\exp2_one_llm\qwen3_8b\altruistic\cooperative\seed_10,10,1,3,Qwen/Qwen3-8B,altruistic,cooperative,75,4,1.0,40.833333333333314,10.208333333333329,5.833333333333327,0.10714285714285719,44.0,11.0,0.0,151.0,11.66666666666666,11.66666666666666,11.0,1.0,1.0,29.16666666666665,9.722222222222216,11.0,3.0,1.0,1.9444444444444446,0.0,6.66666666666666,0.1341973551309784,75,0.32,0.14666666666666667,0.5333333333333333,40,0.0,225,0.36,0.14666666666666667,0.49333333333333335,111,0.0,75,1,0.013333333333333334,0.32,0.14666666666666667,0.5333333333333333,0.0
C:\Users\hello\GitHubRepos\MA-NormEmergence\saved_runs\exp2_one_llm\qwen3_8b\altruistic\cooperative\seed_2,2,1,3,Qwen/Qwen3-8B,altruistic,cooperative,75,4,1.0,29.166666666666643,7.291666666666661,5.833333333333327,0.15000000000000013,44.0,11.0,0.0,151.0,5.833333333333327,5.833333333333327,11.0,1.0,1.0,23.333333333333314,7.7777777777777715,11.0,3.0,1.0,-1.9444444444444446,0.0,6.9777777777777725,0.11963857565322716,75,0.29333333333333333,0.14666666666666667,0.5466666666666666,41,0.013333333333333334,225,0.36444444444444446,0.14666666666666667,0.4888888888888889,110,0.0,75,0,0.0,0.29333333333333333,0.14666666666666667,0.5466666666666666,0.013333333333333334
C:\Users\hello\GitHubRepos\MA-NormEmergence\saved_runs\exp2_one_llm\qwen3_8b\altruistic\cooperative\seed_3,3,1,3,Qwen/Qwen3-8B,altruistic,cooperative,75,4,1.0,40.83333333333331,10.208333333333327,5.833333333333323,0.1071428571428573,44.0,11.0,0.0,164.0,5.833333333333323,5.833333333333323,11.0,1.0,1.0,34.999999999999986,11.666666666666663,11.0,3.0,1.0,-5.833333333333339,0.0,7.988888888888883,0.11285176885938882,75,0.26666666666666666,0.14666666666666667,0.5866666666666667,44,0.0,225,0.32,0.14666666666666667,0.5333333333333333,120,0.0,75,3,0.04,0.26666666666666666,0.14666666666666667,0.5866666666666667,0.0
C:\Users\hello\GitHubRepos\MA-NormEmergence\saved_runs\exp2_one_llm\qwen3_8b\altruistic\cooperative\seed_4,4,1,3,Qwen/Qwen3-8B,altruistic,cooperative,75,4,1.0,40.83333333333331,10.208333333333327,5.833333333333327,0.1071428571428572,44.0,11.0,0.0,145.0,11.66666666666666,11.66666666666666,11.0,1.0,1.0,29.166666666666647,9.722222222222216,11.0,3.0,1.0,1.9444444444444446,0.0,7.211111111111106,0.1296894415204373,75,0.29333333333333333,0.14666666666666667,0.56,42,0.0,225,0.39555555555555555,0.14666666666666667,0.4577777777777778,103,0.0,75,1,0.013333333333333334,0.29333333333333333,0.14666666666666667,0.56,0.0
C:\Users\hello\GitHubRepos\MA-NormEmergence\saved_runs\exp2_one_llm\qwen3_8b\altruistic\cooperative\seed_5,5,1,3,Qwen/Qwen3-8B,altruistic,cooperative,75,4,1.0,40.83333333333331,10.208333333333327,5.833333333333327,0.1071428571428572,44.0,11.0,0.0,155.0,11.66666666666666,11.66666666666666,11.0,1.0,1.0,29.166666666666647,9.722222222222216,11.0,3.0,1.0,1.9444444444444446,0.0,7.444444444444439,0.1296878065647105,75,0.24,0.14666666666666667,0.6,45,0.013333333333333334,225,0.36444444444444446,0.14666666666666667,0.4888888888888889,110,0.0,75,3,0.04,0.24,0.14666666666666667,0.6,0.013333333333333334
C:\Users\hello\GitHubRepos\MA-NormEmergence\saved_runs\exp2_one_llm\qwen3_8b\altruistic\cooperative\seed_6,6,1,3,Qwen/Qwen3-8B,altruistic,cooperative,75,4,1.0,40.83333333333331,10.208333333333327,5.833333333333327,0.1071428571428572,44.0,11.0,0.0,160.0,5.833333333333327,5.833333333333327,11.0,1.0,1.0,34.999999999999986,11.666666666666663,11.0,3.0,1.0,-5.833333333333336,0.0,7.211111111111107,0.10645877837566871,75,0.29333333333333333,0.14666666666666667,0.5466666666666666,41,0.013333333333333334,225,0.3244444444444444,0.14666666666666667,0.5288888888888889,119,0.0,75,1,0.013333333333333334,0.29333333333333333,0.14666666666666667,0.5466666666666666,0.013333333333333334
C:\Users\hello\GitHubRepos\MA-NormEmergence\saved_runs\exp2_one_llm\qwen3_8b\altruistic\cooperative\seed_7,7,1,3,Qwen/Qwen3-8B,altruistic,cooperative,75,4,1.0,40.8333333333333,10.208333333333325,5.833333333333327,0.10714285714285729,44.0,11.0,0.0,164.0,11.666666666666652,11.666666666666652,11.0,1.0,1.0,29.16666666666665,9.722222222222216,11.0,3.0,1.0,1.9444444444444358,0.0,8.144444444444437,0.12014373540126883,75,0.30666666666666664,0.14666666666666667,0.5333333333333333,40,0.013333333333333334,225,0.3022222222222222,0.14666666666666667,0.5511111111111111,124,0.0,75,1,0.013333333333333334,0.30666666666666664,0.14666666666666667,0.5333333333333333,0.013333333333333334
C:\Users\hello\GitHubRepos\MA-NormEmergence\saved_runs\exp2_one_llm\qwen3_8b\altruistic\cooperative\seed_8,8,1,3,Qwen/Qwen3-8B,altruistic,cooperative,75,4,1.0,40.83333333333331,10.208333333333327,5.833333333333323,0.1071428571428573,44.0,11.0,0.0,168.0,5.833333333333323,5.833333333333323,11.0,1.0,1.0,34.999999999999986,11.666666666666663,11.0,3.0,1.0,-5.833333333333339,0.0,7.677777777777772,0.11830739059015512,75,0.18666666666666668,0.14666666666666667,0.6533333333333333,49,0.013333333333333334,225,0.3244444444444444,0.14666666666666667,0.5288888888888889,119,0.0,75,0,0.0,0.18666666666666668,0.14666666666666667,0.6533333333333333,0.013333333333333334
C:\Users\hello\GitHubRepos\MA-NormEmergence\saved_runs\exp2_one_llm\qwen3_8b\altruistic\cooperative\seed_9,9,1,3,Qwen/Qwen3-8B,altruistic,cooperative,75,0,0.0,0.0,0.0,0.0,0.0,35.0,6.0,0.09285714285714286,112.0,0.0,0.0,9.0,0.0,0.0,0.0,0.0,8.666666666666666,0.0,0.0,0.0,0.0,4.697777777777774,0.2138972343977442,70,0.44285714285714284,0.12857142857142856,0.42857142857142855,30,0.0,202,0.46534653465346537,0.12871287128712872,0.40594059405940597,82,0.0,70,5,0.07142857142857142,0.44285714285714284,0.12857142857142856,0.42857142857142855,0.0
C:\Users\hello\GitHubRepos\MA-NormEmergence\saved_runs\exp2_one_llm\qwen3_8b\altruistic\self_interested\seed_1,1,1,3,Qwen/Qwen3-8B,altruistic,self_interested,75,3,0.75,192.5,48.125,0.0,0.2803030303030305,68.0,6.0,0.18382352941176472,8.0,0.0,0.0,6.0,0.0,0.0,192.5,64.16666666666667,20.666666666666668,3.0,1.0,-64.16666666666667,-1.0,9.131111111111101,0.2062464117270391,52,0.7307692307692307,0.11538461538461539,0.15384615384615385,8,0.0,225,0.7244444444444444,0.27555555555555555,0.0,0,0.0,52,5,0.09615384615384616,0.7307692307692307,0.11538461538461539,0.15384615384615385,0.0
C:\Users\hello\GitHubRepos\MA-NormEmergence\saved_runs\exp2_one_llm\qwen3_8b\altruistic\self_interested\seed_10,10,1,3,Qwen/Qwen3-8B,altruistic,self_interested,75,4,1.0,192.50000000000006,48.125000000000014,11.666666666666652,0.2348484848484854,72.0,11.0,0.11805555555555555,7.0,11.666666666666652,11.666666666666652,11.0,1.0,1.0,180.8333333333334,60.2777777777778,20.333333333333332,3.0,1.0,-48.61111111111115,0.0,8.377777777777768,0.2163206907231428,75,0.76,0.14666666666666667,0.09333333333333334,7,0.0,225,0.7288888888888889,0.27111111111111114,0.0,0,0.0,75,1,0.013333333333333334,0.76,0.14666666666666667,0.09333333333333334,0.0
C:\Users\hello\GitHubRepos\MA-NormEmergence\saved_runs\exp2_one_llm\qwen3_8b\altruistic\self_interested\seed_2,2,1,3,Qwen/Qwen3-8B,altruistic,self_interested,75,3,0.75,145.83333333333323,36.45833333333331,0.0,0.2700000000000001,61.0,6.0,0.1598360655737705,7.0,0.0,0.0,6.0,0.0,0.0,145.83333333333323,48.61111111111108,18.333333333333332,3.0,1.0,-48.61111111111108,-1.0,5.942222222222217,0.2259706401675399,52,0.75,0.11538461538461539,0.1346153846153846,7,0.0,225,0.7555555555555555,0.24444444444444444,0.0,0,0.0,52,2,0.038461538461538464,0.75,0.11538461538461539,0.1346153846153846,0.0
C:\Users\hello\GitHubRepos\MA-NormEmergence\saved_runs\exp2_one_llm\qwen3_8b\altruistic\self_interested\seed_3,3,1,3,Qwen/Qwen3-8B,altruistic,self_interested,75,3,0.75,110.83333333333321,27.708333333333304,0.0,0.27631578947368424,57.0,8.0,0.11842105263157894,8.0,0.0,0.0,8.0,0.0,0.0,110.83333333333321,36.94444444444441,16.333333333333332,3.0,1.0,-36.94444444444441,-1.0,8.275555555555545,0.2006658595523165,64,0.75,0.125,0.125,8,0.0,225,0.7822222222222223,0.21777777777777776,0.0,0,0.0,64,3,0.046875,0.75,0.125,0.125,0.0
C:\Users\hello\GitHubRepos\MA-NormEmergence\saved_runs\exp2_one_llm\qwen3_8b\altruistic\self_interested\seed_4,4,1,3,Qwen/Qwen3-8B,altruistic,self_interested,75,4,1.0,280.0000000000002,70.00000000000006,5.833333333333312,0.23958333333333348,88.0,11.0,0.13068181818181818,14.0,5.833333333333312,5.833333333333312,11.0,1.0,1.0,274.16666666666697,91.38888888888899,25.666666666666668,3.0,1.0,-85.55555555555567,0.0,11.255555555555537,0.1911229644317183,75,0.6533333333333333,0.14666666666666667,0.18666666666666668,14,0.013333333333333334,225,0.6577777777777778,0.3422222222222222,0.0,0,0.0,75,4,0.05333333333333334,0.6533333333333333,0.14666666666666667,0.18666666666666668,0.013333333333333334
C:\Users\hello\GitHubRepos\MA-NormEmergence\saved_runs\exp2_one_llm\qwen3_8b\altruistic\self_interested\seed_5,5,1,3,Qwen/Qwen3-8B,altruistic,self_interested,75,4,1.0,256.6666666666672,64.1666666666668,5.833333333333323,0.2727272727272727,83.0,11.0,0.14156626506024098,10.0,5.833333333333323,5.833333333333323,11.0,1.0,1.0,250.83333333333385,83.61111111111128,24.0,3.0,1.0,-77.77777777777796,0.0,7.988888888888879,0.22186270192312932,75,0.7066666666666667,0.14666666666666667,0.13333333333333333,10,0.013333333333333334,225,0.68,0.32,0.0,0,0.0,75,1,0.013333333333333334,0.7066666666666667,0.14666666666666667,0.13333333333333333,0.013333333333333334
C:\Users\hello\GitHubRepos\MA-NormEmergence\saved_runs\exp2_one_llm\qwen3_8b\altruistic\self_interested\seed_6,6,1,3,Qwen/Qwen3-8B,altruistic,self_interested,75,3,0.75,163.33333333333323,40.83333333333331,0.0,0.26785714285714285,62.0,4.0,0.1935483870967742,8.0,0.0,0.0,4.0,0.0,0.0,163.33333333333323,54.44444444444441,19.333333333333332,3.0,1.0,-54.44444444444441,-1.0,5.1888888888888856,0.22165955768875706,40,0.7,0.1,0.2,8,0.0,225,0.7422222222222222,0.2577777777777778,0.0,0,0.0,40,4,0.1,0.7,0.1,0.2,0.0
C:\Users\hello\GitHubRepos\MA-NormEmergence\saved_runs\exp2_one_llm\qwen3_8b\altruistic\self_interested\seed_7,7,1,3,Qwen/Qwen3-8B,altruistic,self_interested,75,3,0.75,239.16666666666717,59.79166666666679,0.0,0.2987804878048779,75.0,4.0,0.22333333333333333,9.0,0.0,0.0,4.0,0.0,0.0,239.16666666666717,79.72222222222238,23.666666666666668,3.0,1.0,-79.72222222222238,-1.0,6.355555555555549,0.219430246327646,40,0.675,0.1,0.225,9,0.0,225,0.6844444444444444,0.31555555555555553,0.0,0,0.0,40,1,0.025,0.675,0.1,0.225,0.0
C:\Users\hello\GitHubRepos\MA-NormEmergence\saved_runs\exp2_one_llm\qwen3_8b\altruistic\self_interested\seed_8,8,1,3,Qwen/Qwen3-8B,altruistic,self_interested,75,3,0.75,239.16666666666728,59.79166666666682,0.0,0.27439024390243905,75.0,5.0,0.20333333333333334,10.0,0.0,0.0,5.0,0.0,0.0,239.16666666666728,79.72222222222243,23.333333333333332,3.0,1.0,-79.72222222222243,-1.0,6.233333333333327,0.22771830678391125,46,0.6739130434782609,0.10869565217391304,0.21739130434782608,10,0.0,225,0.6888888888888889,0.3111111111111111,0.0,0,0.0,46,1,0.021739130434782608,0.6739130434782609,0.10869565217391304,0.21739130434782608,0.0
C:\Users\hello\GitHubRepos\MA-NormEmergence\saved_runs\exp2_one_llm\qwen3_8b\altruistic\self_interested\seed_9,9,1,3,Qwen/Qwen3-8B,altruistic,self_interested,75,3,0.75,180.83333333333326,45.208333333333314,0.0,0.3145161290322581,69.0,8.0,0.16304347826086957,10.0,0.0,0.0,8.0,0.0,0.0,180.83333333333326,60.27777777777775,20.333333333333332,3.0,1.0,-60.27777777777775,-1.0,9.053333333333319,0.2063572133358394,64,0.71875,0.125,0.15625,10,0.0,225,0.7288888888888889,0.27111111111111114,0.0,0,0.0,64,3,0.046875,0.71875,0.125,0.15625,0.0
C:\Users\hello\GitHubRepos\MA-NormEmergence\saved_runs\exp2_one_llm\qwen3_8b\cooperative\altruistic\seed_1,1,1,3,Qwen/Qwen3-8B,cooperative,altruistic,75,4,1.0,40.83333333333331,10.208333333333327,5.833333333333327,0.1071428571428572,44.0,11.0,0.0,158.0,5.833333333333327,5.833333333333327,11.0,1.0,1.0,34.999999999999986,11.666666666666663,11.0,3.0,1.0,-5.833333333333336,0.0,7.133333333333328,0.12707866865522477,75,0.21333333333333335,0.14666666666666667,0.6133333333333333,46,0.02666666666666667,225,0.35555555555555557,0.14666666666666667,0.49777777777777776,112,0.0,75,1,0.013333333333333334,0.21333333333333335,0.14666666666666667,0.6133333333333333,0.02666666666666667
C:\Users\hello\GitHubRepos\MA-NormEmergence\saved_runs\exp2_one_llm\qwen3_8b\cooperative\altruistic\seed_10,10,1,3,Qwen/Qwen3-8B,cooperative,altruistic,75,2,0.5,11.666666666666654,2.9166666666666634,0.0,0.5,39.0,8.0,0.07051282051282051,120.0,5.833333333333327,5.833333333333327,11.0,1.0,1.0,5.833333333333327,1.9444444444444422,9.333333333333334,1.0,0.3333333333333333,3.888888888888885,0.6666666666666667,6.097777777777773,0.1940135041740059,75,0.38666666666666666,0.14666666666666667,0.4533333333333333,34,0.013333333333333334,209,0.45454545454545453,0.1339712918660287,0.41148325358851673,86,0.0,75,2,0.02666666666666667,0.38666666666666666,0.14666666666666667,0.4533333333333333,0.013333333333333334
C:\Users\hello\GitHubRepos\MA-NormEmergence\saved_runs\exp2_one_llm\qwen3_8b\cooperative\altruistic\seed_2,2,1,3,Qwen/Qwen3-8B,cooperative,altruistic,75,4,1.0,34.99999999999998,8.749999999999995,5.833333333333327,0.1666666666666668,44.0,11.0,0.0,154.0,11.66666666666666,11.66666666666666,11.0,1.0,1.0,23.333333333333314,7.7777777777777715,11.0,3.0,1.0,3.8888888888888893,0.0,7.444444444444439,0.10306299333742756,75,0.29333333333333333,0.14666666666666667,0.5466666666666666,41,0.013333333333333334,225,0.3511111111111111,0.14666666666666667,0.5022222222222222,113,0.0,75,0,0.0,0.29333333333333333,0.14666666666666667,0.5466666666666666,0.013333333333333334
C:\Users\hello\GitHubRepos\MA-NormEmergence\saved_runs\exp2_one_llm\qwen3_8b\cooperative\altruistic\seed_3,3,1,3,Qwen/Qwen3-8B,cooperative,altruistic,75,4,1.0,34.99999999999997,8.749999999999993,5.833333333333323,0.1666666666666669,44.0,11.0,0.0,158.0,5.833333333333323,5.833333333333323,11.0,1.0,1.0,29.166666666666647,9.722222222222216,11.0,3.0,1.0,-3.888888888888893,0.0,7.444444444444439,0.12317545098441451,75,0.26666666666666666,0.14666666666666667,0.5866666666666667,44,0.0,225,0.3466666666666667,0.14666666666666667,0.5066666666666667,114,0.0,75,0,0.0,0.26666666666666666,0.14666666666666667,0.5866666666666667,0.0
C:\Users\hello\GitHubRepos\MA-NormEmergence\saved_runs\exp2_one_llm\qwen3_8b\cooperative\altruistic\seed_4,4,1,3,Qwen/Qwen3-8B,cooperative,altruistic,75,4,1.0,46.66666666666664,11.66666666666666,5.833333333333327,0.18750000000000008,44.0,11.0,0.0,156.0,11.66666666666666,11.66666666666666,11.0,1.0,1.0,34.99999999999998,11.666666666666659,11.0,3.0,1.0,1.7763568394002505e-15,0.0,7.133333333333328,0.12497872634365488,75,0.28,0.14666666666666667,0.5466666666666666,41,0.02666666666666667,225,0.3422222222222222,0.14666666666666667,0.5111111111111111,115,0.0,75,1,0.013333333333333334,0.28,0.14666666666666667,0.5466666666666666,0.02666666666666667
C:\Users\hello\GitHubRepos\MA-NormEmergence\saved_runs\exp2_one_llm\qwen3_8b\cooperative\altruistic\seed_5,5,1,3,Qwen/Qwen3-8B,cooperative,altruistic,75,2,0.5,17.499999999999986,4.3749999999999964,0.0,0.5833333333333335,37.0,5.0,0.12837837837837837,113.0,0.0,0.0,5.0,0.0,0.0,17.499999999999986,5.833333333333329,10.666666666666666,2.0,0.6666666666666666,-5.833333333333329,-0.6666666666666666,4.911111111111108,0.2303148863413263,46,0.32608695652173914,0.10869565217391304,0.5434782608695652,25,0.021739130434782608,225,0.4666666666666667,0.14222222222222222,0.39111111111111113,88,0.0,46,2,0.043478260869565216,0.32608695652173914,0.10869565217391304,0.5434782608695652,0.021739130434782608
C:\Users\hello\GitHubRepos\MA-NormEmergence\saved_runs\exp2_one_llm\qwen3_8b\cooperative\altruistic\seed_6,6,1,3,Qwen/Qwen3-8B,cooperative,altruistic,75,4,1.0,34.99999999999997,8.749999999999993,5.833333333333327,0.16666666666666682,44.0,11.0,0.0,158.0,5.833333333333327,5.833333333333327,11.0,1.0,1.0,29.16666666666665,9.722222222222216,11.0,3.0,1.0,-3.8888888888888893,0.0,6.744444444444438,0.13255433708761094,75,0.28,0.14666666666666667,0.5733333333333334,43,0.0,225,0.3422222222222222,0.14666666666666667,0.5111111111111111,115,0.0,75,1,0.013333333333333334,0.28,0.14666666666666667,0.5733333333333334,0.0
C:\Users\hello\GitHubRepos\MA-NormEmergence\saved_runs\exp2_one_llm\qwen3_8b\cooperative\altruistic\seed_7,7,1,3,Qwen/Qwen3-8B,cooperative,altruistic,75,1,0.25,5.833333333333327,1.4583333333333317,0.0,0.7499999999999999,36.0,6.0,0.1111111111111111,115.0,0.0,0.0,9.0,0.0,0.0,5.833333333333327,1.9444444444444422,9.0,1.0,0.3333333333333333,-1.9444444444444422,-0.3333333333333333,5.475555555555551,0.23697221034626778,70,0.42857142857142855,0.12857142857142856,0.42857142857142855,30,0.014285714285714285,202,0.44554455445544555,0.13366336633663367,0.4207920792079208,85,0.0,70,1,0.014285714285714285,0.42857142857142855,0.12857142857142856,0.42857142857142855,0.014285714285714285
C:\Users\hello\GitHubRepos\MA-NormEmergence\saved_runs\exp2_one_llm\qwen3_8b\cooperative\altruistic\seed_8,8,1,3,Qwen/Qwen3-8B,cooperative,altruistic,75,3,0.75,23.333333333333314,5.833333333333329,0.0,0.37500000000000017,43.0,10.0,0.01744186046511628,161.0,11.66666666666666,11.66666666666666,11.0,1.0,1.0,11.666666666666654,3.8888888888888844,10.666666666666666,2.0,0.6666666666666666,7.777777777777777,0.33333333333333337,7.288888888888883,0.125025081688846,75,0.22666666666666666,0.14666666666666667,0.6133333333333333,46,0.013333333333333334,225,0.3466666666666667,0.14222222222222222,0.5111111111111111,115,0.0,75,0,0.0,0.22666666666666666,0.14666666666666667,0.6133333333333333,0.013333333333333334
C:\Users\hello\GitHubRepos\MA-NormEmergence\saved_runs\exp2_one_llm\qwen3_8b\cooperative\altruistic\seed_9,9,1,3,Qwen/Qwen3-8B,cooperative,altruistic,75,4,1.0,40.833333333333314,10.208333333333329,5.833333333333327,0.10714285714285719,44.0,11.0,0.0,172.0,11.66666666666666,11.66666666666666,11.0,1.0,1.0,29.166666666666647,9.722222222222216,11.0,3.0,1.0,1.9444444444444446,0.0,7.755555555555552,0.11525465178589284,75,0.24,0.14666666666666667,0.6,45,0.013333333333333334,225,0.28888888888888886,0.14666666666666667,0.5644444444444444,127,0.0,75,2,0.02666666666666667,0.24,0.14666666666666667,0.6,0.013333333333333334
C:\Users\hello\GitHubRepos\MA-NormEmergence\saved_runs\exp2_one_llm\qwen3_8b\cooperative\cooperative\seed_1,1,1,3,Qwen/Qwen3-8B,cooperative,cooperative,75,4,1.0,40.83333333333331,10.208333333333327,5.833333333333323,0.1071428571428573,44.0,11.0,0.0,188.0,5.833333333333323,5.833333333333323,11.0,1.0,1.0,34.999999999999986,11.666666666666663,11.0,3.0,1.0,-5.833333333333339,0.0,7.677777777777774,0.11597333251122757,75,0.18666666666666668,0.14666666666666667,0.64,48,0.02666666666666667,225,0.2311111111111111,0.14666666666666667,0.6222222222222222,140,0.0,75,3,0.04,0.18666666666666668,0.14666666666666667,0.64,0.02666666666666667
C:\Users\hello\GitHubRepos\MA-NormEmergence\saved_runs\exp2_one_llm\qwen3_8b\cooperative\cooperative\seed_10,10,1,3,Qwen/Qwen3-8B,cooperative,cooperative,75,4,1.0,29.166666666666643,7.291666666666661,5.833333333333327,0.15000000000000013,44.0,11.0,0.0,153.0,11.66666666666666,11.66666666666666,11.0,1.0,1.0,17.49999999999998,5.833333333333326,11.0,3.0,1.0,5.833333333333335,0.0,6.744444444444438,0.13433477604114577,75,0.29333333333333333,0.14666666666666667,0.5466666666666666,41,0.013333333333333334,225,0.35555555555555557,0.14666666666666667,0.49777777777777776,112,0.0,75,0,0.0,0.29333333333333333,0.14666666666666667,0.5466666666666666,0.013333333333333334
C:\Users\hello\GitHubRepos\MA-NormEmergence\saved_runs\exp2_one_llm\qwen3_8b\cooperative\cooperative\seed_2,2,1,3,Qwen/Qwen3-8B,cooperative,cooperative,75,4,1.0,29.166666666666643,7.291666666666661,5.833333333333327,0.15000000000000013,44.0,11.0,0.0,151.0,5.833333333333327,5.833333333333327,11.0,1.0,1.0,23.333333333333314,7.7777777777777715,11.0,3.0,1.0,-1.9444444444444446,0.0,6.9777777777777725,0.11963857565322716,75,0.29333333333333333,0.14666666666666667,0.5466666666666666,41,0.013333333333333334,225,0.36444444444444446,0.14666666666666667,0.4888888888888889,110,0.0,75,0,0.0,0.29333333333333333,0.14666666666666667,0.5466666666666666,0.013333333333333334
C:\Users\hello\GitHubRepos\MA-NormEmergence\saved_runs\exp2_one_llm\qwen3_8b\cooperative\cooperative\seed_3,3,1,3,Qwen/Qwen3-8B,cooperative,cooperative,75,4,1.0,40.8333333333333,10.208333333333325,5.833333333333327,0.10714285714285729,44.0,11.0,0.0,191.0,11.666666666666652,11.666666666666652,11.0,1.0,1.0,29.16666666666665,9.722222222222216,11.0,3.0,1.0,1.9444444444444358,0.0,8.455555555555549,0.0979103385975278,75,0.18666666666666668,0.14666666666666667,0.6666666666666666,50,0.0,225,0.22666666666666666,0.14666666666666667,0.6266666666666667,141,0.0,75,1,0.013333333333333334,0.18666666666666668,0.14666666666666667,0.6666666666666666,0.0
C:\Users\hello\GitHubRepos\MA-NormEmergence\saved_runs\exp2_one_llm\qwen3_8b\cooperative\cooperative\seed_4,4,1,3,Qwen/Qwen3-8B,cooperative,cooperative,75,4,1.0,34.99999999999997,8.749999999999993,5.833333333333327,0.16666666666666682,44.0,11.0,0.0,170.0,11.66666666666666,11.66666666666666,11.0,1.0,1.0,23.333333333333314,7.7777777777777715,11.0,3.0,1.0,3.8888888888888893,0.0,7.44444444444444,0.11665826093033789,75,0.24,0.14666666666666667,0.5866666666666667,44,0.02666666666666667,225,0.29333333333333333,0.14666666666666667,0.56,126,0.0,75,2,0.02666666666666667,0.24,0.14666666666666667,0.5866666666666667,0.02666666666666667
C:\Users\hello\GitHubRepos\MA-NormEmergence\saved_runs\exp2_one_llm\qwen3_8b\cooperative\cooperative\seed_5,5,1,3,Qwen/Qwen3-8B,cooperative,cooperative,75,4,1.0,40.833333333333314,10.208333333333329,5.833333333333327,0.10714285714285719,44.0,11.0,0.0,178.0,11.66666666666666,11.66666666666666,11.0,1.0,1.0,29.166666666666647,9.722222222222216,11.0,3.0,1.0,1.9444444444444446,0.0,7.599999999999995,0.10570127092513044,75,0.21333333333333335,0.14666666666666667,0.6133333333333333,46,0.02666666666666667,225,0.26666666666666666,0.14666666666666667,0.5866666666666667,132,0.0,75,1,0.013333333333333334,0.21333333333333335,0.14666666666666667,0.6133333333333333,0.02666666666666667
C:\Users\hello\GitHubRepos\MA-NormEmergence\saved_runs\exp2_one_llm\qwen3_8b\cooperative\cooperative\seed_6,6,1,3,Qwen/Qwen3-8B,cooperative,cooperative,75,4,1.0,40.83333333333331,10.208333333333327,5.833333333333323,0.1071428571428573,44.0,11.0,0.0,178.0,5.833333333333323,5.833333333333323,11.0,1.0,1.0,34.999999999999986,11.666666666666663,11.0,3.0,1.0,-5.833333333333339,0.0,7.599999999999995,0.10883234446376361,75,0.24,0.14666666666666667,0.6133333333333333,46,0.0,225,0.26666666666666666,0.14666666666666667,0.5866666666666667,132,0.0,75,2,0.02666666666666667,0.24,0.14666666666666667,0.6133333333333333,0.0
C:\Users\hello\GitHubRepos\MA-NormEmergence\saved_runs\exp2_one_llm\qwen3_8b\cooperative\cooperative\seed_7,7,1,3,Qwen/Qwen3-8B,cooperative,cooperative,75,4,1.0,40.8333333333333,10.208333333333325,5.833333333333327,0.10714285714285729,44.0,11.0,0.0,172.0,11.666666666666652,11.666666666666652,11.0,1.0,1.0,29.166666666666647,9.722222222222216,11.0,3.0,1.0,1.9444444444444358,0.0,8.222222222222216,0.13132915869440395,75,0.21333333333333335,0.14666666666666667,0.6133333333333333,46,0.02666666666666667,225,0.29333333333333333,0.14666666666666667,0.56,126,0.0,75,1,0.013333333333333334,0.21333333333333335,0.14666666666666667,0.6133333333333333,0.02666666666666667
C:\Users\hello\GitHubRepos\MA-NormEmergence\saved_runs\exp2_one_llm\qwen3_8b\cooperative\cooperative\seed_8,8,1,3,Qwen/Qwen3-8B,cooperative,cooperative,75,4,1.0,29.166666666666643,7.291666666666661,5.833333333333327,0.15000000000000013,44.0,11.0,0.0,141.0,5.833333333333327,5.833333333333327,11.0,1.0,1.0,23.333333333333314,7.7777777777777715,11.0,3.0,1.0,-1.9444444444444446,0.0,7.288888888888883,0.1328337200142365,75,0.28,0.14666666666666667,0.5466666666666666,41,0.02666666666666667,225,0.4088888888888889,0.14666666666666667,0.4444444444444444,100,0.0,75,1,0.013333333333333334,0.28,0.14666666666666667,0.5466666666666666,0.02666666666666667
C:\Users\hello\GitHubRepos\MA-NormEmergence\saved_runs\exp2_one_llm\qwen3_8b\cooperative\cooperative\seed_9,9,1,3,Qwen/Qwen3-8B,cooperative,cooperative,75,4,1.0,34.99999999999997,8.749999999999993,5.833333333333323,0.1666666666666669,44.0,11.0,0.0,145.0,5.833333333333323,5.833333333333323,11.0,1.0,1.0,29.166666666666647,9.722222222222216,11.0,3.0,1.0,-3.888888888888893,0.0,6.588888888888881,0.12752707517211354,75,0.28,0.14666666666666667,0.56,42,0.013333333333333334,225,0.39555555555555555,0.14666666666666667,0.4577777777777778,103,0.0,75,0,0.0,0.28,0.14666666666666667,0.56,0.013333333333333334
C:\Users\hello\GitHubRepos\MA-NormEmergence\saved_runs\exp2_one_llm\qwen3_8b\cooperative\self_interested\seed_1,1,1,3,Qwen/Qwen3-8B,cooperative,self_interested,75,4,1.0,157.49999999999983,39.37499999999996,29.16666666666662,0.101851851851852,66.0,14.0,0.05303030303030303,4.0,29.16666666666662,29.16666666666662,14.0,1.0,1.0,128.3333333333332,42.777777777777736,17.333333333333332,3.0,1.0,-13.611111111111114,0.0,24.166666666666643,0.11726578270132405,75,0.76,0.18666666666666668,0.05333333333333334,4,0.0,225,0.7688888888888888,0.2311111111111111,0.0,0,0.0,75,1,0.013333333333333334,0.76,0.18666666666666668,0.05333333333333334,0.0
C:\Users\hello\GitHubRepos\MA-NormEmergence\saved_runs\exp2_one_llm\qwen3_8b\cooperative\self_interested\seed_10,10,1,3,Qwen/Qwen3-8B,cooperative,self_interested,75,4,1.0,215.83333333333337,53.95833333333334,40.83333333333329,0.14189189189189255,75.0,16.0,0.08333333333333333,4.0,40.83333333333329,40.83333333333329,16.0,1.0,1.0,175.00000000000009,58.333333333333364,19.666666666666668,3.0,1.0,-17.50000000000007,0.0,35.13333333333332,0.11128422483583743,75,0.7333333333333333,0.21333333333333335,0.05333333333333334,4,0.0,225,0.7377777777777778,0.26222222222222225,0.0,0,0.0,75,1,0.013333333333333334,0.7333333333333333,0.21333333333333335,0.05333333333333334,0.0
C:\Users\hello\GitHubRepos\MA-NormEmergence\saved_runs\exp2_one_llm\qwen3_8b\cooperative\self_interested\seed_2,2,1,3,Qwen/Qwen3-8B,cooperative,self_interested,75,4,1.0,128.33333333333314,32.083333333333286,17.499999999999954,0.18181818181818216,62.0,13.0,0.06451612903225806,2.0,17.499999999999954,17.499999999999954,13.0,1.0,1.0,110.83333333333321,36.94444444444441,16.333333333333332,3.0,1.0,-19.444444444444454,0.0,18.177777777777756,0.13783942470118873,75,0.8,0.17333333333333334,0.02666666666666667,2,0.0,225,0.7822222222222223,0.21777777777777776,0.0,0,0.0,75,0,0.0,0.8,0.17333333333333334,0.02666666666666667,0.0
C:\Users\hello\GitHubRepos\MA-NormEmergence\saved_runs\exp2_one_llm\qwen3_8b\cooperative\self_interested\seed_3,3,1,3,Qwen/Qwen3-8B,cooperative,self_interested,75,4,1.0,192.4999999999999,48.12499999999997,17.499999999999954,0.15909090909090923,73.0,13.0,0.07191780821917808,2.0,17.499999999999954,17.499999999999954,13.0,1.0,1.0,174.9999999999999,58.33333333333329,20.0,3.0,1.0,-40.83333333333334,0.0,18.799999999999983,0.1446332499607698,75,0.8,0.17333333333333334,0.02666666666666667,2,0.0,225,0.7333333333333333,0.26666666666666666,0.0,0,0.0,75,1,0.013333333333333334,0.8,0.17333333333333334,0.02666666666666667,0.0
C:\Users\hello\GitHubRepos\MA-NormEmergence\saved_runs\exp2_one_llm\qwen3_8b\cooperative\self_interested\seed_4,4,1,3,Qwen/Qwen3-8B,cooperative,self_interested,75,4,1.0,233.33333333333354,58.333333333333385,29.16666666666662,0.13750000000000043,79.0,15.0,0.06645569620253164,3.0,29.16666666666662,29.16666666666662,15.0,1.0,1.0,204.1666666666669,68.05555555555564,21.333333333333332,3.0,1.0,-38.88888888888902,0.0,26.26666666666664,0.14665904067930113,75,0.76,0.2,0.04,3,0.0,225,0.7155555555555555,0.28444444444444444,0.0,0,0.0,75,1,0.013333333333333334,0.76,0.2,0.04,0.0
C:\Users\hello\GitHubRepos\MA-NormEmergence\saved_runs\exp2_one_llm\qwen3_8b\cooperative\self_interested\seed_5,5,1,3,Qwen/Qwen3-8B,cooperative,self_interested,75,4,1.0,256.66666666666686,64.16666666666671,52.499999999999964,0.07954545454545511,84.0,19.0,0.041666666666666664,6.0,52.499999999999964,52.499999999999964,19.0,1.0,1.0,204.1666666666669,68.05555555555564,21.666666666666668,3.0,1.0,-15.555555555555678,0.0,33.88888888888887,0.11396410902841332,75,0.6666666666666666,0.25333333333333335,0.08,6,0.0,225,0.7111111111111111,0.28888888888888886,0.0,0,0.0,75,0,0.0,0.6666666666666666,0.25333333333333335,0.08,0.0
C:\Users\hello\GitHubRepos\MA-NormEmergence\saved_runs\exp2_one_llm\qwen3_8b\cooperative\self_interested\seed_6,6,1,3,Qwen/Qwen3-8B,cooperative,self_interested,75,4,1.0,163.33333333333317,40.83333333333329,34.99999999999996,0.053571428571428645,68.0,16.0,0.022058823529411766,4.0,34.99999999999996,34.99999999999996,16.0,1.0,1.0,128.3333333333332,42.777777777777736,17.333333333333332,3.0,1.0,-7.777777777777779,0.0,34.51111111111109,0.06457454606807253,75,0.7333333333333333,0.21333333333333335,0.05333333333333334,4,0.0,225,0.7688888888888888,0.2311111111111111,0.0,0,0.0,75,0,0.0,0.7333333333333333,0.21333333333333335,0.05333333333333334,0.0
C:\Users\hello\GitHubRepos\MA-NormEmergence\saved_runs\exp2_one_llm\qwen3_8b\cooperative\self_interested\seed_7,7,1,3,Qwen/Qwen3-8B,cooperative,self_interested,75,4,1.0,256.6666666666667,64.16666666666667,58.3333333333333,0.04545454545454596,83.0,19.0,0.03313253012048193,2.0,58.3333333333333,58.3333333333333,19.0,1.0,1.0,198.33333333333343,66.11111111111114,21.333333333333332,3.0,1.0,-7.7777777777778425,0.0,38.16666666666666,0.08833091485376646,75,0.72,0.25333333333333335,0.02666666666666667,2,0.0,225,0.7155555555555555,0.28444444444444444,0.0,0,0.0,75,1,0.013333333333333334,0.72,0.25333333333333335,0.02666666666666667,0.0
C:\Users\hello\GitHubRepos\MA-NormEmergence\saved_runs\exp2_one_llm\qwen3_8b\cooperative\self_interested\seed_8,8,1,3,Qwen/Qwen3-8B,cooperative,self_interested,75,4,1.0,274.166666666667,68.54166666666676,46.66666666666663,0.11170212765957525,87.0,18.0,0.0603448275862069,2.0,46.66666666666663,46.66666666666663,18.0,1.0,1.0,227.5000000000004,75.83333333333347,23.0,3.0,1.0,-29.166666666666842,0.0,37.23333333333331,0.1176926334087797,75,0.7333333333333333,0.24,0.02666666666666667,2,0.0,225,0.6933333333333334,0.30666666666666664,0.0,0,0.0,75,0,0.0,0.7333333333333333,0.24,0.02666666666666667,0.0
C:\Users\hello\GitHubRepos\MA-NormEmergence\saved_runs\exp2_one_llm\qwen3_8b\cooperative\self_interested\seed_9,9,1,3,Qwen/Qwen3-8B,cooperative,self_interested,75,4,1.0,256.66666666666674,64.16666666666669,58.3333333333333,0.03409090909090951,83.0,20.0,0.02108433734939759,4.0,58.3333333333333,58.3333333333333,20.0,1.0,1.0,198.33333333333346,66.11111111111116,21.0,3.0,1.0,-7.777777777777857,0.0,37.699999999999996,0.0802029270051501,75,0.68,0.26666666666666666,0.05333333333333334,4,0.0,225,0.72,0.28,0.0,0,0.0,75,1,0.013333333333333334,0.68,0.26666666666666666,0.05333333333333334,0.0
C:\Users\hello\GitHubRepos\MA-NormEmergence\saved_runs\exp2_one_llm\qwen3_8b\self_interested\altruistic\seed_1,1,1,3,Qwen/Qwen3-8B,self_interested,altruistic,75,1,0.25,46.66666666666663,11.666666666666657,0.0,0.75,41.0,7.0,0.20121951219512196,66.0,46.66666666666663,46.66666666666663,18.0,1.0,1.0,0.0,0.0,7.666666666666667,0.0,0.0,46.66666666666663,1.0,5.482222222222218,0.4582911127272319,75,0.76,0.24,0.0,0,0.0,186,0.521505376344086,0.12365591397849462,0.3548387096774194,66,0.0,75,0,0.0,0.76,0.24,0.0,0.0
C:\Users\hello\GitHubRepos\MA-NormEmergence\saved_runs\exp2_one_llm\qwen3_8b\self_interested\altruistic\seed_10,10,1,3,Qwen/Qwen3-8B,self_interested,altruistic,75,1,0.25,93.33333333333351,23.33333333333338,0.0,0.7500000000000001,53.0,9.0,0.23113207547169812,78.0,93.33333333333351,93.33333333333351,25.0,1.0,1.0,0.0,0.0,9.333333333333334,0.0,0.0,93.33333333333351,1.0,6.466666666666661,0.4587881384856621,75,0.6533333333333333,0.3333333333333333,0.0,0,0.013333333333333334,215,0.5069767441860465,0.13023255813953488,0.3627906976744186,78,0.0,75,1,0.013333333333333334,0.6533333333333333,0.3333333333333333,0.0,0.013333333333333334
C:\Users\hello\GitHubRepos\MA-NormEmergence\saved_runs\exp2_one_llm\qwen3_8b\self_interested\altruistic\seed_2,2,1,3,Qwen/Qwen3-8B,self_interested,altruistic,75,2,0.5,110.83333333333337,27.708333333333343,0.0,0.7236842105263159,45.0,2.0,0.45,64.0,105.00000000000004,105.00000000000004,27.0,1.0,1.0,5.833333333333327,1.9444444444444422,6.0,1.0,0.3333333333333333,103.0555555555556,0.6666666666666667,2.6755555555555537,0.5322741374552831,75,0.64,0.36,0.0,0,0.0,150,0.4533333333333333,0.12,0.4266666666666667,64,0.0,75,1,0.013333333333333334,0.64,0.36,0.0,0.0
C:\Users\hello\GitHubRepos\MA-NormEmergence\saved_runs\exp2_one_llm\qwen3_8b\self_interested\altruistic\seed_3,3,1,3,Qwen/Qwen3-8B,self_interested,altruistic,75,4,1.0,110.83333333333346,27.708333333333364,5.833333333333327,0.5131578947368426,57.0,11.0,0.17105263157894737,115.0,81.66666666666681,81.66666666666681,24.0,1.0,1.0,29.166666666666647,9.722222222222216,11.0,3.0,1.0,71.9444444444446,0.0,7.755555555555552,0.40840209610996814,75,0.68,0.32,0.0,0,0.0,225,0.3422222222222222,0.14666666666666667,0.5111111111111111,115,0.0,75,0,0.0,0.68,0.32,0.0,0.0
C:\Users\hello\GitHubRepos\MA-NormEmergence\saved_runs\exp2_one_llm\qwen3_8b\self_interested\altruistic\seed_4,4,1,3,Qwen/Qwen3-8B,self_interested,altruistic,75,4,1.0,99.16666666666683,24.791666666666707,5.833333333333327,0.4852941176470595,55.0,11.0,0.15,95.0,70.00000000000018,70.00000000000018,22.0,1.0,1.0,29.16666666666665,9.722222222222216,11.0,3.0,1.0,60.27777777777797,0.0,6.9777777777777725,0.43304120748531705,75,0.7066666666666667,0.29333333333333333,0.0,0,0.0,225,0.4311111111111111,0.14666666666666667,0.4222222222222222,95,0.0,75,0,0.0,0.7066666666666667,0.29333333333333333,0.0,0.0
C:\Users\hello\GitHubRepos\MA-NormEmergence\saved_runs\exp2_one_llm\qwen3_8b\self_interested\altruistic\seed_5,5,1,3,Qwen/Qwen3-8B,self_interested,altruistic,75,2,0.5,75.83333333333336,18.95833333333334,0.0,0.7115384615384617,51.0,9.0,0.20098039215686275,106.0,70.00000000000003,70.00000000000003,22.0,1.0,1.0,5.833333333333327,1.9444444444444422,9.666666666666666,1.0,0.3333333333333333,68.05555555555559,0.6666666666666667,6.855555555555549,0.39860207666253955,75,0.7066666666666667,0.29333333333333333,0.0,0,0.0,215,0.37209302325581395,0.13488372093023257,0.4930232558139535,106,0.0,75,0,0.0,0.7066666666666667,0.29333333333333333,0.0,0.0
C:\Users\hello\GitHubRepos\MA-NormEmergence\saved_runs\exp2_one_llm\qwen3_8b\self_interested\altruistic\seed_6,6,1,3,Qwen/Qwen3-8B,self_interested,altruistic,75,4,1.0,110.83333333333337,27.708333333333343,5.833333333333327,0.5657894736842107,58.0,11.0,0.1810344827586207,106.0,87.50000000000006,87.50000000000006,25.0,1.0,1.0,23.333333333333314,7.7777777777777715,11.0,3.0,1.0,79.72222222222229,0.0,7.44444444444444,0.40936863732619394,75,0.6666666666666666,0.3333333333333333,0.0,0,0.0,225,0.38222222222222224,0.14666666666666667,0.4711111111111111,106,0.0,75,0,0.0,0.6666666666666666,0.3333333333333333,0.0,0.0
C:\Users\hello\GitHubRepos\MA-NormEmergence\saved_runs\exp2_one_llm\qwen3_8b\self_interested\altruistic\seed_7,7,1,3,Qwen/Qwen3-8B,self_interested,altruistic,75,4,1.0,99.16666666666674,24.791666666666686,5.833333333333327,0.48529411764705926,55.0,11.0,0.15,130.0,70.0000000000001,70.0000000000001,22.0,1.0,1.0,29.166666666666647,9.722222222222216,11.0,3.0,1.0,60.277777777777885,0.0,8.455555555555552,0.3893823606499553,75,0.7066666666666667,0.29333333333333333,0.0,0,0.0,225,0.27555555555555555,0.14666666666666667,0.5777777777777777,130,0.0,75,0,0.0,0.7066666666666667,0.29333333333333333,0.0,0.0
C:\Users\hello\GitHubRepos\MA-NormEmergence\saved_runs\exp2_one_llm\qwen3_8b\self_interested\altruistic\seed_8,8,1,3,Qwen/Qwen3-8B,self_interested,altruistic,75,2,0.5,75.8333333333334,18.95833333333335,0.0,0.7115384615384616,51.0,9.0,0.20098039215686275,105.0,70.00000000000007,70.00000000000007,22.0,1.0,1.0,5.833333333333327,1.9444444444444422,9.666666666666666,1.0,0.3333333333333333,68.05555555555563,0.6666666666666667,7.088888888888884,0.4105345845389517,75,0.7066666666666667,0.29333333333333333,0.0,0,0.0,215,0.3767441860465116,0.13488372093023257,0.4883720930232558,105,0.0,75,0,0.0,0.7066666666666667,0.29333333333333333,0.0,0.0
C:\Users\hello\GitHubRepos\MA-NormEmergence\saved_runs\exp2_one_llm\qwen3_8b\self_interested\altruistic\seed_9,9,1,3,Qwen/Qwen3-8B,self_interested,altruistic,75,2,0.5,40.833333333333286,10.208333333333321,0.0,0.6785714285714285,35.0,3.0,0.32142857142857145,59.0,34.99999999999996,34.99999999999996,16.0,1.0,1.0,5.833333333333327,1.9444444444444422,6.333333333333333,1.0,0.3333333333333333,33.055555555555515,0.6666666666666667,3.744444444444442,0.48554186235351326,75,0.7866666666666666,0.21333333333333335,0.0,0,0.0,156,0.5,0.12179487179487179,0.3782051282051282,59,0.0,75,0,0.0,0.7866666666666666,0.21333333333333335,0.0,0.0
C:\Users\hello\GitHubRepos\MA-NormEmergence\saved_runs\exp2_one_llm\qwen3_8b\self_interested\cooperative\seed_1,1,1,3,Qwen/Qwen3-8B,self_interested,cooperative,75,2,0.5,87.50000000000006,21.875000000000014,0.0,0.7166666666666667,55.0,10.0,0.19545454545454546,119.0,81.66666666666673,81.66666666666673,24.0,1.0,1.0,5.833333333333327,1.9444444444444422,10.333333333333334,1.0,0.3333333333333333,79.72222222222229,0.6666666666666667,8.611111111111105,0.36555223376263923,75,0.68,0.32,0.0,0,0.0,225,0.3333333333333333,0.13777777777777778,0.5288888888888889,119,0.0,75,2,0.02666666666666667,0.68,0.32,0.0,0.0
C:\Users\hello\GitHubRepos\MA-NormEmergence\saved_runs\exp2_one_llm\qwen3_8b\self_interested\cooperative\seed_10,10,1,3,Qwen/Qwen3-8B,self_interested,cooperative,75,4,1.0,110.8333333333334,27.70833333333335,5.833333333333327,0.5131578947368425,57.0,11.0,0.17105263157894737,115.0,81.66666666666676,81.66666666666676,24.0,1.0,1.0,29.16666666666665,9.722222222222216,11.0,3.0,1.0,71.94444444444454,0.0,7.44444444444444,0.4063417454457943,75,0.68,0.32,0.0,0,0.0,225,0.3422222222222222,0.14666666666666667,0.5111111111111111,115,0.0,75,0,0.0,0.68,0.32,0.0,0.0
C:\Users\hello\GitHubRepos\MA-NormEmergence\saved_runs\exp2_one_llm\qwen3_8b\self_interested\cooperative\seed_2,2,1,3,Qwen/Qwen3-8B,self_interested,cooperative,75,3,0.75,93.33333333333336,23.33333333333334,0.0,0.65625,52.0,6.0,0.25961538461538464,86.0,81.6666666666667,81.6666666666667,24.0,1.0,1.0,11.666666666666654,3.8888888888888844,9.333333333333334,2.0,0.6666666666666666,77.77777777777781,0.33333333333333337,5.319999999999996,0.4383458007362363,75,0.68,0.32,0.0,0,0.0,202,0.43564356435643564,0.13861386138613863,0.42574257425742573,86,0.0,75,0,0.0,0.68,0.32,0.0,0.0
C:\Users\hello\GitHubRepos\MA-NormEmergence\saved_runs\exp2_one_llm\qwen3_8b\self_interested\cooperative\seed_3,3,1,3,Qwen/Qwen3-8B,self_interested,cooperative,75,4,1.0,122.50000000000016,30.62500000000004,5.833333333333327,0.5833333333333337,59.0,11.0,0.1906779661016949,130.0,99.16666666666684,99.16666666666684,26.0,1.0,1.0,23.333333333333314,7.7777777777777715,11.0,3.0,1.0,91.38888888888907,0.0,8.377777777777773,0.4112101807685403,75,0.6533333333333333,0.3466666666666667,0.0,0,0.0,225,0.27555555555555555,0.14666666666666667,0.5777777777777777,130,0.0,75,0,0.0,0.6533333333333333,0.3466666666666667,0.0,0.0
C:\Users\hello\GitHubRepos\MA-NormEmergence\saved_runs\exp2_one_llm\qwen3_8b\self_interested\cooperative\seed_4,4,1,3,Qwen/Qwen3-8B,self_interested,cooperative,75,4,1.0,110.83333333333348,27.70833333333337,5.833333333333327,0.5131578947368426,56.0,11.0,0.16071428571428573,120.0,81.66666666666684,81.66666666666684,23.0,1.0,1.0,29.166666666666647,9.722222222222216,11.0,3.0,1.0,71.94444444444463,0.0,7.833333333333329,0.41419939638566305,75,0.6933333333333334,0.30666666666666664,0.0,0,0.0,225,0.32,0.14666666666666667,0.5333333333333333,120,0.0,75,0,0.0,0.6933333333333334,0.30666666666666664,0.0,0.0
C:\Users\hello\GitHubRepos\MA-NormEmergence\saved_runs\exp2_one_llm\qwen3_8b\self_interested\cooperative\seed_5,5,1,3,Qwen/Qwen3-8B,self_interested,cooperative,75,3,0.75,99.16666666666674,24.791666666666686,0.0,0.6617647058823531,56.0,10.0,0.1875,129.0,87.50000000000009,87.50000000000009,24.0,1.0,1.0,11.666666666666654,3.8888888888888844,10.666666666666666,2.0,0.6666666666666666,83.6111111111112,0.33333333333333337,8.299999999999994,0.36922026543732883,75,0.68,0.32,0.0,0,0.0,225,0.28444444444444444,0.14222222222222222,0.5733333333333334,129,0.0,75,0,0.0,0.68,0.32,0.0,0.0
C:\Users\hello\GitHubRepos\MA-NormEmergence\saved_runs\exp2_one_llm\qwen3_8b\self_interested\cooperative\seed_6,6,1,3,Qwen/Qwen3-8B,self_interested,cooperative,75,2,0.5,64.16666666666663,16.041666666666657,0.0,0.6590909090909091,41.0,6.0,0.25,75.0,52.499999999999964,52.499999999999964,18.0,1.0,1.0,11.66666666666666,3.888888888888887,7.666666666666667,1.0,0.3333333333333333,48.61111111111108,0.6666666666666667,4.9311111111111074,0.45177858142840116,75,0.76,0.24,0.0,0,0.0,179,0.45251396648044695,0.12849162011173185,0.41899441340782123,75,0.0,75,0,0.0,0.76,0.24,0.0,0.0
C:\Users\hello\GitHubRepos\MA-NormEmergence\saved_runs\exp2_one_llm\qwen3_8b\self_interested\cooperative\seed_7,7,1,3,Qwen/Qwen3-8B,self_interested,cooperative,75,3,0.75,64.16666666666661,16.041666666666654,0.0,0.6136363636363636,51.0,10.0,0.1323529411764706,105.0,52.499999999999964,52.499999999999964,19.0,1.0,1.0,11.666666666666654,3.8888888888888844,10.666666666666666,2.0,0.6666666666666666,48.61111111111108,0.33333333333333337,9.077777777777772,0.3652682791779409,75,0.7466666666666667,0.25333333333333335,0.0,0,0.0,225,0.39111111111111113,0.14222222222222222,0.4666666666666667,105,0.0,75,1,0.013333333333333334,0.7466666666666667,0.25333333333333335,0.0,0.0
C:\Users\hello\GitHubRepos\MA-NormEmergence\saved_runs\exp2_one_llm\qwen3_8b\self_interested\cooperative\seed_8,8,1,3,Qwen/Qwen3-8B,self_interested,cooperative,75,2,0.5,81.66666666666669,20.41666666666667,0.0,0.7142857142857142,49.0,5.0,0.28061224489795916,88.0,75.83333333333336,75.83333333333336,23.0,1.0,1.0,5.833333333333327,1.9444444444444422,8.666666666666666,1.0,0.3333333333333333,73.88888888888891,0.6666666666666667,4.366666666666664,0.4793671252017314,75,0.6933333333333334,0.30666666666666664,0.0,0,0.0,196,0.41836734693877553,0.1326530612244898,0.4489795918367347,88,0.0,75,0,0.0,0.6933333333333334,0.30666666666666664,0.0,0.0
C:\Users\hello\GitHubRepos\MA-NormEmergence\saved_runs\exp2_one_llm\qwen3_8b\self_interested\cooperative\seed_9,9,1,3,Qwen/Qwen3-8B,self_interested,cooperative,75,4,1.0,87.49999999999994,21.874999999999986,5.833333333333327,0.5166666666666667,53.0,11.0,0.12735849056603774,124.0,64.16666666666663,64.16666666666663,20.0,1.0,1.0,23.333333333333314,7.7777777777777715,11.0,3.0,1.0,56.38888888888886,0.0,8.611111111111107,0.3320311402842006,75,0.7333333333333333,0.26666666666666666,0.0,0,0.0,225,0.3022222222222222,0.14666666666666667,0.5511111111111111,124,0.0,75,0,0.0,0.7333333333333333,0.26666666666666666,0.0,0.0
C:\Users\hello\GitHubRepos\MA-NormEmergence\saved_runs\exp2_one_llm\qwen3_8b\self_interested\self_interested\seed_1,1,1,3,Qwen/Qwen3-8B,self_interested,self_interested,75,4,1.0,174.99999999999983,43.74999999999996,29.16666666666662,0.1666666666666669,68.0,15.0,0.058823529411764705,0.0,58.3333333333333,58.3333333333333,19.0,1.0,1.0,116.66666666666654,38.88888888888885,16.333333333333332,3.0,1.0,19.44444444444445,0.0,25.17777777777775,0.09361414719293139,75,0.7466666666666667,0.25333333333333335,0.0,0,0.0,225,0.7822222222222223,0.21777777777777776,0.0,0,0.0,75,2,0.02666666666666667,0.7466666666666667,0.25333333333333335,0.0,0.0
C:\Users\hello\GitHubRepos\MA-NormEmergence\saved_runs\exp2_one_llm\qwen3_8b\self_interested\self_interested\seed_10,10,1,3,Qwen/Qwen3-8B,self_interested,self_interested,75,4,1.0,209.99999999999991,52.49999999999998,46.66666666666663,0.04166666666666684,76.0,18.0,0.019736842105263157,0.0,52.499999999999964,52.499999999999964,19.0,1.0,1.0,157.49999999999991,52.49999999999997,19.0,3.0,1.0,-7.105427357601002e-15,0.0,42.13333333333332,0.05054588471711185,75,0.7466666666666667,0.25333333333333335,0.0,0,0.0,225,0.7466666666666667,0.25333333333333335,0.0,0,0.0,75,0,0.0,0.7466666666666667,0.25333333333333335,0.0,0.0
C:\Users\hello\GitHubRepos\MA-NormEmergence\saved_runs\exp2_one_llm\qwen3_8b\self_interested\self_interested\seed_2,2,1,3,Qwen/Qwen3-8B,self_interested,self_interested,75,3,0.75,52.499999999999865,13.124999999999966,0.0,0.41666666666666713,45.0,6.0,0.15,0.0,23.33333333333329,23.33333333333329,14.0,1.0,1.0,29.166666666666575,9.722222222222191,10.333333333333334,2.0,0.6666666666666666,13.611111111111098,0.33333333333333337,11.153333333333324,0.22720906319401213,75,0.8133333333333334,0.18666666666666668,0.0,0,0.0,202,0.8465346534653465,0.15346534653465346,0.0,0,0.0,75,0,0.0,0.8133333333333334,0.18666666666666668,0.0,0.0
C:\Users\hello\GitHubRepos\MA-NormEmergence\saved_runs\exp2_one_llm\qwen3_8b\self_interested\self_interested\seed_3,3,1,3,Qwen/Qwen3-8B,self_interested,self_interested,75,4,1.0,145.83333333333317,36.45833333333329,23.33333333333329,0.19000000000000028,65.0,14.0,0.07307692307692308,0.0,52.499999999999964,52.499999999999964,19.0,1.0,1.0,93.3333333333332,31.111111111111068,15.333333333333334,3.0,1.0,21.388888888888896,0.0,31.011111111111102,0.09969578118636503,75,0.7466666666666667,0.25333333333333335,0.0,0,0.0,225,0.7955555555555556,0.20444444444444446,0.0,0,0.0,75,1,0.013333333333333334,0.7466666666666667,0.25333333333333335,0.0,0.0
C:\Users\hello\GitHubRepos\MA-NormEmergence\saved_runs\exp2_one_llm\qwen3_8b\self_interested\self_interested\seed_4,4,1,3,Qwen/Qwen3-8B,self_interested,self_interested,75,4,1.0,169.16666666666652,42.29166666666663,34.99999999999996,0.11206896551724153,69.0,16.0,0.04710144927536232,0.0,58.3333333333333,58.3333333333333,20.0,1.0,1.0,110.83333333333321,36.94444444444441,16.333333333333332,3.0,1.0,21.388888888888893,0.0,28.28888888888887,0.08561614623759578,75,0.7333333333333333,0.26666666666666666,0.0,0,0.0,225,0.7822222222222223,0.21777777777777776,0.0,0,0.0,75,0,0.0,0.7333333333333333,0.26666666666666666,0.0,0.0
C:\Users\hello\GitHubRepos\MA-NormEmergence\saved_runs\exp2_one_llm\qwen3_8b\self_interested\self_interested\seed_5,5,1,3,Qwen/Qwen3-8B,self_interested,self_interested,75,4,1.0,250.83333333333363,62.70833333333341,58.3333333333333,0.05232558139534969,83.0,20.0,0.02710843373493976,0.0,75.83333333333356,75.83333333333356,23.0,1.0,1.0,175.00000000000006,58.33333333333335,20.0,3.0,1.0,17.500000000000206,0.0,41.51111111111109,0.08306675891618875,75,0.6933333333333334,0.30666666666666664,0.0,0,0.0,225,0.7333333333333333,0.26666666666666666,0.0,0,0.0,75,0,0.0,0.6933333333333334,0.30666666666666664,0.0,0.0
C:\Users\hello\GitHubRepos\MA-NormEmergence\saved_runs\exp2_one_llm\qwen3_8b\self_interested\self_interested\seed_6,6,1,3,Qwen/Qwen3-8B,self_interested,self_interested,75,4,1.0,163.33333333333317,40.83333333333329,34.99999999999996,0.053571428571428645,67.0,16.0,0.011194029850746268,1.0,40.83333333333329,40.83333333333329,17.0,1.0,1.0,122.49999999999989,40.83333333333329,16.666666666666668,3.0,1.0,0.0,0.0,31.86666666666665,0.06747723821057533,75,0.76,0.22666666666666666,0.013333333333333334,1,0.0,225,0.7777777777777778,0.2222222222222222,0.0,0,0.0,75,0,0.0,0.76,0.22666666666666666,0.013333333333333334,0.0
C:\Users\hello\GitHubRepos\MA-NormEmergence\saved_runs\exp2_one_llm\qwen3_8b\self_interested\self_interested\seed_7,7,1,3,Qwen/Qwen3-8B,self_interested,self_interested,75,4,1.0,233.3333333333336,58.3333333333334,29.16666666666662,0.18750000000000083,79.0,15.0,0.09177215189873418,0.0,52.499999999999964,52.499999999999964,19.0,1.0,1.0,180.83333333333366,60.277777777777885,20.0,3.0,1.0,-7.777777777777921,0.0,35.366666666666646,0.12170045303294882,75,0.7466666666666667,0.25333333333333335,0.0,0,0.0,225,0.7333333333333333,0.26666666666666666,0.0,0,0.0,75,0,0.0,0.7466666666666667,0.25333333333333335,0.0,0.0
C:\Users\hello\GitHubRepos\MA-NormEmergence\saved_runs\exp2_one_llm\qwen3_8b\self_interested\self_interested\seed_8,8,1,3,Qwen/Qwen3-8B,self_interested,self_interested,75,4,1.0,186.66666666666652,46.66666666666663,34.99999999999996,0.1250000000000001,70.0,16.0,0.05,0.0,34.99999999999996,34.99999999999996,16.0,1.0,1.0,151.66666666666654,50.555555555555515,18.0,3.0,1.0,-15.555555555555557,0.0,33.73333333333332,0.08750017825327291,75,0.7733333333333333,0.21333333333333335,0.0,0,0.013333333333333334,225,0.76,0.24,0.0,0,0.0,75,0,0.0,0.7733333333333333,0.21333333333333335,0.0,0.013333333333333334
C:\Users\hello\GitHubRepos\MA-NormEmergence\saved_runs\exp2_one_llm\qwen3_8b\self_interested\self_interested\seed_9,9,1,3,Qwen/Qwen3-8B,self_interested,self_interested,75,4,1.0,227.50000000000009,56.87500000000002,46.66666666666663,0.09615384615384659,79.0,18.0,0.04746835443037975,0.0,64.16666666666677,64.16666666666677,21.0,1.0,1.0,163.33333333333331,54.444444444444436,19.333333333333332,3.0,1.0,9.722222222222335,0.0,41.51111111111109,0.060098491657660486,75,0.72,0.28,0.0,0,0.0,225,0.7422222222222222,0.2577777777777778,0.0,0,0.0,75,0,0.0,0.72,0.28,0.0,0.0
C:\Users\hello\GitHubRepos\MA-NormEmergence\saved_runs\exp2_one_llm\qwen3_8b\unframed\altruistic\seed_1,1,1,3,Qwen/Qwen3-8B,unframed,altruistic,75,4,1.0,75.83333333333329,18.95833333333332,5.833333333333327,0.48076923076923084,52.0,11.0,0.11538461538461539,112.0,52.499999999999964,52.499999999999964,19.0,1.0,1.0,23.333333333333314,7.7777777777777715,11.0,3.0,1.0,44.72222222222219,0.0,7.211111111111107,0.3779575140297791,75,0.7466666666666667,0.25333333333333335,0.0,0,0.0,225,0.35555555555555557,0.14666666666666667,0.49777777777777776,112,0.0,75,1,0.013333333333333334,0.7466666666666667,0.25333333333333335,0.0,0.0
C:\Users\hello\GitHubRepos\MA-NormEmergence\saved_runs\exp2_one_llm\qwen3_8b\unframed\altruistic\seed_10,10,1,3,Qwen/Qwen3-8B,unframed,altruistic,75,4,1.0,87.49999999999994,21.874999999999986,5.833333333333327,0.45000000000000007,53.0,11.0,0.12735849056603774,97.0,58.3333333333333,58.3333333333333,20.0,1.0,1.0,29.166666666666647,9.722222222222216,11.0,3.0,1.0,48.611111111111086,0.0,7.211111111111107,0.40590014911184796,75,0.7333333333333333,0.26666666666666666,0.0,0,0.0,225,0.4222222222222222,0.14666666666666667,0.4311111111111111,97,0.0,75,3,0.04,0.7333333333333333,0.26666666666666666,0.0,0.0
C:\Users\hello\GitHubRepos\MA-NormEmergence\saved_runs\exp2_one_llm\qwen3_8b\unframed\altruistic\seed_2,2,1,3,Qwen/Qwen3-8B,unframed,altruistic,75,3,0.75,75.83333333333329,18.95833333333332,0.0,0.5192307692307692,49.0,8.0,0.1683673469387755,115.0,52.499999999999964,52.499999999999964,19.0,1.0,1.0,23.33333333333332,7.777777777777774,10.0,2.0,0.6666666666666666,44.72222222222219,0.33333333333333337,6.719999999999995,0.3742565209019564,75,0.7466666666666667,0.25333333333333335,0.0,0,0.0,214,0.32242990654205606,0.14018691588785046,0.5373831775700935,115,0.0,75,1,0.013333333333333334,0.7466666666666667,0.25333333333333335,0.0,0.0
C:\Users\hello\GitHubRepos\MA-NormEmergence\saved_runs\exp2_one_llm\qwen3_8b\unframed\altruistic\seed_3,3,1,3,Qwen/Qwen3-8B,unframed,altruistic,75,4,1.0,134.16666666666674,33.541666666666686,5.833333333333327,0.5326086956521741,59.0,11.0,0.1906779661016949,129.0,99.16666666666676,99.16666666666676,26.0,1.0,1.0,34.999999999999986,11.666666666666663,11.0,3.0,1.0,87.5000000000001,0.0,7.988888888888885,0.4106496949126604,75,0.6533333333333333,0.3466666666666667,0.0,0,0.0,225,0.28,0.14666666666666667,0.5733333333333334,129,0.0,75,0,0.0,0.6533333333333333,0.3466666666666667,0.0,0.0
C:\Users\hello\GitHubRepos\MA-NormEmergence\saved_runs\exp2_one_llm\qwen3_8b\unframed\altruistic\seed_4,4,1,3,Qwen/Qwen3-8B,unframed,altruistic,75,4,1.0,105.00000000000009,26.25000000000002,5.833333333333327,0.5000000000000004,55.0,11.0,0.15,105.0,75.83333333333344,75.83333333333344,22.0,1.0,1.0,29.166666666666647,9.722222222222216,11.0,3.0,1.0,66.11111111111123,0.0,7.133333333333328,0.4199026225098757,75,0.7066666666666667,0.29333333333333333,0.0,0,0.0,225,0.38666666666666666,0.14666666666666667,0.4666666666666667,105,0.0,75,0,0.0,0.7066666666666667,0.29333333333333333,0.0,0.0
C:\Users\hello\GitHubRepos\MA-NormEmergence\saved_runs\exp2_one_llm\qwen3_8b\unframed\altruistic\seed_5,5,1,3,Qwen/Qwen3-8B,unframed,altruistic,75,4,1.0,128.33333333333343,32.08333333333336,5.833333333333327,0.5454545454545459,60.0,11.0,0.2,124.0,99.1666666666668,99.1666666666668,27.0,1.0,1.0,29.16666666666665,9.722222222222216,11.0,3.0,1.0,89.44444444444458,0.0,8.14444444444444,0.40189988774918906,75,0.64,0.36,0.0,0,0.0,225,0.3022222222222222,0.14666666666666667,0.5511111111111111,124,0.0,75,1,0.013333333333333334,0.64,0.36,0.0,0.0
C:\Users\hello\GitHubRepos\MA-NormEmergence\saved_runs\exp2_one_llm\qwen3_8b\unframed\altruistic\seed_6,6,1,3,Qwen/Qwen3-8B,unframed,altruistic,75,2,0.5,69.99999999999996,17.49999999999999,0.0,0.7083333333333333,50.0,8.0,0.2,105.0,64.16666666666663,64.16666666666663,21.0,1.0,1.0,5.833333333333327,1.9444444444444422,9.666666666666666,1.0,0.3333333333333333,62.222222222222186,0.6666666666666667,6.564444444444439,0.3975271684891774,75,0.7066666666666667,0.28,0.013333333333333334,1,0.0,214,0.37850467289719625,0.13551401869158877,0.48598130841121495,104,0.0,75,2,0.02666666666666667,0.7066666666666667,0.28,0.013333333333333334,0.0
C:\Users\hello\GitHubRepos\MA-NormEmergence\saved_runs\exp2_one_llm\qwen3_8b\unframed\altruistic\seed_7,7,1,3,Qwen/Qwen3-8B,unframed,altruistic,75,3,0.75,93.3333333333335,23.333333333333375,0.0,0.6562500000000002,56.0,10.0,0.1875,120.0,81.66666666666684,81.66666666666684,24.0,1.0,1.0,11.666666666666654,3.8888888888888844,10.666666666666666,2.0,0.6666666666666666,77.77777777777796,0.33333333333333337,7.911111111111105,0.4182330154229117,75,0.68,0.32,0.0,0,0.0,225,0.3244444444444444,0.14222222222222222,0.5333333333333333,120,0.0,75,2,0.02666666666666667,0.68,0.32,0.0,0.0
C:\Users\hello\GitHubRepos\MA-NormEmergence\saved_runs\exp2_one_llm\qwen3_8b\unframed\altruistic\seed_8,8,1,3,Qwen/Qwen3-8B,unframed,altruistic,75,2,0.5,75.83333333333341,18.958333333333353,0.0,0.7115384615384617,53.0,10.0,0.17452830188679244,112.0,70.00000000000009,70.00000000000009,22.0,1.0,1.0,5.833333333333327,1.9444444444444422,10.333333333333334,1.0,0.3333333333333333,68.05555555555564,0.6666666666666667,7.366666666666661,0.39871710803259597,75,0.7066666666666667,0.29333333333333333,0.0,0,0.0,225,0.36444444444444446,0.13777777777777778,0.49777777777777776,112,0.0,75,0,0.0,0.7066666666666667,0.29333333333333333,0.0,0.0
C:\Users\hello\GitHubRepos\MA-NormEmergence\saved_runs\exp2_one_llm\qwen3_8b\unframed\altruistic\seed_9,9,1,3,Qwen/Qwen3-8B,unframed,altruistic,75,4,1.0,128.33333333333337,32.08333333333334,5.833333333333327,0.5454545454545455,59.0,11.0,0.1906779661016949,96.0,99.16666666666671,99.16666666666671,26.0,1.0,1.0,29.166666666666647,9.722222222222216,11.0,3.0,1.0,89.4444444444445,0.0,7.211111111111106,0.4281595070669575,75,0.6533333333333333,0.3466666666666667,0.0,0,0.0,225,0.4266666666666667,0.14666666666666667,0.4266666666666667,96,0.0,75,3,0.04,0.6533333333333333,0.3466666666666667,0.0,0.0
C:\Users\hello\GitHubRepos\MA-NormEmergence\saved_runs\exp2_one_llm\qwen3_8b\unframed\cooperative\seed_1,1,1,3,Qwen/Qwen3-8B,unframed,cooperative,75,3,0.75,99.16666666666679,24.791666666666696,0.0,0.6323529411764709,52.0,8.0,0.20192307692307693,104.0,81.6666666666668,81.6666666666668,22.0,1.0,1.0,17.499999999999986,5.833333333333329,10.0,2.0,0.6666666666666666,75.83333333333347,0.33333333333333337,12.708888888888882,0.33903380099542657,75,0.68,0.29333333333333333,0.013333333333333334,1,0.013333333333333334,214,0.37850467289719625,0.14018691588785046,0.48130841121495327,103,0.0,75,2,0.02666666666666667,0.68,0.29333333333333333,0.013333333333333334,0.013333333333333334
C:\Users\hello\GitHubRepos\MA-NormEmergence\saved_runs\exp2_one_llm\qwen3_8b\unframed\cooperative\seed_10,10,1,3,Qwen/Qwen3-8B,unframed,cooperative,75,1,0.25,52.499999999999964,13.124999999999991,0.0,0.75,41.0,6.0,0.25,90.0,52.499999999999964,52.499999999999964,19.0,1.0,1.0,0.0,0.0,7.333333333333333,0.0,0.0,52.499999999999964,1.0,5.708888888888884,0.4182940878513915,75,0.7466666666666667,0.25333333333333335,0.0,0,0.0,180,0.37777777777777777,0.12222222222222222,0.5,90,0.0,75,0,0.0,0.7466666666666667,0.25333333333333335,0.0,0.0
C:\Users\hello\GitHubRepos\MA-NormEmergence\saved_runs\exp2_one_llm\qwen3_8b\unframed\cooperative\seed_2,2,1,3,Qwen/Qwen3-8B,unframed,cooperative,75,1,0.25,87.50000000000013,21.875000000000032,0.0,0.75,53.0,9.0,0.21226415094339623,92.0,87.50000000000013,87.50000000000013,24.0,1.0,1.0,0.0,0.0,9.666666666666666,0.0,0.0,87.50000000000013,1.0,7.399999999999994,0.41307770366107743,75,0.68,0.32,0.0,0,0.0,220,0.45,0.1318181818181818,0.41818181818181815,92,0.0,75,4,0.05333333333333334,0.68,0.32,0.0,0.0
C:\Users\hello\GitHubRepos\MA-NormEmergence\saved_runs\exp2_one_llm\qwen3_8b\unframed\cooperative\seed_3,3,1,3,Qwen/Qwen3-8B,unframed,cooperative,75,4,1.0,81.66666666666667,20.416666666666668,5.833333333333327,0.5357142857142858,54.0,11.0,0.1388888888888889,107.0,64.16666666666669,64.16666666666669,21.0,1.0,1.0,17.49999999999998,5.833333333333326,11.0,3.0,1.0,58.33333333333336,0.0,7.288888888888883,0.3994058857834977,75,0.72,0.28,0.0,0,0.0,225,0.37777777777777777,0.14666666666666667,0.47555555555555556,107,0.0,75,2,0.02666666666666667,0.72,0.28,0.0,0.0
C:\Users\hello\GitHubRepos\MA-NormEmergence\saved_runs\exp2_one_llm\qwen3_8b\unframed\cooperative\seed_4,4,1,3,Qwen/Qwen3-8B,unframed,cooperative,75,2,0.5,64.16666666666663,16.041666666666657,0.0,0.6136363636363635,46.0,9.0,0.14130434782608695,112.0,46.66666666666663,46.66666666666663,17.0,1.0,1.0,17.499999999999993,5.833333333333331,9.666666666666666,1.0,0.3333333333333333,40.8333333333333,0.6666666666666667,6.699999999999995,0.3639846273711843,75,0.7066666666666667,0.22666666666666666,0.06666666666666667,5,0.0,215,0.3674418604651163,0.13488372093023257,0.49767441860465117,107,0.0,75,1,0.013333333333333334,0.7066666666666667,0.22666666666666666,0.06666666666666667,0.0
C:\Users\hello\GitHubRepos\MA-NormEmergence\saved_runs\exp2_one_llm\qwen3_8b\unframed\cooperative\seed_5,5,1,3,Qwen/Qwen3-8B,unframed,cooperative,75,4,1.0,116.66666666666674,29.166666666666686,5.833333333333327,0.5000000000000003,57.0,11.0,0.17105263157894737,129.0,81.66666666666677,81.66666666666677,24.0,1.0,1.0,34.999999999999986,11.666666666666663,11.0,3.0,1.0,70.00000000000011,0.0,8.14444444444444,0.3771114973925418,75,0.68,0.32,0.0,0,0.0,225,0.28,0.14666666666666667,0.5733333333333334,129,0.0,75,2,0.02666666666666667,0.68,0.32,0.0,0.0
C:\Users\hello\GitHubRepos\MA-NormEmergence\saved_runs\exp2_one_llm\qwen3_8b\unframed\cooperative\seed_6,6,1,3,Qwen/Qwen3-8B,unframed,cooperative,75,1,0.25,40.83333333333329,10.208333333333323,0.0,0.75,39.0,4.0,0.26282051282051283,68.0,40.83333333333329,40.83333333333329,17.0,1.0,1.0,0.0,0.0,7.333333333333333,0.0,0.0,40.83333333333329,1.0,3.788888888888885,0.4679417482426597,75,0.7733333333333333,0.22666666666666666,0.0,0,0.0,179,0.4972067039106145,0.12290502793296089,0.37988826815642457,68,0.0,75,3,0.04,0.7733333333333333,0.22666666666666666,0.0,0.0
C:\Users\hello\GitHubRepos\MA-NormEmergence\saved_runs\exp2_one_llm\qwen3_8b\unframed\cooperative\seed_7,7,1,3,Qwen/Qwen3-8B,unframed,cooperative,75,4,1.0,64.1666666666666,16.04166666666665,5.833333333333327,0.34090909090909083,49.0,11.0,0.07653061224489796,87.0,34.99999999999996,34.99999999999996,16.0,1.0,1.0,29.166666666666647,9.722222222222216,11.0,3.0,1.0,25.277777777777743,0.0,8.688888888888885,0.36144054988638735,75,0.7866666666666666,0.21333333333333335,0.0,0,0.0,225,0.4666666666666667,0.14666666666666667,0.38666666666666666,87,0.0,75,0,0.0,0.7866666666666666,0.21333333333333335,0.0,0.0
C:\Users\hello\GitHubRepos\MA-NormEmergence\saved_runs\exp2_one_llm\qwen3_8b\unframed\cooperative\seed_8,8,1,3,Qwen/Qwen3-8B,unframed,cooperative,75,3,0.75,75.83333333333331,18.95833333333333,0.0,0.6346153846153847,53.0,10.0,0.15566037735849056,102.0,64.16666666666666,64.16666666666666,21.0,1.0,1.0,11.666666666666654,3.8888888888888844,10.666666666666666,2.0,0.6666666666666666,60.27777777777777,0.33333333333333337,7.211111111111104,0.406751790901973,75,0.7066666666666667,0.28,0.013333333333333334,1,0.0,225,0.4088888888888889,0.14222222222222222,0.4488888888888889,101,0.0,75,2,0.02666666666666667,0.7066666666666667,0.28,0.013333333333333334,0.0
C:\Users\hello\GitHubRepos\MA-NormEmergence\saved_runs\exp2_one_llm\qwen3_8b\unframed\cooperative\seed_9,9,1,3,Qwen/Qwen3-8B,unframed,cooperative,75,4,1.0,87.49999999999997,21.874999999999993,5.833333333333327,0.5166666666666668,54.0,11.0,0.1388888888888889,102.0,64.16666666666666,64.16666666666666,21.0,1.0,1.0,23.333333333333307,7.777777777777769,11.0,3.0,1.0,56.388888888888886,0.0,7.988888888888885,0.3910726370035089,75,0.72,0.28,0.0,0,0.0,225,0.4,0.14666666666666667,0.4533333333333333,102,0.0,75,0,0.0,0.72,0.28,0.0,0.0
C:\Users\hello\GitHubRepos\MA-NormEmergence\saved_runs\exp2_one_llm\qwen3_8b\unframed\self_interested\seed_1,1,1,3,Qwen/Qwen3-8B,unframed,self_interested,75,4,1.0,250.83333333333346,62.708333333333364,46.66666666666663,0.1569767441860471,83.0,18.0,0.08132530120481928,0.0,93.33333333333348,93.33333333333348,26.0,1.0,1.0,157.49999999999997,52.49999999999999,19.0,3.0,1.0,40.83333333333349,0.0,37.38888888888887,0.11041831475135515,75,0.64,0.3466666666666667,0.0,0,0.013333333333333334,225,0.7466666666666667,0.25333333333333335,0.0,0,0.0,75,6,0.08,0.64,0.3466666666666667,0.0,0.013333333333333334
C:\Users\hello\GitHubRepos\MA-NormEmergence\saved_runs\exp2_one_llm\qwen3_8b\unframed\self_interested\seed_10,10,1,3,Qwen/Qwen3-8B,unframed,self_interested,75,4,1.0,245.0000000000001,61.25000000000003,46.66666666666663,0.08333333333333391,80.0,17.0,0.05,0.0,70.00000000000007,70.00000000000007,21.0,1.0,1.0,175.00000000000006,58.33333333333335,19.666666666666668,3.0,1.0,11.666666666666721,0.0,41.74444444444443,0.06109621344931949,75,0.72,0.28,0.0,0,0.0,225,0.7377777777777778,0.26222222222222225,0.0,0,0.0,75,1,0.013333333333333334,0.72,0.28,0.0,0.0
C:\Users\hello\GitHubRepos\MA-NormEmergence\saved_runs\exp2_one_llm\qwen3_8b\unframed\self_interested\seed_2,2,1,3,Qwen/Qwen3-8B,unframed,self_interested,75,3,0.75,75.8333333333332,18.9583333333333,0.0,0.28846153846153855,53.0,10.0,0.07075471698113207,0.0,23.33333333333329,23.33333333333329,14.0,1.0,1.0,52.499999999999915,17.49999999999997,13.0,2.0,0.6666666666666666,5.833333333333318,0.33333333333333337,20.044444444444423,0.10758874405764168,75,0.8133333333333334,0.18666666666666668,0.0,0,0.0,225,0.8266666666666667,0.17333333333333334,0.0,0,0.0,75,0,0.0,0.8133333333333334,0.18666666666666668,0.0,0.0
C:\Users\hello\GitHubRepos\MA-NormEmergence\saved_runs\exp2_one_llm\qwen3_8b\unframed\self_interested\seed_3,3,1,3,Qwen/Qwen3-8B,unframed,self_interested,75,4,1.0,233.33333333333326,58.333333333333314,40.83333333333329,0.1000000000000002,80.0,17.0,0.05,0.0,58.33333333333331,58.33333333333331,20.0,1.0,1.0,174.99999999999994,58.333333333333314,20.0,3.0,1.0,-7.105427357601002e-15,0.0,39.09999999999999,0.0708685219066279,75,0.7333333333333333,0.26666666666666666,0.0,0,0.0,225,0.7333333333333333,0.26666666666666666,0.0,0,0.0,75,0,0.0,0.7333333333333333,0.26666666666666666,0.0,0.0
C:\Users\hello\GitHubRepos\MA-NormEmergence\saved_runs\exp2_one_llm\qwen3_8b\unframed\self_interested\seed_4,4,1,3,Qwen/Qwen3-8B,unframed,self_interested,75,4,1.0,110.83333333333316,27.70833333333329,17.499999999999954,0.11842105263157916,59.0,13.0,0.038135593220338986,0.0,29.16666666666662,29.16666666666662,15.0,1.0,1.0,81.66666666666653,27.222222222222175,14.666666666666666,3.0,1.0,1.9444444444444464,0.0,23.38888888888887,0.10822301430443505,75,0.8,0.2,0.0,0,0.0,225,0.8044444444444444,0.19555555555555557,0.0,0,0.0,75,1,0.013333333333333334,0.8,0.2,0.0,0.0
C:\Users\hello\GitHubRepos\MA-NormEmergence\saved_runs\exp2_one_llm\qwen3_8b\unframed\self_interested\seed_5,5,1,3,Qwen/Qwen3-8B,unframed,self_interested,75,4,1.0,215.83333333333348,53.95833333333337,34.99999999999996,0.18243243243243334,77.0,16.0,0.08766233766233766,0.0,87.50000000000026,87.50000000000026,25.0,1.0,1.0,128.3333333333332,42.777777777777736,17.333333333333332,3.0,1.0,44.72222222222252,0.0,36.06666666666665,0.1303753509339447,75,0.6666666666666666,0.3333333333333333,0.0,0,0.0,225,0.7688888888888888,0.2311111111111111,0.0,0,0.0,75,2,0.02666666666666667,0.6666666666666666,0.3333333333333333,0.0,0.0
C:\Users\hello\GitHubRepos\MA-NormEmergence\saved_runs\exp2_one_llm\qwen3_8b\unframed\self_interested\seed_6,6,1,3,Qwen/Qwen3-8B,unframed,self_interested,75,4,1.0,87.49999999999982,21.874999999999954,5.833333333333286,0.31666666666666743,55.0,11.0,0.08636363636363636,0.0,5.833333333333286,5.833333333333286,11.0,1.0,1.0,81.66666666666653,27.222222222222175,14.666666666666666,3.0,1.0,-21.38888888888889,0.0,20.277777777777757,0.11837177916078605,75,0.8533333333333334,0.14666666666666667,0.0,0,0.0,225,0.8044444444444444,0.19555555555555557,0.0,0,0.0,75,0,0.0,0.8533333333333334,0.14666666666666667,0.0,0.0
C:\Users\hello\GitHubRepos\MA-NormEmergence\saved_runs\exp2_one_llm\qwen3_8b\unframed\self_interested\seed_7,7,1,3,Qwen/Qwen3-8B,unframed,self_interested,75,4,1.0,280.0000000000003,70.00000000000007,58.33333333333329,0.09375000000000057,88.0,20.0,0.05113636363636364,0.0,58.33333333333329,58.33333333333329,20.0,1.0,1.0,221.66666666666697,73.88888888888899,22.666666666666668,3.0,1.0,-15.555555555555692,0.0,41.74444444444443,0.09789283002105775,75,0.7333333333333333,0.26666666666666666,0.0,0,0.0,225,0.6977777777777778,0.3022222222222222,0.0,0,0.0,75,0,0.0,0.7333333333333333,0.26666666666666666,0.0,0.0
C:\Users\hello\GitHubRepos\MA-NormEmergence\saved_runs\exp2_one_llm\qwen3_8b\unframed\self_interested\seed_8,8,1,3,Qwen/Qwen3-8B,unframed,self_interested,75,4,1.0,204.16666666666652,51.04166666666663,29.16666666666662,0.13571428571428584,73.0,15.0,0.05821917808219178,0.0,29.16666666666662,29.16666666666662,15.0,1.0,1.0,174.9999999999999,58.33333333333329,19.333333333333332,3.0,1.0,-29.16666666666667,0.0,26.18888888888886,0.11356319991012317,75,0.8,0.2,0.0,0,0.0,225,0.7422222222222222,0.2577777777777778,0.0,0,0.0,75,2,0.02666666666666667,0.8,0.2,0.0,0.0
C:\Users\hello\GitHubRepos\MA-NormEmergence\saved_runs\exp2_one_llm\qwen3_8b\unframed\self_interested\seed_9,9,1,3,Qwen/Qwen3-8B,unframed,self_interested,75,4,1.0,210.0,52.5,34.99999999999996,0.19444444444444503,76.0,16.0,0.09210526315789473,0.0,40.83333333333329,40.83333333333329,17.0,1.0,1.0,169.16666666666669,56.38888888888889,19.666666666666668,3.0,1.0,-15.5555555555556,0.0,35.9111111111111,0.08893264709522342,75,0.7733333333333333,0.22666666666666666,0.0,0,0.0,225,0.7377777777777778,0.26222222222222225,0.0,0,0.0,75,0,0.0,0.7733333333333333,0.22666666666666666,0.0,0.0
C:\Users\hello\GitHubRepos\MA-NormEmergence\saved_runs\exp2_three_llm\qwen3_8b\altruistic\altruistic\seed_1,1,3,1,Qwen/Qwen3-8B,altruistic,altruistic,75,4,1.0,40.83333333333331,10.208333333333327,5.833333333333327,0.1071428571428572,44.0,11.0,0.0,147.0,29.166666666666647,9.722222222222216,11.0,3.0,1.0,11.66666666666666,11.66666666666666,11.0,1.0,1.0,-1.9444444444444446,0.0,6.666666666666659,0.12543691347880295,225,0.3511111111111111,0.14666666666666667,0.49777777777777776,112,0.0044444444444444444,75,0.38666666666666666,0.14666666666666667,0.4666666666666667,35,0.0,225,2,0.008888888888888889,0.3511111111111111,0.14666666666666667,0.49777777777777776,0.0044444444444444444
C:\Users\hello\GitHubRepos\MA-NormEmergence\saved_runs\exp2_three_llm\qwen3_8b\altruistic\altruistic\seed_10,10,3,1,Qwen/Qwen3-8B,altruistic,altruistic,75,3,0.75,17.49999999999998,4.374999999999995,0.0,0.25,41.0,8.0,0.054878048780487805,131.0,11.666666666666654,3.8888888888888844,10.0,2.0,0.6666666666666666,5.833333333333327,5.833333333333327,11.0,1.0,1.0,-1.9444444444444424,-0.33333333333333337,6.564444444444439,0.14827586794598532,214,0.37383177570093457,0.14018691588785046,0.4672897196261682,100,0.018691588785046728,75,0.44,0.14666666666666667,0.41333333333333333,31,0.0,214,3,0.014018691588785047,0.37383177570093457,0.14018691588785046,0.4672897196261682,0.018691588785046728
C:\Users\hello\GitHubRepos\MA-NormEmergence\saved_runs\exp2_three_llm\qwen3_8b\altruistic\altruistic\seed_2,2,3,1,Qwen/Qwen3-8B,altruistic,altruistic,75,4,1.0,40.83333333333331,10.208333333333327,5.833333333333327,0.1071428571428572,44.0,11.0,0.0,162.0,29.166666666666647,9.722222222222216,11.0,3.0,1.0,11.66666666666666,11.66666666666666,11.0,1.0,1.0,-1.9444444444444446,0.0,7.911111111111105,0.10446948353672722,225,0.28888888888888886,0.14666666666666667,0.5511111111111111,124,0.013333333333333334,75,0.3466666666666667,0.14666666666666667,0.5066666666666667,38,0.0,225,8,0.035555555555555556,0.28888888888888886,0.14666666666666667,0.5511111111111111,0.013333333333333334
C:\Users\hello\GitHubRepos\MA-NormEmergence\saved_runs\exp2_three_llm\qwen3_8b\altruistic\altruistic\seed_3,3,3,1,Qwen/Qwen3-8B,altruistic,altruistic,75,3,0.75,23.333333333333314,5.833333333333329,0.0,0.37500000000000017,42.0,9.0,0.03571428571428571,139.0,11.666666666666654,3.8888888888888844,10.333333333333334,2.0,0.6666666666666666,11.66666666666666,11.66666666666666,11.0,1.0,1.0,-7.777777777777777,-0.33333333333333337,7.011111111111106,0.14023630868420228,220,0.38181818181818183,0.1409090909090909,0.4772727272727273,105,0.0,75,0.4,0.14666666666666667,0.4533333333333333,34,0.0,220,4,0.01818181818181818,0.38181818181818183,0.1409090909090909,0.4772727272727273,0.0
C:\Users\hello\GitHubRepos\MA-NormEmergence\saved_runs\exp2_three_llm\qwen3_8b\altruistic\altruistic\seed_4,4,3,1,Qwen/Qwen3-8B,altruistic,altruistic,75,4,1.0,34.99999999999997,8.749999999999993,5.833333333333327,0.16666666666666677,44.0,11.0,0.0,137.0,29.166666666666643,9.722222222222214,11.0,3.0,1.0,5.833333333333327,5.833333333333327,11.0,1.0,1.0,3.8888888888888875,0.0,7.1333333333333275,0.12290786930910945,225,0.38666666666666666,0.14666666666666667,0.4622222222222222,104,0.0044444444444444444,75,0.41333333333333333,0.14666666666666667,0.44,33,0.0,225,8,0.035555555555555556,0.38666666666666666,0.14666666666666667,0.4622222222222222,0.0044444444444444444
C:\Users\hello\GitHubRepos\MA-NormEmergence\saved_runs\exp2_three_llm\qwen3_8b\altruistic\altruistic\seed_5,5,3,1,Qwen/Qwen3-8B,altruistic,altruistic,75,2,0.5,17.499999999999986,4.3749999999999964,0.0,0.5833333333333335,38.0,8.0,0.07894736842105263,116.0,11.66666666666666,3.888888888888887,9.0,1.0,0.3333333333333333,5.833333333333327,5.833333333333327,11.0,1.0,1.0,-1.9444444444444398,-0.6666666666666667,6.175555555555549,0.1888950668616154,203,0.43842364532019706,0.1330049261083744,0.41379310344827586,84,0.014778325123152709,75,0.4266666666666667,0.14666666666666667,0.4266666666666667,32,0.0,203,3,0.014778325123152709,0.43842364532019706,0.1330049261083744,0.41379310344827586,0.014778325123152709
C:\Users\hello\GitHubRepos\MA-NormEmergence\saved_runs\exp2_three_llm\qwen3_8b\altruistic\altruistic\seed_6,6,3,1,Qwen/Qwen3-8B,altruistic,altruistic,75,4,1.0,40.8333333333333,10.208333333333325,5.833333333333323,0.10714285714285735,44.0,11.0,0.0,148.0,29.166666666666643,9.722222222222214,11.0,3.0,1.0,11.66666666666666,11.66666666666666,11.0,1.0,1.0,-1.9444444444444464,0.0,7.75555555555555,0.1157360632516481,225,0.3466666666666667,0.14666666666666667,0.49777777777777776,112,0.008888888888888889,75,0.37333333333333335,0.14666666666666667,0.48,36,0.0,225,3,0.013333333333333334,0.3466666666666667,0.14666666666666667,0.49777777777777776,0.008888888888888889
C:\Users\hello\GitHubRepos\MA-NormEmergence\saved_runs\exp2_three_llm\qwen3_8b\altruistic\altruistic\seed_7,7,3,1,Qwen/Qwen3-8B,altruistic,altruistic,75,4,1.0,40.8333333333333,10.208333333333325,5.833333333333323,0.10714285714285732,44.0,11.0,0.0,196.0,29.166666666666636,9.722222222222213,11.0,3.0,1.0,11.66666666666666,11.66666666666666,11.0,1.0,1.0,-1.9444444444444482,0.0,8.999999999999993,0.11079733476361184,225,0.2,0.14666666666666667,0.6444444444444445,145,0.008888888888888889,75,0.17333333333333334,0.14666666666666667,0.68,51,0.0,225,6,0.02666666666666667,0.2,0.14666666666666667,0.6444444444444445,0.008888888888888889
C:\Users\hello\GitHubRepos\MA-NormEmergence\saved_runs\exp2_three_llm\qwen3_8b\altruistic\altruistic\seed_8,8,3,1,Qwen/Qwen3-8B,altruistic,altruistic,75,4,1.0,40.8333333333333,10.208333333333325,5.833333333333323,0.10714285714285735,44.0,11.0,0.0,176.0,29.166666666666636,9.722222222222213,11.0,3.0,1.0,11.66666666666666,11.66666666666666,11.0,1.0,1.0,-1.9444444444444482,0.0,7.988888888888883,0.1086121195877996,225,0.23555555555555555,0.14666666666666667,0.6088888888888889,137,0.008888888888888889,75,0.3333333333333333,0.14666666666666667,0.52,39,0.0,225,6,0.02666666666666667,0.23555555555555555,0.14666666666666667,0.6088888888888889,0.008888888888888889
C:\Users\hello\GitHubRepos\MA-NormEmergence\saved_runs\exp2_three_llm\qwen3_8b\altruistic\altruistic\seed_9,9,3,1,Qwen/Qwen3-8B,altruistic,altruistic,75,4,1.0,40.833333333333314,10.208333333333329,5.833333333333327,0.10714285714285719,44.0,11.0,0.0,145.0,34.999999999999986,11.666666666666663,11.0,3.0,1.0,5.833333333333327,5.833333333333327,11.0,1.0,1.0,5.833333333333336,0.0,6.66666666666666,0.1248604464346321,225,0.3511111111111111,0.14666666666666667,0.49333333333333335,111,0.008888888888888889,75,0.4,0.14666666666666667,0.4533333333333333,34,0.0,225,1,0.0044444444444444444,0.3511111111111111,0.14666666666666667,0.49333333333333335,0.008888888888888889
C:\Users\hello\GitHubRepos\MA-NormEmergence\saved_runs\exp2_three_llm\qwen3_8b\altruistic\cooperative\seed_1,1,3,1,Qwen/Qwen3-8B,altruistic,cooperative,75,4,1.0,40.8333333333333,10.208333333333325,5.833333333333327,0.10714285714285728,44.0,11.0,0.0,166.0,29.166666666666643,9.722222222222214,11.0,3.0,1.0,11.66666666666666,11.66666666666666,11.0,1.0,1.0,-1.9444444444444464,0.0,7.366666666666662,0.12662643583277336,225,0.26666666666666666,0.14666666666666667,0.5733333333333334,129,0.013333333333333334,75,0.36,0.14666666666666667,0.49333333333333335,37,0.0,225,4,0.017777777777777778,0.26666666666666666,0.14666666666666667,0.5733333333333334,0.013333333333333334
C:\Users\hello\GitHubRepos\MA-NormEmergence\saved_runs\exp2_three_llm\qwen3_8b\altruistic\cooperative\seed_10,10,3,1,Qwen/Qwen3-8B,altruistic,cooperative,75,4,1.0,34.99999999999997,8.749999999999993,5.833333333333323,0.1666666666666669,44.0,11.0,0.0,114.0,23.33333333333331,7.777777777777771,11.0,3.0,1.0,11.66666666666666,11.66666666666666,11.0,1.0,1.0,-3.88888888888889,0.0,6.666666666666659,0.14067179177130576,225,0.4444444444444444,0.14666666666666667,0.40444444444444444,91,0.0044444444444444444,75,0.5466666666666666,0.14666666666666667,0.30666666666666664,23,0.0,225,7,0.03111111111111111,0.4444444444444444,0.14666666666666667,0.40444444444444444,0.0044444444444444444
C:\Users\hello\GitHubRepos\MA-NormEmergence\saved_runs\exp2_three_llm\qwen3_8b\altruistic\cooperative\seed_2,2,3,1,Qwen/Qwen3-8B,altruistic,cooperative,75,0,0.0,0.0,0.0,0.0,0.0,35.0,8.0,0.05,117.0,0.0,0.0,9.0,0.0,0.0,0.0,0.0,8.0,0.0,0.0,0.0,0.0,5.3977777777777725,0.21371868231219907,209,0.44976076555023925,0.1291866028708134,0.42105263157894735,88,0.0,64,0.421875,0.125,0.453125,29,0.0,209,3,0.014354066985645933,0.44976076555023925,0.1291866028708134,0.42105263157894735,0.0
C:\Users\hello\GitHubRepos\MA-NormEmergence\saved_runs\exp2_three_llm\qwen3_8b\altruistic\cooperative\seed_3,3,3,1,Qwen/Qwen3-8B,altruistic,cooperative,75,4,1.0,40.8333333333333,10.208333333333325,5.833333333333327,0.10714285714285723,44.0,11.0,0.0,169.0,34.99999999999997,11.666666666666657,11.0,3.0,1.0,5.833333333333327,5.833333333333327,11.0,1.0,1.0,5.83333333333333,0.0,7.522222222222216,0.1113105852806207,225,0.28444444444444444,0.14666666666666667,0.5555555555555556,125,0.013333333333333334,75,0.26666666666666666,0.14666666666666667,0.5866666666666667,44,0.0,225,2,0.008888888888888889,0.28444444444444444,0.14666666666666667,0.5555555555555556,0.013333333333333334
C:\Users\hello\GitHubRepos\MA-NormEmergence\saved_runs\exp2_three_llm\qwen3_8b\altruistic\cooperative\seed_4,4,3,1,Qwen/Qwen3-8B,altruistic,cooperative,75,4,1.0,46.666666666666636,11.666666666666659,5.833333333333327,0.1875000000000001,44.0,11.0,0.0,162.0,29.166666666666643,9.722222222222214,11.0,3.0,1.0,17.499999999999993,17.499999999999993,11.0,1.0,1.0,-7.777777777777779,0.0,7.055555555555551,0.13395177921203918,225,0.29333333333333333,0.14666666666666667,0.5511111111111111,124,0.008888888888888889,75,0.3466666666666667,0.14666666666666667,0.5066666666666667,38,0.0,225,3,0.013333333333333334,0.29333333333333333,0.14666666666666667,0.5511111111111111,0.008888888888888889
C:\Users\hello\GitHubRepos\MA-NormEmergence\saved_runs\exp2_three_llm\qwen3_8b\altruistic\cooperative\seed_5,5,3,1,Qwen/Qwen3-8B,altruistic,cooperative,75,2,0.5,17.499999999999986,4.3749999999999964,0.0,0.5833333333333335,37.0,6.0,0.11486486486486487,124.0,11.66666666666666,3.888888888888887,8.666666666666666,1.0,0.3333333333333333,5.833333333333327,5.833333333333327,11.0,1.0,1.0,-1.9444444444444398,-0.6666666666666667,5.164444444444439,0.21690542738260243,197,0.39593908629441626,0.1319796954314721,0.4619289340101523,91,0.01015228426395939,75,0.41333333333333333,0.14666666666666667,0.44,33,0.0,197,0,0.0,0.39593908629441626,0.1319796954314721,0.4619289340101523,0.01015228426395939
C:\Users\hello\GitHubRepos\MA-NormEmergence\saved_runs\exp2_three_llm\qwen3_8b\altruistic\cooperative\seed_6,6,3,1,Qwen/Qwen3-8B,altruistic,cooperative,75,2,0.5,17.499999999999986,4.3749999999999964,0.0,0.5833333333333335,36.0,7.0,0.1111111111111111,112.0,11.66666666666666,3.888888888888887,8.333333333333334,1.0,0.3333333333333333,5.833333333333327,5.833333333333327,11.0,1.0,1.0,-1.9444444444444398,-0.6666666666666667,5.171111111111106,0.2405538626893771,191,0.4293193717277487,0.13089005235602094,0.4293193717277487,82,0.010471204188481676,75,0.4533333333333333,0.14666666666666667,0.4,30,0.0,191,3,0.015706806282722512,0.4293193717277487,0.13089005235602094,0.4293193717277487,0.010471204188481676
C:\Users\hello\GitHubRepos\MA-NormEmergence\saved_runs\exp2_three_llm\qwen3_8b\altruistic\cooperative\seed_7,7,3,1,Qwen/Qwen3-8B,altruistic,cooperative,75,4,1.0,29.16666666666662,7.291666666666655,5.83333333333332,0.15000000000000036,44.0,11.0,0.0,161.0,23.333333333333293,7.777777777777764,11.0,3.0,1.0,5.833333333333327,5.833333333333327,11.0,1.0,1.0,1.9444444444444375,0.0,8.455555555555547,0.11674118206060728,225,0.3111111111111111,0.14666666666666667,0.5333333333333333,120,0.008888888888888889,75,0.30666666666666664,0.14666666666666667,0.5466666666666666,41,0.0,225,2,0.008888888888888889,0.3111111111111111,0.14666666666666667,0.5333333333333333,0.008888888888888889
C:\Users\hello\GitHubRepos\MA-NormEmergence\saved_runs\exp2_three_llm\qwen3_8b\altruistic\cooperative\seed_8,8,3,1,Qwen/Qwen3-8B,altruistic,cooperative,75,4,1.0,40.8333333333333,10.208333333333325,5.833333333333327,0.10714285714285729,44.0,11.0,0.0,171.0,34.99999999999997,11.666666666666657,11.0,3.0,1.0,5.833333333333327,5.833333333333327,11.0,1.0,1.0,5.83333333333333,0.0,8.144444444444439,0.1188167128701869,225,0.26666666666666666,0.14666666666666667,0.5777777777777777,130,0.008888888888888889,75,0.30666666666666664,0.14666666666666667,0.5466666666666666,41,0.0,225,1,0.0044444444444444444,0.26666666666666666,0.14666666666666667,0.5777777777777777,0.008888888888888889
C:\Users\hello\GitHubRepos\MA-NormEmergence\saved_runs\exp2_three_llm\qwen3_8b\altruistic\cooperative\seed_9,9,3,1,Qwen/Qwen3-8B,altruistic,cooperative,75,4,1.0,34.99999999999997,8.749999999999993,5.833333333333327,0.16666666666666682,44.0,11.0,0.0,153.0,23.333333333333314,7.7777777777777715,11.0,3.0,1.0,11.66666666666666,11.66666666666666,11.0,1.0,1.0,-3.8888888888888893,0.0,6.9777777777777725,0.12448481022767292,225,0.3288888888888889,0.14666666666666667,0.5155555555555555,116,0.008888888888888889,75,0.36,0.14666666666666667,0.49333333333333335,37,0.0,225,1,0.0044444444444444444,0.3288888888888889,0.14666666666666667,0.5155555555555555,0.008888888888888889
C:\Users\hello\GitHubRepos\MA-NormEmergence\saved_runs\exp2_three_llm\qwen3_8b\altruistic\self_interested\seed_1,1,3,1,Qwen/Qwen3-8B,altruistic,self_interested,75,4,1.0,116.66666666666671,29.16666666666668,5.833333333333323,0.5250000000000002,58.0,11.0,0.1810344827586207,122.0,29.166666666666643,9.722222222222214,11.0,3.0,1.0,87.50000000000007,87.50000000000007,25.0,1.0,1.0,-77.77777777777786,0.0,7.911111111111105,0.3923373428157312,225,0.29777777777777775,0.14666666666666667,0.5422222222222223,122,0.013333333333333334,75,0.6666666666666666,0.3333333333333333,0.0,0,0.0,225,2,0.008888888888888889,0.29777777777777775,0.14666666666666667,0.5422222222222223,0.013333333333333334
C:\Users\hello\GitHubRepos\MA-NormEmergence\saved_runs\exp2_three_llm\qwen3_8b\altruistic\self_interested\seed_10,10,3,1,Qwen/Qwen3-8B,altruistic,self_interested,75,4,1.0,134.16666666666674,33.541666666666686,5.833333333333323,0.5543478260869569,61.0,11.0,0.20901639344262296,94.0,29.166666666666636,9.722222222222213,11.0,3.0,1.0,105.0000000000001,105.0000000000001,28.0,1.0,1.0,-95.27777777777789,0.0,7.7555555555555475,0.41875266130557126,225,0.4222222222222222,0.14666666666666667,0.4177777777777778,94,0.013333333333333334,75,0.6266666666666667,0.37333333333333335,0.0,0,0.0,225,2,0.008888888888888889,0.4222222222222222,0.14666666666666667,0.4177777777777778,0.013333333333333334
C:\Users\hello\GitHubRepos\MA-NormEmergence\saved_runs\exp2_three_llm\qwen3_8b\altruistic\self_interested\seed_2,2,3,1,Qwen/Qwen3-8B,altruistic,self_interested,75,4,1.0,116.66666666666677,29.166666666666693,5.833333333333327,0.5250000000000005,58.0,11.0,0.1810344827586207,129.0,29.166666666666647,9.722222222222216,11.0,3.0,1.0,87.50000000000013,87.50000000000013,25.0,1.0,1.0,-77.77777777777791,0.0,7.444444444444439,0.39295517295326976,225,0.27555555555555555,0.14666666666666667,0.5733333333333334,129,0.0044444444444444444,75,0.6666666666666666,0.3333333333333333,0.0,0,0.0,225,3,0.013333333333333334,0.27555555555555555,0.14666666666666667,0.5733333333333334,0.0044444444444444444
C:\Users\hello\GitHubRepos\MA-NormEmergence\saved_runs\exp2_three_llm\qwen3_8b\altruistic\self_interested\seed_3,3,3,1,Qwen/Qwen3-8B,altruistic,self_interested,75,4,1.0,116.6666666666668,29.1666666666667,5.833333333333327,0.5750000000000004,59.0,11.0,0.1906779661016949,127.0,23.333333333333314,7.7777777777777715,11.0,3.0,1.0,93.33333333333348,93.33333333333348,26.0,1.0,1.0,-85.55555555555571,0.0,7.599999999999995,0.40587111764910694,225,0.27555555555555555,0.14666666666666667,0.5644444444444444,127,0.013333333333333334,75,0.6533333333333333,0.3466666666666667,0.0,0,0.0,225,7,0.03111111111111111,0.27555555555555555,0.14666666666666667,0.5644444444444444,0.013333333333333334
C:\Users\hello\GitHubRepos\MA-NormEmergence\saved_runs\exp2_three_llm\qwen3_8b\altruistic\self_interested\seed_4,4,3,1,Qwen/Qwen3-8B,altruistic,self_interested,75,3,0.75,81.66666666666679,20.416666666666696,0.0,0.642857142857143,52.0,8.0,0.20192307692307693,98.0,11.666666666666654,3.8888888888888844,10.0,2.0,0.6666666666666666,70.00000000000013,70.00000000000013,22.0,1.0,1.0,-66.11111111111124,-0.33333333333333337,6.564444444444439,0.42565803367215943,214,0.3878504672897196,0.14018691588785046,0.45794392523364486,98,0.014018691588785047,75,0.7066666666666667,0.29333333333333333,0.0,0,0.0,214,2,0.009345794392523364,0.3878504672897196,0.14018691588785046,0.45794392523364486,0.014018691588785047
C:\Users\hello\GitHubRepos\MA-NormEmergence\saved_runs\exp2_three_llm\qwen3_8b\altruistic\self_interested\seed_5,5,3,1,Qwen/Qwen3-8B,altruistic,self_interested,75,4,1.0,105.00000000000006,26.250000000000014,5.833333333333323,0.5833333333333336,58.0,11.0,0.1810344827586207,104.0,17.49999999999998,5.833333333333326,11.0,3.0,1.0,87.50000000000007,87.50000000000007,25.0,1.0,1.0,-81.66666666666674,0.0,7.599999999999995,0.4068021259802239,225,0.37777777777777777,0.14666666666666667,0.4622222222222222,104,0.013333333333333334,75,0.6666666666666666,0.3333333333333333,0.0,0,0.0,225,3,0.013333333333333334,0.37777777777777777,0.14666666666666667,0.4622222222222222,0.013333333333333334
C:\Users\hello\GitHubRepos\MA-NormEmergence\saved_runs\exp2_three_llm\qwen3_8b\altruistic\self_interested\seed_6,6,3,1,Qwen/Qwen3-8B,altruistic,self_interested,75,3,0.75,99.16666666666679,24.791666666666696,0.0,0.661764705882353,49.0,2.0,0.3520408163265306,87.0,11.666666666666654,3.8888888888888844,8.0,2.0,0.6666666666666666,87.50000000000013,87.50000000000013,25.0,1.0,1.0,-83.61111111111124,-0.33333333333333337,2.9866666666666646,0.4811247833977079,179,0.3575418994413408,0.1340782122905028,0.4860335195530726,87,0.0223463687150838,75,0.6666666666666666,0.3333333333333333,0.0,0,0.0,179,4,0.0223463687150838,0.3575418994413408,0.1340782122905028,0.4860335195530726,0.0223463687150838
C:\Users\hello\GitHubRepos\MA-NormEmergence\saved_runs\exp2_three_llm\qwen3_8b\altruistic\self_interested\seed_7,7,3,1,Qwen/Qwen3-8B,altruistic,self_interested,75,4,1.0,75.83333333333327,18.958333333333318,5.833333333333323,0.5192307692307695,53.0,11.0,0.12735849056603774,90.0,17.49999999999997,5.833333333333324,11.0,3.0,1.0,58.3333333333333,58.3333333333333,20.0,1.0,1.0,-52.49999999999998,0.0,7.5999999999999925,0.3902788366408664,225,0.43555555555555553,0.14666666666666667,0.4,90,0.017777777777777778,75,0.7333333333333333,0.26666666666666666,0.0,0,0.0,225,3,0.013333333333333334,0.43555555555555553,0.14666666666666667,0.4,0.017777777777777778
C:\Users\hello\GitHubRepos\MA-NormEmergence\saved_runs\exp2_three_llm\qwen3_8b\altruistic\self_interested\seed_8,8,3,1,Qwen/Qwen3-8B,altruistic,self_interested,75,4,1.0,93.33333333333327,23.333333333333318,5.833333333333323,0.46875000000000006,53.0,11.0,0.12735849056603774,105.0,29.166666666666647,9.722222222222216,11.0,3.0,1.0,64.16666666666663,64.16666666666663,20.0,1.0,1.0,-54.444444444444414,0.0,8.377777777777771,0.35697146988598616,225,0.3688888888888889,0.14666666666666667,0.4666666666666667,105,0.017777777777777778,75,0.7333333333333333,0.26666666666666666,0.0,0,0.0,225,4,0.017777777777777778,0.3688888888888889,0.14666666666666667,0.4666666666666667,0.017777777777777778
C:\Users\hello\GitHubRepos\MA-NormEmergence\saved_runs\exp2_three_llm\qwen3_8b\altruistic\self_interested\seed_9,9,3,1,Qwen/Qwen3-8B,altruistic,self_interested,75,4,1.0,81.66666666666661,20.416666666666654,5.833333333333327,0.5000000000000001,53.0,11.0,0.12735849056603774,109.0,23.333333333333314,7.7777777777777715,11.0,3.0,1.0,58.3333333333333,58.3333333333333,20.0,1.0,1.0,-50.55555555555553,0.0,7.911111111111105,0.3738291508927154,225,0.3511111111111111,0.14666666666666667,0.48444444444444446,109,0.017777777777777778,75,0.7333333333333333,0.26666666666666666,0.0,0,0.0,225,6,0.02666666666666667,0.3511111111111111,0.14666666666666667,0.48444444444444446,0.017777777777777778
C:\Users\hello\GitHubRepos\MA-NormEmergence\saved_runs\exp2_three_llm\qwen3_8b\cooperative\altruistic\seed_1,1,3,1,Qwen/Qwen3-8B,cooperative,altruistic,75,4,1.0,40.8333333333333,10.208333333333325,5.833333333333327,0.10714285714285729,44.0,11.0,0.0,165.0,29.16666666666664,9.722222222222213,11.0,3.0,1.0,11.66666666666666,11.66666666666666,11.0,1.0,1.0,-1.9444444444444482,0.0,7.444444444444439,0.107954328761396,225,0.27111111111111114,0.14666666666666667,0.5688888888888889,128,0.013333333333333334,75,0.36,0.14666666666666667,0.49333333333333335,37,0.0,225,5,0.022222222222222223,0.27111111111111114,0.14666666666666667,0.5688888888888889,0.013333333333333334
C:\Users\hello\GitHubRepos\MA-NormEmergence\saved_runs\exp2_three_llm\qwen3_8b\cooperative\altruistic\seed_10,10,3,1,Qwen/Qwen3-8B,cooperative,altruistic,75,3,0.75,29.166666666666647,7.291666666666662,0.0,0.3500000000000001,40.0,7.0,0.075,130.0,17.499999999999986,5.833333333333329,9.666666666666666,2.0,0.6666666666666666,11.66666666666666,11.66666666666666,11.0,1.0,1.0,-5.833333333333332,-0.33333333333333337,5.482222222222217,0.17992098641197118,208,0.38461538461538464,0.13942307692307693,0.46634615384615385,97,0.009615384615384616,75,0.41333333333333333,0.14666666666666667,0.44,33,0.0,208,2,0.009615384615384616,0.38461538461538464,0.13942307692307693,0.46634615384615385,0.009615384615384616
C:\Users\hello\GitHubRepos\MA-NormEmergence\saved_runs\exp2_three_llm\qwen3_8b\cooperative\altruistic\seed_2,2,3,1,Qwen/Qwen3-8B,cooperative,altruistic,75,4,1.0,29.166666666666636,7.291666666666659,5.833333333333323,0.15000000000000013,44.0,11.0,0.0,171.0,23.333333333333307,7.777777777777769,11.0,3.0,1.0,5.833333333333327,5.833333333333327,11.0,1.0,1.0,1.944444444444442,0.0,7.599999999999994,0.12289892320723103,225,0.26666666666666666,0.14666666666666667,0.5733333333333334,129,0.013333333333333334,75,0.29333333333333333,0.14666666666666667,0.56,42,0.0,225,4,0.017777777777777778,0.26666666666666666,0.14666666666666667,0.5733333333333334,0.013333333333333334
C:\Users\hello\GitHubRepos\MA-NormEmergence\saved_runs\exp2_three_llm\qwen3_8b\cooperative\altruistic\seed_3,3,3,1,Qwen/Qwen3-8B,cooperative,altruistic,75,4,1.0,40.833333333333286,10.208333333333321,5.83333333333332,0.1071428571428574,44.0,11.0,0.0,172.0,29.16666666666663,9.722222222222209,11.0,3.0,1.0,11.66666666666666,11.66666666666666,11.0,1.0,1.0,-1.9444444444444517,0.0,7.833333333333328,0.10739893858020638,225,0.26222222222222225,0.14666666666666667,0.5688888888888889,128,0.022222222222222223,75,0.26666666666666666,0.14666666666666667,0.5866666666666667,44,0.0,225,5,0.022222222222222223,0.26222222222222225,0.14666666666666667,0.5688888888888889,0.022222222222222223
C:\Users\hello\GitHubRepos\MA-NormEmergence\saved_runs\exp2_three_llm\qwen3_8b\cooperative\altruistic\seed_4,4,3,1,Qwen/Qwen3-8B,cooperative,altruistic,75,4,1.0,34.99999999999997,8.749999999999993,5.833333333333323,0.16666666666666688,44.0,11.0,0.0,143.0,23.333333333333307,7.777777777777769,11.0,3.0,1.0,11.66666666666666,11.66666666666666,11.0,1.0,1.0,-3.888888888888892,0.0,7.4444444444444375,0.11661982157020544,225,0.35555555555555557,0.14666666666666667,0.48,108,0.017777777777777778,75,0.38666666666666666,0.14666666666666667,0.4666666666666667,35,0.0,225,3,0.013333333333333334,0.35555555555555557,0.14666666666666667,0.48,0.017777777777777778
C:\Users\hello\GitHubRepos\MA-NormEmergence\saved_runs\exp2_three_llm\qwen3_8b\cooperative\altruistic\seed_5,5,3,1,Qwen/Qwen3-8B,cooperative,altruistic,75,4,1.0,29.166666666666636,7.291666666666659,5.833333333333327,0.15000000000000005,44.0,11.0,0.0,133.0,23.333333333333307,7.777777777777769,11.0,3.0,1.0,5.833333333333327,5.833333333333327,11.0,1.0,1.0,1.944444444444442,0.0,7.055555555555547,0.12486542736777224,225,0.38666666666666666,0.14666666666666667,0.4533333333333333,102,0.013333333333333334,75,0.44,0.14666666666666667,0.41333333333333333,31,0.0,225,6,0.02666666666666667,0.38666666666666666,0.14666666666666667,0.4533333333333333,0.013333333333333334
C:\Users\hello\GitHubRepos\MA-NormEmergence\saved_runs\exp2_three_llm\qwen3_8b\cooperative\altruistic\seed_6,6,3,1,Qwen/Qwen3-8B,cooperative,altruistic,75,4,1.0,40.8333333333333,10.208333333333325,5.833333333333327,0.10714285714285728,44.0,11.0,0.0,153.0,29.166666666666643,9.722222222222214,11.0,3.0,1.0,11.66666666666666,11.66666666666666,11.0,1.0,1.0,-1.9444444444444464,0.0,7.522222222222216,0.11789720465195673,225,0.32,0.14666666666666667,0.5111111111111111,115,0.022222222222222223,75,0.3466666666666667,0.14666666666666667,0.5066666666666667,38,0.0,225,3,0.013333333333333334,0.32,0.14666666666666667,0.5111111111111111,0.022222222222222223
C:\Users\hello\GitHubRepos\MA-NormEmergence\saved_runs\exp2_three_llm\qwen3_8b\cooperative\altruistic\seed_7,7,3,1,Qwen/Qwen3-8B,cooperative,altruistic,75,4,1.0,29.16666666666663,7.291666666666657,5.83333333333332,0.15000000000000024,44.0,11.0,0.0,161.0,23.3333333333333,7.777777777777767,11.0,3.0,1.0,5.833333333333327,5.833333333333327,11.0,1.0,1.0,1.9444444444444402,0.0,8.766666666666657,0.12049595932851233,225,0.3111111111111111,0.14666666666666667,0.5333333333333333,120,0.008888888888888889,75,0.30666666666666664,0.14666666666666667,0.5466666666666666,41,0.0,225,4,0.017777777777777778,0.3111111111111111,0.14666666666666667,0.5333333333333333,0.008888888888888889
C:\Users\hello\GitHubRepos\MA-NormEmergence\saved_runs\exp2_three_llm\qwen3_8b\cooperative\altruistic\seed_8,8,3,1,Qwen/Qwen3-8B,cooperative,altruistic,75,4,1.0,23.333333333333307,5.833333333333327,5.833333333333323,1.141943682471591e-16,44.0,11.0,0.0,148.0,17.49999999999998,5.833333333333326,11.0,3.0,1.0,5.833333333333327,5.833333333333327,11.0,1.0,1.0,-8.881784197001252e-16,0.0,7.911111111111104,0.09702880157262875,225,0.3466666666666667,0.14666666666666667,0.5022222222222222,113,0.0044444444444444444,75,0.38666666666666666,0.14666666666666667,0.4666666666666667,35,0.0,225,4,0.017777777777777778,0.3466666666666667,0.14666666666666667,0.5022222222222222,0.0044444444444444444
C:\Users\hello\GitHubRepos\MA-NormEmergence\saved_runs\exp2_three_llm\qwen3_8b\cooperative\altruistic\seed_9,9,3,1,Qwen/Qwen3-8B,cooperative,altruistic,75,4,1.0,29.166666666666643,7.291666666666661,5.833333333333327,0.15000000000000013,44.0,11.0,0.0,149.0,23.333333333333314,7.7777777777777715,11.0,3.0,1.0,5.833333333333327,5.833333333333327,11.0,1.0,1.0,1.9444444444444446,0.0,7.055555555555552,0.11922949620514281,225,0.3511111111111111,0.14666666666666667,0.49333333333333335,111,0.008888888888888889,75,0.3466666666666667,0.14666666666666667,0.5066666666666667,38,0.0,225,3,0.013333333333333334,0.3511111111111111,0.14666666666666667,0.49333333333333335,0.008888888888888889
C:\Users\hello\GitHubRepos\MA-NormEmergence\saved_runs\exp2_three_llm\qwen3_8b\cooperative\cooperative\seed_1,1,3,1,Qwen/Qwen3-8B,cooperative,cooperative,75,4,1.0,40.8333333333333,10.208333333333325,5.833333333333327,0.10714285714285723,44.0,11.0,0.0,160.0,34.99999999999997,11.666666666666657,11.0,3.0,1.0,5.833333333333327,5.833333333333327,11.0,1.0,1.0,5.83333333333333,0.0,7.599999999999994,0.11391501924613032,225,0.32,0.14666666666666667,0.5288888888888889,119,0.0044444444444444444,75,0.30666666666666664,0.14666666666666667,0.5466666666666666,41,0.0,225,4,0.017777777777777778,0.32,0.14666666666666667,0.5288888888888889,0.0044444444444444444
C:\Users\hello\GitHubRepos\MA-NormEmergence\saved_runs\exp2_three_llm\qwen3_8b\cooperative\cooperative\seed_10,10,3,1,Qwen/Qwen3-8B,cooperative,cooperative,75,2,0.5,11.66666666666665,2.9166666666666625,0.0,0.5000000000000001,42.0,10.0,0.023809523809523808,128.0,11.66666666666665,3.8888888888888835,10.666666666666666,2.0,0.6666666666666666,0.0,0.0,10.0,0.0,0.0,3.8888888888888835,0.6666666666666666,6.588888888888882,0.14370729081732342,225,0.4,0.14222222222222222,0.4444444444444444,100,0.013333333333333334,75,0.49333333333333335,0.13333333333333333,0.37333333333333335,28,0.0,225,3,0.013333333333333334,0.4,0.14222222222222222,0.4444444444444444,0.013333333333333334
C:\Users\hello\GitHubRepos\MA-NormEmergence\saved_runs\exp2_three_llm\qwen3_8b\cooperative\cooperative\seed_2,2,3,1,Qwen/Qwen3-8B,cooperative,cooperative,75,2,0.5,17.499999999999986,4.3749999999999964,0.0,0.5833333333333335,36.0,7.0,0.1111111111111111,126.0,11.66666666666666,3.888888888888887,8.333333333333334,1.0,0.3333333333333333,5.833333333333327,5.833333333333327,11.0,1.0,1.0,-1.9444444444444398,-0.6666666666666667,5.248888888888884,0.2310515920000823,191,0.387434554973822,0.13089005235602094,0.47643979057591623,91,0.005235602094240838,75,0.38666666666666666,0.14666666666666667,0.4666666666666667,35,0.0,191,2,0.010471204188481676,0.387434554973822,0.13089005235602094,0.47643979057591623,0.005235602094240838
C:\Users\hello\GitHubRepos\MA-NormEmergence\saved_runs\exp2_three_llm\qwen3_8b\cooperative\cooperative\seed_3,3,3,1,Qwen/Qwen3-8B,cooperative,cooperative,75,4,1.0,40.833333333333286,10.208333333333321,5.83333333333332,0.10714285714285746,44.0,11.0,0.0,175.0,29.16666666666663,9.722222222222209,11.0,3.0,1.0,11.66666666666666,11.66666666666666,11.0,1.0,1.0,-1.9444444444444517,0.0,8.144444444444439,0.11763928269519859,225,0.24,0.14666666666666667,0.5911111111111111,133,0.022222222222222223,75,0.29333333333333333,0.14666666666666667,0.56,42,0.0,225,5,0.022222222222222223,0.24,0.14666666666666667,0.5911111111111111,0.022222222222222223
C:\Users\hello\GitHubRepos\MA-NormEmergence\saved_runs\exp2_three_llm\qwen3_8b\cooperative\cooperative\seed_4,4,3,1,Qwen/Qwen3-8B,cooperative,cooperative,75,4,1.0,46.66666666666663,11.666666666666657,11.666666666666655,8.564577618536928e-17,44.0,11.0,0.0,156.0,34.99999999999997,11.666666666666657,11.0,3.0,1.0,11.66666666666666,11.66666666666666,11.0,1.0,1.0,-3.552713678800501e-15,0.0,7.211111111111106,0.12545935209236211,225,0.31555555555555553,0.14666666666666667,0.5244444444444445,118,0.013333333333333334,75,0.3466666666666667,0.14666666666666667,0.5066666666666667,38,0.0,225,1,0.0044444444444444444,0.31555555555555553,0.14666666666666667,0.5244444444444445,0.013333333333333334
C:\Users\hello\GitHubRepos\MA-NormEmergence\saved_runs\exp2_three_llm\qwen3_8b\cooperative\cooperative\seed_5,5,3,1,Qwen/Qwen3-8B,cooperative,cooperative,75,3,0.75,29.166666666666643,7.291666666666661,0.0,0.35000000000000014,38.0,5.0,0.11842105263157894,138.0,23.333333333333314,7.7777777777777715,9.0,2.0,0.6666666666666666,5.833333333333327,5.833333333333327,11.0,1.0,1.0,1.9444444444444446,-0.33333333333333337,4.911111111111107,0.20898686756685642,196,0.32142857142857145,0.1377551020408163,0.5306122448979592,104,0.01020408163265306,75,0.4,0.14666666666666667,0.4533333333333333,34,0.0,196,3,0.015306122448979591,0.32142857142857145,0.1377551020408163,0.5306122448979592,0.01020408163265306
C:\Users\hello\GitHubRepos\MA-NormEmergence\saved_runs\exp2_three_llm\qwen3_8b\cooperative\cooperative\seed_6,6,3,1,Qwen/Qwen3-8B,cooperative,cooperative,75,4,1.0,34.99999999999997,8.749999999999993,5.833333333333327,0.16666666666666677,44.0,11.0,0.0,153.0,29.166666666666643,9.722222222222214,11.0,3.0,1.0,5.833333333333327,5.833333333333327,11.0,1.0,1.0,3.8888888888888875,0.0,7.211111111111106,0.1206762157966651,225,0.32,0.14666666666666667,0.52,117,0.013333333333333334,75,0.37333333333333335,0.14666666666666667,0.48,36,0.0,225,1,0.0044444444444444444,0.32,0.14666666666666667,0.52,0.013333333333333334
C:\Users\hello\GitHubRepos\MA-NormEmergence\saved_runs\exp2_three_llm\qwen3_8b\cooperative\cooperative\seed_7,7,3,1,Qwen/Qwen3-8B,cooperative,cooperative,75,4,1.0,46.666666666666615,11.666666666666654,5.833333333333323,0.18750000000000014,44.0,11.0,0.0,177.0,34.99999999999996,11.666666666666652,11.0,3.0,1.0,11.66666666666666,11.66666666666666,11.0,1.0,1.0,-8.881784197001252e-15,0.0,8.766666666666659,0.11007869223472831,225,0.2311111111111111,0.14666666666666667,0.6088888888888889,137,0.013333333333333334,75,0.32,0.14666666666666667,0.5333333333333333,40,0.0,225,4,0.017777777777777778,0.2311111111111111,0.14666666666666667,0.6088888888888889,0.013333333333333334
C:\Users\hello\GitHubRepos\MA-NormEmergence\saved_runs\exp2_three_llm\qwen3_8b\cooperative\cooperative\seed_8,8,3,1,Qwen/Qwen3-8B,cooperative,cooperative,75,4,1.0,29.166666666666632,7.291666666666658,5.833333333333323,0.1500000000000003,44.0,11.0,0.0,122.0,17.49999999999997,5.833333333333324,11.0,3.0,1.0,11.66666666666666,11.66666666666666,11.0,1.0,1.0,-5.833333333333337,0.0,7.522222222222216,0.1180142452544225,225,0.4311111111111111,0.14666666666666667,0.4088888888888889,92,0.013333333333333334,75,0.4533333333333333,0.14666666666666667,0.4,30,0.0,225,2,0.008888888888888889,0.4311111111111111,0.14666666666666667,0.4088888888888889,0.013333333333333334
C:\Users\hello\GitHubRepos\MA-NormEmergence\saved_runs\exp2_three_llm\qwen3_8b\cooperative\cooperative\seed_9,9,3,1,Qwen/Qwen3-8B,cooperative,cooperative,75,3,0.75,17.49999999999998,4.374999999999995,0.0,0.25,43.0,10.0,0.01744186046511628,150.0,11.666666666666654,3.8888888888888844,10.666666666666666,2.0,0.6666666666666666,5.833333333333327,5.833333333333327,11.0,1.0,1.0,-1.9444444444444424,-0.33333333333333337,6.433333333333326,0.13538516221742905,225,0.3422222222222222,0.14222222222222222,0.5155555555555555,116,0.0,75,0.4,0.14666666666666667,0.4533333333333333,34,0.0,225,3,0.013333333333333334,0.3422222222222222,0.14222222222222222,0.5155555555555555,0.0
C:\Users\hello\GitHubRepos\MA-NormEmergence\saved_runs\exp2_three_llm\qwen3_8b\cooperative\self_interested\seed_1,1,3,1,Qwen/Qwen3-8B,cooperative,self_interested,75,4,1.0,105.00000000000011,26.25000000000003,5.833333333333327,0.5000000000000006,56.0,11.0,0.16071428571428573,121.0,29.166666666666643,9.722222222222214,11.0,3.0,1.0,75.83333333333347,75.83333333333347,23.0,1.0,1.0,-66.11111111111126,0.0,7.2888888888888825,0.4065934843384658,225,0.3022222222222222,0.14666666666666667,0.5377777777777778,121,0.013333333333333334,75,0.6933333333333334,0.30666666666666664,0.0,0,0.0,225,2,0.008888888888888889,0.3022222222222222,0.14666666666666667,0.5377777777777778,0.013333333333333334
C:\Users\hello\GitHubRepos\MA-NormEmergence\saved_runs\exp2_three_llm\qwen3_8b\cooperative\self_interested\seed_10,10,3,1,Qwen/Qwen3-8B,cooperative,self_interested,75,3,0.75,116.6666666666668,29.1666666666667,0.0,0.6250000000000004,55.0,7.0,0.2590909090909091,106.0,23.333333333333307,7.777777777777769,9.666666666666666,2.0,0.6666666666666666,93.3333333333335,93.3333333333335,26.0,1.0,1.0,-85.55555555555573,-0.33333333333333337,6.259999999999992,0.4443001544348373,208,0.34134615384615385,0.13942307692307693,0.5096153846153846,106,0.009615384615384616,75,0.6533333333333333,0.3466666666666667,0.0,0,0.0,208,3,0.014423076923076924,0.34134615384615385,0.13942307692307693,0.5096153846153846,0.009615384615384616
C:\Users\hello\GitHubRepos\MA-NormEmergence\saved_runs\exp2_three_llm\qwen3_8b\cooperative\self_interested\seed_2,2,3,1,Qwen/Qwen3-8B,cooperative,self_interested,75,4,1.0,105.00000000000006,26.250000000000014,5.833333333333323,0.5000000000000003,56.0,11.0,0.16071428571428573,105.0,29.166666666666636,9.722222222222213,11.0,3.0,1.0,75.83333333333341,75.83333333333341,23.0,1.0,1.0,-66.1111111111112,0.0,7.211111111111104,0.3936059800723229,225,0.37777777777777777,0.14666666666666667,0.4666666666666667,105,0.008888888888888889,75,0.6933333333333334,0.30666666666666664,0.0,0,0.0,225,4,0.017777777777777778,0.37777777777777777,0.14666666666666667,0.4666666666666667,0.008888888888888889
C:\Users\hello\GitHubRepos\MA-NormEmergence\saved_runs\exp2_three_llm\qwen3_8b\cooperative\self_interested\seed_3,3,3,1,Qwen/Qwen3-8B,cooperative,self_interested,75,4,1.0,122.50000000000006,30.625000000000014,5.83333333333332,0.5357142857142861,59.0,11.0,0.1906779661016949,129.0,29.16666666666662,9.722222222222207,11.0,3.0,1.0,93.33333333333344,93.33333333333344,26.0,1.0,1.0,-83.61111111111123,0.0,8.06666666666666,0.3903398370605859,225,0.26666666666666666,0.14666666666666667,0.5733333333333334,129,0.013333333333333334,75,0.6533333333333333,0.3466666666666667,0.0,0,0.0,225,1,0.0044444444444444444,0.26666666666666666,0.14666666666666667,0.5733333333333334,0.013333333333333334
C:\Users\hello\GitHubRepos\MA-NormEmergence\saved_runs\exp2_three_llm\qwen3_8b\cooperative\self_interested\seed_4,4,3,1,Qwen/Qwen3-8B,cooperative,self_interested,75,2,0.5,99.16666666666684,24.79166666666671,0.0,0.7205882352941178,57.0,10.0,0.2149122807017544,99.0,5.833333333333323,1.944444444444441,10.333333333333334,1.0,0.3333333333333333,93.33333333333351,93.33333333333351,26.0,1.0,1.0,-91.38888888888907,-0.6666666666666667,6.511111111111104,0.44958312651679894,225,0.4088888888888889,0.13777777777777778,0.44,99,0.013333333333333334,75,0.6533333333333333,0.3466666666666667,0.0,0,0.0,225,2,0.008888888888888889,0.4088888888888889,0.13777777777777778,0.44,0.013333333333333334
C:\Users\hello\GitHubRepos\MA-NormEmergence\saved_runs\exp2_three_llm\qwen3_8b\cooperative\self_interested\seed_5,5,3,1,Qwen/Qwen3-8B,cooperative,self_interested,75,3,0.75,116.66666666666683,29.166666666666707,0.0,0.6500000000000004,55.0,6.0,0.2863636363636364,108.0,17.49999999999998,5.833333333333326,9.333333333333334,2.0,0.6666666666666666,99.16666666666686,99.16666666666686,27.0,1.0,1.0,-93.33333333333353,-0.33333333333333337,5.708888888888883,0.44636572516239087,202,0.3069306930693069,0.13861386138613863,0.5346534653465347,108,0.019801980198019802,75,0.64,0.36,0.0,0,0.0,202,1,0.0049504950495049506,0.3069306930693069,0.13861386138613863,0.5346534653465347,0.019801980198019802
C:\Users\hello\GitHubRepos\MA-NormEmergence\saved_runs\exp2_three_llm\qwen3_8b\cooperative\self_interested\seed_6,6,3,1,Qwen/Qwen3-8B,cooperative,self_interested,75,2,0.5,116.66666666666669,29.16666666666667,0.0,0.5750000000000001,45.0,4.0,0.37222222222222223,55.0,40.83333333333331,13.611111111111102,7.333333333333333,1.0,0.3333333333333333,75.83333333333337,75.83333333333337,23.0,1.0,1.0,-62.22222222222227,-0.6666666666666667,3.8666666666666636,0.4927771023494452,155,0.49032258064516127,0.14193548387096774,0.3548387096774194,55,0.012903225806451613,75,0.6933333333333334,0.30666666666666664,0.0,0,0.0,155,6,0.03870967741935484,0.49032258064516127,0.14193548387096774,0.3548387096774194,0.012903225806451613
C:\Users\hello\GitHubRepos\MA-NormEmergence\saved_runs\exp2_three_llm\qwen3_8b\cooperative\self_interested\seed_7,7,3,1,Qwen/Qwen3-8B,cooperative,self_interested,75,4,1.0,93.33333333333341,23.333333333333353,5.833333333333315,0.5312500000000007,55.0,11.0,0.15,115.0,23.333333333333286,7.777777777777762,11.0,3.0,1.0,70.00000000000013,70.00000000000013,22.0,1.0,1.0,-62.22222222222236,0.0,8.299999999999988,0.40240116024353534,225,0.3333333333333333,0.14666666666666667,0.5111111111111111,115,0.008888888888888889,75,0.7066666666666667,0.29333333333333333,0.0,0,0.0,225,2,0.008888888888888889,0.3333333333333333,0.14666666666666667,0.5111111111111111,0.008888888888888889
C:\Users\hello\GitHubRepos\MA-NormEmergence\saved_runs\exp2_three_llm\qwen3_8b\cooperative\self_interested\seed_8,8,3,1,Qwen/Qwen3-8B,cooperative,self_interested,75,2,0.5,75.83333333333329,18.95833333333332,0.0,0.6730769230769231,51.0,9.0,0.18137254901960784,120.0,11.666666666666652,3.888888888888884,10.0,1.0,0.3333333333333333,64.16666666666663,64.16666666666663,21.0,1.0,1.0,-60.27777777777774,-0.6666666666666667,7.866666666666655,0.36905321640035105,220,0.3090909090909091,0.13636363636363635,0.5454545454545454,120,0.00909090909090909,75,0.72,0.28,0.0,0,0.0,220,1,0.004545454545454545,0.3090909090909091,0.13636363636363635,0.5454545454545454,0.00909090909090909
C:\Users\hello\GitHubRepos\MA-NormEmergence\saved_runs\exp2_three_llm\qwen3_8b\cooperative\self_interested\seed_9,9,3,1,Qwen/Qwen3-8B,cooperative,self_interested,75,3,0.75,81.66666666666666,20.416666666666664,0.0,0.6428571428571429,50.0,6.0,0.24,93.0,11.66666666666665,3.8888888888888835,9.333333333333334,2.0,0.6666666666666666,70.00000000000001,70.00000000000001,22.0,1.0,1.0,-66.11111111111113,-0.33333333333333337,5.553333333333328,0.44372428995471286,202,0.400990099009901,0.13861386138613863,0.4603960396039604,93,0.0,75,0.7066666666666667,0.29333333333333333,0.0,0,0.0,202,2,0.009900990099009901,0.400990099009901,0.13861386138613863,0.4603960396039604,0.0
C:\Users\hello\GitHubRepos\MA-NormEmergence\saved_runs\exp2_three_llm\qwen3_8b\self_interested\altruistic\seed_1,1,3,1,Qwen/Qwen3-8B,self_interested,altruistic,75,3,0.75,256.66666666666686,64.16666666666671,0.0,0.28409090909090906,78.0,4.0,0.21794871794871795,6.0,256.66666666666686,85.55555555555561,24.666666666666668,3.0,1.0,0.0,0.0,4.0,0.0,0.0,85.55555555555561,1.0,4.33333333333333,0.23339052100695729,225,0.6666666666666666,0.3288888888888889,0.0,0,0.0044444444444444444,40,0.75,0.1,0.15,6,0.0,225,2,0.008888888888888889,0.6666666666666666,0.3288888888888889,0.0,0.0044444444444444444
C:\Users\hello\GitHubRepos\MA-NormEmergence\saved_runs\exp2_three_llm\qwen3_8b\self_interested\altruistic\seed_10,10,3,1,Qwen/Qwen3-8B,self_interested,altruistic,75,3,0.75,262.50000000000057,65.62500000000014,0.0,0.27222222222222214,83.0,8.0,0.16566265060240964,14.0,262.50000000000057,87.50000000000018,25.0,3.0,1.0,0.0,0.0,8.0,0.0,0.0,87.50000000000018,1.0,6.719999999999995,0.2232112525357764,225,0.6577777777777778,0.3333333333333333,0.008888888888888889,2,0.0,64,0.6875,0.125,0.1875,12,0.0,225,4,0.017777777777777778,0.6577777777777778,0.3333333333333333,0.008888888888888889,0.0
C:\Users\hello\GitHubRepos\MA-NormEmergence\saved_runs\exp2_three_llm\qwen3_8b\self_interested\altruistic\seed_2,2,3,1,Qwen/Qwen3-8B,self_interested,altruistic,75,3,0.75,163.33333333333323,40.83333333333331,0.0,0.26785714285714285,55.0,0.0,0.2590909090909091,2.0,163.33333333333323,54.44444444444441,18.333333333333332,3.0,1.0,0.0,0.0,0.0,0.0,0.0,54.44444444444441,1.0,1.819999999999999,0.26224796132987394,225,0.7511111111111111,0.24444444444444444,0.0,0,0.0044444444444444444,17,0.8823529411764706,0.0,0.11764705882352941,2,0.0,225,1,0.0044444444444444444,0.7511111111111111,0.24444444444444444,0.0,0.0044444444444444444
C:\Users\hello\GitHubRepos\MA-NormEmergence\saved_runs\exp2_three_llm\qwen3_8b\self_interested\altruistic\seed_3,3,3,1,Qwen/Qwen3-8B,self_interested,altruistic,75,3,0.75,280.00000000000034,70.00000000000009,0.0,0.3020833333333334,86.0,9.0,0.1744186046511628,10.0,280.00000000000034,93.33333333333344,25.666666666666668,3.0,1.0,0.0,0.0,9.0,0.0,0.0,93.33333333333344,1.0,7.088888888888884,0.244367185968501,225,0.6533333333333333,0.3422222222222222,0.0,0,0.0044444444444444444,70,0.7285714285714285,0.12857142857142856,0.14285714285714285,10,0.0,225,3,0.013333333333333334,0.6533333333333333,0.3422222222222222,0.0,0.0044444444444444444
C:\Users\hello\GitHubRepos\MA-NormEmergence\saved_runs\exp2_three_llm\qwen3_8b\self_interested\altruistic\seed_4,4,3,1,Qwen/Qwen3-8B,self_interested,altruistic,75,3,0.75,192.5,48.125,0.0,0.3257575757575761,65.0,3.0,0.2423076923076923,7.0,192.5,64.16666666666667,20.666666666666668,3.0,1.0,0.0,0.0,3.0,0.0,0.0,64.16666666666667,1.0,3.588888888888886,0.254242966339908,225,0.7244444444444444,0.27555555555555555,0.0,0,0.0,35,0.7142857142857143,0.08571428571428572,0.2,7,0.0,225,2,0.008888888888888889,0.7244444444444444,0.27555555555555555,0.0,0.0
C:\Users\hello\GitHubRepos\MA-NormEmergence\saved_runs\exp2_three_llm\qwen3_8b\self_interested\altruistic\seed_5,5,3,1,Qwen/Qwen3-8B,self_interested,altruistic,75,3,0.75,139.9999999999999,34.99999999999997,0.0,0.29166666666666674,57.0,3.0,0.2149122807017544,5.0,139.9999999999999,46.66666666666663,18.0,3.0,1.0,0.0,0.0,3.0,0.0,0.0,46.66666666666663,1.0,3.4333333333333305,0.24494061875804846,225,0.76,0.24,0.0,0,0.0,35,0.7714285714285715,0.08571428571428572,0.14285714285714285,5,0.0,225,1,0.0044444444444444444,0.76,0.24,0.0,0.0
C:\Users\hello\GitHubRepos\MA-NormEmergence\saved_runs\exp2_three_llm\qwen3_8b\self_interested\altruistic\seed_6,6,3,1,Qwen/Qwen3-8B,self_interested,altruistic,75,3,0.75,291.66666666666725,72.91666666666681,0.0,0.25999999999999995,86.0,9.0,0.1511627906976744,15.0,291.66666666666725,97.22222222222241,25.666666666666668,3.0,1.0,0.0,0.0,9.0,0.0,0.0,97.22222222222241,1.0,7.7888888888888825,0.2188534065194552,225,0.6533333333333333,0.3422222222222222,0.0,0,0.0044444444444444444,70,0.6571428571428571,0.12857142857142856,0.21428571428571427,15,0.0,225,2,0.008888888888888889,0.6533333333333333,0.3422222222222222,0.0,0.0044444444444444444
C:\Users\hello\GitHubRepos\MA-NormEmergence\saved_runs\exp2_three_llm\qwen3_8b\self_interested\altruistic\seed_7,7,3,1,Qwen/Qwen3-8B,self_interested,altruistic,75,3,0.75,204.1666666666672,51.0416666666668,0.0,0.2642857142857143,74.0,9.0,0.13513513513513514,12.0,204.1666666666672,68.05555555555573,21.666666666666668,3.0,1.0,0.0,0.0,9.0,0.0,0.0,68.05555555555573,1.0,7.011111111111107,0.21722025312955723,225,0.7066666666666667,0.28888888888888886,0.0044444444444444444,1,0.0,70,0.7142857142857143,0.12857142857142856,0.15714285714285714,11,0.0,225,0,0.0,0.7066666666666667,0.28888888888888886,0.0044444444444444444,0.0
C:\Users\hello\GitHubRepos\MA-NormEmergence\saved_runs\exp2_three_llm\qwen3_8b\self_interested\altruistic\seed_8,8,3,1,Qwen/Qwen3-8B,self_interested,altruistic,75,3,0.75,221.6666666666669,55.41666666666673,0.0,0.26315789473684204,74.0,6.0,0.17567567567567569,7.0,221.6666666666669,73.88888888888897,22.666666666666668,3.0,1.0,0.0,0.0,6.0,0.0,0.0,73.88888888888897,1.0,5.708888888888885,0.2300913774511844,225,0.6977777777777778,0.3022222222222222,0.0,0,0.0,52,0.75,0.11538461538461539,0.1346153846153846,7,0.0,225,1,0.0044444444444444444,0.6977777777777778,0.3022222222222222,0.0,0.0
C:\Users\hello\GitHubRepos\MA-NormEmergence\saved_runs\exp2_three_llm\qwen3_8b\self_interested\altruistic\seed_9,9,3,1,Qwen/Qwen3-8B,self_interested,altruistic,75,3,0.75,204.16666666666686,51.041666666666714,0.0,0.3214285714285716,75.0,10.0,0.15,12.0,204.16666666666686,68.05555555555561,21.666666666666668,3.0,1.0,0.0,0.0,10.0,0.0,0.0,68.05555555555561,1.0,7.599999999999994,0.223238513991567,225,0.7066666666666667,0.28888888888888886,0.0044444444444444444,1,0.0,75,0.72,0.13333333333333333,0.14666666666666667,11,0.0,225,2,0.008888888888888889,0.7066666666666667,0.28888888888888886,0.0044444444444444444,0.0
C:\Users\hello\GitHubRepos\MA-NormEmergence\saved_runs\exp2_three_llm\qwen3_8b\self_interested\cooperative\seed_1,1,3,1,Qwen/Qwen3-8B,self_interested,cooperative,75,4,1.0,320.8333333333337,80.20833333333343,75.83333333333331,0.031818181818182155,82.0,11.0,0.12195121951219512,3.0,245.00000000000037,81.66666666666679,23.666666666666668,3.0,1.0,75.83333333333331,75.83333333333331,11.0,1.0,1.0,5.833333333333471,0.0,41.12222222222222,0.08785387967703112,225,0.6844444444444444,0.31555555555555553,0.0,0,0.0,75,0.8133333333333334,0.14666666666666667,0.04,3,0.0,225,1,0.0044444444444444444,0.6844444444444444,0.31555555555555553,0.0,0.0
C:\Users\hello\GitHubRepos\MA-NormEmergence\saved_runs\exp2_three_llm\qwen3_8b\self_interested\cooperative\seed_10,10,3,1,Qwen/Qwen3-8B,self_interested,cooperative,75,4,1.0,221.66666666666663,55.41666666666666,46.66666666666666,0.06578947368421073,71.0,11.0,0.10915492957746478,5.0,174.99999999999997,58.33333333333332,20.0,3.0,1.0,46.66666666666666,46.66666666666666,11.0,1.0,1.0,11.666666666666664,0.0,39.25555555555554,0.07309897737913557,225,0.7333333333333333,0.26666666666666666,0.0,0,0.0,75,0.7866666666666666,0.14666666666666667,0.06666666666666667,5,0.0,225,2,0.008888888888888889,0.7333333333333333,0.26666666666666666,0.0,0.0
C:\Users\hello\GitHubRepos\MA-NormEmergence\saved_runs\exp2_three_llm\qwen3_8b\self_interested\cooperative\seed_2,2,3,1,Qwen/Qwen3-8B,self_interested,cooperative,75,4,1.0,192.4999999999999,48.12499999999997,29.16666666666666,0.11363636363636359,68.0,11.0,0.10294117647058823,2.0,163.33333333333323,54.44444444444441,19.0,3.0,1.0,29.16666666666666,29.16666666666666,11.0,1.0,1.0,25.277777777777747,0.0,23.15555555555555,0.13152992844557665,225,0.7466666666666667,0.25333333333333335,0.0,0,0.0,75,0.8266666666666667,0.14666666666666667,0.02666666666666667,2,0.0,225,1,0.0044444444444444444,0.7466666666666667,0.25333333333333335,0.0,0.0
C:\Users\hello\GitHubRepos\MA-NormEmergence\saved_runs\exp2_three_llm\qwen3_8b\self_interested\cooperative\seed_3,3,3,1,Qwen/Qwen3-8B,self_interested,cooperative,75,4,1.0,145.8333333333332,36.4583333333333,17.499999999999993,0.21000000000000005,62.0,11.0,0.10483870967741936,4.0,128.3333333333332,42.777777777777736,17.0,3.0,1.0,17.499999999999993,17.499999999999993,11.0,1.0,1.0,25.277777777777743,0.0,19.577777777777772,0.14465460251371018,225,0.7688888888888888,0.22666666666666666,0.0044444444444444444,1,0.0,75,0.8133333333333334,0.14666666666666667,0.04,3,0.0,225,1,0.0044444444444444444,0.7688888888888888,0.22666666666666666,0.0044444444444444444,0.0
C:\Users\hello\GitHubRepos\MA-NormEmergence\saved_runs\exp2_three_llm\qwen3_8b\self_interested\cooperative\seed_4,4,3,1,Qwen/Qwen3-8B,self_interested,cooperative,75,4,1.0,180.83333333333323,45.20833333333331,23.333333333333325,0.20161290322580655,68.0,11.0,0.125,3.0,157.49999999999991,52.49999999999997,19.0,3.0,1.0,23.333333333333325,23.333333333333325,11.0,1.0,1.0,29.166666666666647,0.0,29.299999999999994,0.12412833955265264,225,0.7466666666666667,0.25333333333333335,0.0,0,0.0,75,0.8133333333333334,0.14666666666666667,0.04,3,0.0,225,1,0.0044444444444444444,0.7466666666666667,0.25333333333333335,0.0,0.0
C:\Users\hello\GitHubRepos\MA-NormEmergence\saved_runs\exp2_three_llm\qwen3_8b\self_interested\cooperative\seed_5,5,3,1,Qwen/Qwen3-8B,self_interested,cooperative,75,4,1.0,250.83333333333326,62.708333333333314,40.83333333333332,0.16860465116279086,75.0,11.0,0.15,4.0,209.99999999999994,69.99999999999999,21.333333333333332,3.0,1.0,40.83333333333332,40.83333333333332,11.0,1.0,1.0,29.166666666666664,0.0,34.89999999999999,0.09288719619544976,225,0.7066666666666667,0.28444444444444444,0.0,0,0.008888888888888889,75,0.8,0.14666666666666667,0.05333333333333334,4,0.0,225,1,0.0044444444444444444,0.7066666666666667,0.28444444444444444,0.0,0.008888888888888889
C:\Users\hello\GitHubRepos\MA-NormEmergence\saved_runs\exp2_three_llm\qwen3_8b\self_interested\cooperative\seed_6,6,3,1,Qwen/Qwen3-8B,self_interested,cooperative,75,4,1.0,198.3333333333333,49.58333333333332,23.333333333333325,0.2058823529411767,71.0,11.0,0.13028169014084506,2.0,174.99999999999997,58.33333333333332,20.0,3.0,1.0,23.333333333333325,23.333333333333325,11.0,1.0,1.0,35.0,0.0,26.966666666666658,0.13612545782929025,225,0.7333333333333333,0.26666666666666666,0.0,0,0.0,75,0.8266666666666667,0.14666666666666667,0.02666666666666667,2,0.0,225,2,0.008888888888888889,0.7333333333333333,0.26666666666666666,0.0,0.0
C:\Users\hello\GitHubRepos\MA-NormEmergence\saved_runs\exp2_three_llm\qwen3_8b\self_interested\cooperative\seed_7,7,3,1,Qwen/Qwen3-8B,self_interested,cooperative,75,4,1.0,280.00000000000034,70.00000000000009,58.33333333333333,0.06250000000000046,78.0,11.0,0.11538461538461539,4.0,221.666666666667,73.888888888889,22.333333333333332,3.0,1.0,58.33333333333333,58.33333333333333,11.0,1.0,1.0,15.55555555555567,0.0,42.36666666666667,0.06675632283902175,225,0.6844444444444444,0.29777777777777775,0.0044444444444444444,1,0.013333333333333334,75,0.8133333333333334,0.14666666666666667,0.04,3,0.0,225,0,0.0,0.6844444444444444,0.29777777777777775,0.0044444444444444444,0.013333333333333334
C:\Users\hello\GitHubRepos\MA-NormEmergence\saved_runs\exp2_three_llm\qwen3_8b\self_interested\cooperative\seed_8,8,3,1,Qwen/Qwen3-8B,self_interested,cooperative,75,4,1.0,198.33333333333337,49.58333333333334,34.99999999999999,0.11764705882352987,69.0,11.0,0.11231884057971014,5.0,163.33333333333337,54.44444444444446,19.333333333333332,3.0,1.0,34.99999999999999,34.99999999999999,11.0,1.0,1.0,19.444444444444464,0.0,36.92222222222222,0.0869626900741002,225,0.7377777777777778,0.2577777777777778,0.0,0,0.0044444444444444444,75,0.7866666666666666,0.14666666666666667,0.06666666666666667,5,0.0,225,0,0.0,0.7377777777777778,0.2577777777777778,0.0,0.0044444444444444444
C:\Users\hello\GitHubRepos\MA-NormEmergence\saved_runs\exp2_three_llm\qwen3_8b\self_interested\cooperative\seed_9,9,3,1,Qwen/Qwen3-8B,self_interested,cooperative,75,4,1.0,204.16666666666666,51.041666666666664,23.333333333333325,0.1500000000000003,72.0,11.0,0.10416666666666667,6.0,180.83333333333334,60.27777777777778,20.333333333333332,3.0,1.0,23.333333333333325,23.333333333333325,11.0,1.0,1.0,36.94444444444446,0.0,35.05555555555555,0.0809162335682412,225,0.7288888888888889,0.27111111111111114,0.0,0,0.0,75,0.7733333333333333,0.14666666666666667,0.08,6,0.0,225,0,0.0,0.7288888888888889,0.27111111111111114,0.0,0.0
C:\Users\hello\GitHubRepos\MA-NormEmergence\saved_runs\exp2_three_llm\qwen3_8b\self_interested\self_interested\seed_1,1,3,1,Qwen/Qwen3-8B,self_interested,self_interested,75,4,1.0,69.99999999999982,17.499999999999954,5.8333333333332895,0.3333333333333342,52.0,11.0,0.07692307692307693,0.0,64.16666666666653,21.388888888888843,13.666666666666666,3.0,1.0,5.8333333333332895,5.8333333333332895,11.0,1.0,1.0,15.555555555555554,0.0,23.311111111111092,0.13042752909485625,225,0.8133333333333334,0.18222222222222223,0.0,0,0.0044444444444444444,75,0.8533333333333334,0.14666666666666667,0.0,0,0.0,225,0,0.0,0.8133333333333334,0.18222222222222223,0.0,0.0044444444444444444
C:\Users\hello\GitHubRepos\MA-NormEmergence\saved_runs\exp2_three_llm\qwen3_8b\self_interested\self_interested\seed_10,10,3,1,Qwen/Qwen3-8B,self_interested,self_interested,75,4,1.0,163.3333333333334,40.83333333333335,17.499999999999954,0.26785714285714385,68.0,13.0,0.11029411764705882,0.0,140.0000000000001,46.66666666666671,18.0,3.0,1.0,23.33333333333329,23.33333333333329,14.0,1.0,1.0,23.333333333333417,0.0,30.155555555555534,0.14677969441115743,225,0.76,0.24,0.0,0,0.0,75,0.8133333333333334,0.18666666666666668,0.0,0,0.0,225,3,0.013333333333333334,0.76,0.24,0.0,0.0
C:\Users\hello\GitHubRepos\MA-NormEmergence\saved_runs\exp2_three_llm\qwen3_8b\self_interested\self_interested\seed_2,2,3,1,Qwen/Qwen3-8B,self_interested,self_interested,75,4,1.0,180.83333333333317,45.20833333333329,34.99999999999996,0.08870967741935494,70.0,16.0,0.04285714285714286,0.0,128.3333333333332,42.777777777777736,17.0,3.0,1.0,52.499999999999964,52.499999999999964,19.0,1.0,1.0,-9.722222222222229,0.0,29.611111111111097,0.06486223878499166,225,0.7688888888888888,0.22666666666666666,0.0,0,0.0044444444444444444,75,0.7466666666666667,0.25333333333333335,0.0,0,0.0,225,0,0.0,0.7688888888888888,0.22666666666666666,0.0,0.0044444444444444444
C:\Users\hello\GitHubRepos\MA-NormEmergence\saved_runs\exp2_three_llm\qwen3_8b\self_interested\self_interested\seed_3,3,3,1,Qwen/Qwen3-8B,self_interested,self_interested,75,4,1.0,285.83333333333366,71.45833333333341,46.66666666666663,0.15816326530612304,89.0,18.0,0.08707865168539326,0.0,227.50000000000034,75.83333333333344,23.0,3.0,1.0,58.3333333333333,58.3333333333333,20.0,1.0,1.0,17.500000000000142,0.0,48.27777777777776,0.07106480848919453,225,0.6933333333333334,0.30666666666666664,0.0,0,0.0,75,0.7333333333333333,0.26666666666666666,0.0,0,0.0,225,4,0.017777777777777778,0.6933333333333334,0.30666666666666664,0.0,0.0
C:\Users\hello\GitHubRepos\MA-NormEmergence\saved_runs\exp2_three_llm\qwen3_8b\self_interested\self_interested\seed_4,4,3,1,Qwen/Qwen3-8B,self_interested,self_interested,75,4,1.0,215.83333333333337,53.95833333333334,34.99999999999996,0.12837837837837898,77.0,16.0,0.06168831168831169,0.0,180.8333333333334,60.2777777777778,20.333333333333332,3.0,1.0,34.99999999999996,34.99999999999996,16.0,1.0,1.0,25.277777777777843,0.0,31.166666666666654,0.11063592047080043,225,0.7288888888888889,0.27111111111111114,0.0,0,0.0,75,0.7866666666666666,0.21333333333333335,0.0,0,0.0,225,2,0.008888888888888889,0.7288888888888889,0.27111111111111114,0.0,0.0
C:\Users\hello\GitHubRepos\MA-NormEmergence\saved_runs\exp2_three_llm\qwen3_8b\self_interested\self_interested\seed_5,5,3,1,Qwen/Qwen3-8B,self_interested,self_interested,75,4,1.0,285.8333333333338,71.45833333333346,64.16666666666669,0.04591836734693929,89.0,21.0,0.025280898876404494,0.0,215.83333333333377,71.94444444444458,22.333333333333332,3.0,1.0,70.00000000000006,70.00000000000006,22.0,1.0,1.0,1.9444444444445281,0.0,48.277777777777764,0.0573334372114698,225,0.7022222222222222,0.29777777777777775,0.0,0,0.0,75,0.7066666666666667,0.29333333333333333,0.0,0,0.0,225,1,0.0044444444444444444,0.7022222222222222,0.29777777777777775,0.0,0.0
C:\Users\hello\GitHubRepos\MA-NormEmergence\saved_runs\exp2_three_llm\qwen3_8b\self_interested\self_interested\seed_6,6,3,1,Qwen/Qwen3-8B,self_interested,self_interested,75,4,1.0,157.49999999999983,39.37499999999996,17.499999999999954,0.19444444444444478,67.0,13.0,0.07835820895522388,0.0,139.9999999999999,46.66666666666663,18.0,3.0,1.0,17.499999999999954,17.499999999999954,13.0,1.0,1.0,29.166666666666675,0.0,28.44444444444443,0.12362463887099259,225,0.76,0.24,0.0,0,0.0,75,0.8266666666666667,0.17333333333333334,0.0,0,0.0,225,0,0.0,0.76,0.24,0.0,0.0
C:\Users\hello\GitHubRepos\MA-NormEmergence\saved_runs\exp2_three_llm\qwen3_8b\self_interested\self_interested\seed_7,7,3,1,Qwen/Qwen3-8B,self_interested,self_interested,75,4,1.0,227.5,56.875,46.66666666666663,0.0833333333333338,79.0,18.0,0.04113924050632911,0.0,175.00000000000003,58.33333333333334,20.0,3.0,1.0,52.499999999999964,52.499999999999964,19.0,1.0,1.0,5.833333333333378,0.0,39.95555555555554,0.07033785396743308,225,0.7333333333333333,0.26666666666666666,0.0,0,0.0,75,0.7466666666666667,0.25333333333333335,0.0,0,0.0,225,0,0.0,0.7333333333333333,0.26666666666666666,0.0,0.0
C:\Users\hello\GitHubRepos\MA-NormEmergence\saved_runs\exp2_three_llm\qwen3_8b\self_interested\self_interested\seed_8,8,3,1,Qwen/Qwen3-8B,self_interested,self_interested,75,4,1.0,291.66666666666697,72.91666666666674,58.3333333333333,0.08000000000000058,90.0,20.0,0.044444444444444446,0.0,215.8333333333335,71.9444444444445,22.333333333333332,3.0,1.0,75.83333333333344,75.83333333333344,23.0,1.0,1.0,-3.8888888888889426,0.0,45.633333333333326,0.07074449297026024,225,0.7022222222222222,0.29777777777777775,0.0,0,0.0,75,0.6933333333333334,0.30666666666666664,0.0,0,0.0,225,0,0.0,0.7022222222222222,0.29777777777777775,0.0,0.0
C:\Users\hello\GitHubRepos\MA-NormEmergence\saved_runs\exp2_three_llm\qwen3_8b\self_interested\self_interested\seed_9,9,3,1,Qwen/Qwen3-8B,self_interested,self_interested,75,4,1.0,209.99999999999994,52.499999999999986,34.99999999999996,0.1388888888888891,76.0,16.0,0.06578947368421052,0.0,163.33333333333331,54.444444444444436,19.333333333333332,3.0,1.0,46.66666666666663,46.66666666666663,18.0,1.0,1.0,7.777777777777807,0.0,35.833333333333314,0.07513751371147728,225,0.7422222222222222,0.2577777777777778,0.0,0,0.0,75,0.76,0.24,0.0,0,0.0,225,0,0.0,0.7422222222222222,0.2577777777777778,0.0,0.0
C:\Users\hello\GitHubRepos\MA-NormEmergence\saved_runs\exp2_three_llm\qwen3_8b\unframed\altruistic\seed_1,1,3,1,Qwen/Qwen3-8B,unframed,altruistic,75,4,1.0,180.8333333333333,45.20833333333332,5.833333333333327,0.2661290322580647,70.0,11.0,0.12142857142857143,15.0,174.99999999999997,58.33333333333332,19.666666666666668,3.0,1.0,5.833333333333327,5.833333333333327,11.0,1.0,1.0,52.49999999999999,0.0,7.833333333333329,0.22996188188195538,225,0.7155555555555555,0.26222222222222225,0.022222222222222223,5,0.0,75,0.72,0.14666666666666667,0.13333333333333333,10,0.0,225,4,0.017777777777777778,0.7155555555555555,0.26222222222222225,0.022222222222222223,0.0
C:\Users\hello\GitHubRepos\MA-NormEmergence\saved_runs\exp2_three_llm\qwen3_8b\unframed\altruistic\seed_10,10,3,1,Qwen/Qwen3-8B,unframed,altruistic,75,3,0.75,75.8333333333332,18.9583333333333,0.0,0.28846153846153855,49.0,7.0,0.10714285714285714,18.0,75.8333333333332,25.277777777777732,14.0,3.0,1.0,0.0,0.0,7.0,0.0,0.0,25.277777777777732,1.0,6.49333333333333,0.2409532698156099,225,0.7822222222222223,0.18666666666666668,0.03111111111111111,7,0.0,58,0.6896551724137931,0.1206896551724138,0.1896551724137931,11,0.0,225,2,0.008888888888888889,0.7822222222222223,0.18666666666666668,0.03111111111111111,0.0
C:\Users\hello\GitHubRepos\MA-NormEmergence\saved_runs\exp2_three_llm\qwen3_8b\unframed\altruistic\seed_2,2,3,1,Qwen/Qwen3-8B,unframed,altruistic,75,3,0.75,163.33333333333337,40.83333333333334,0.0,0.3928571428571433,61.0,5.0,0.2336065573770492,10.0,163.33333333333337,54.44444444444446,18.666666666666668,3.0,1.0,0.0,0.0,5.0,0.0,0.0,54.44444444444446,1.0,4.211111111111109,0.3178184029947393,225,0.7333333333333333,0.24888888888888888,0.017777777777777778,4,0.0,46,0.7608695652173914,0.10869565217391304,0.13043478260869565,6,0.0,225,3,0.013333333333333334,0.7333333333333333,0.24888888888888888,0.017777777777777778,0.0
C:\Users\hello\GitHubRepos\MA-NormEmergence\saved_runs\exp2_three_llm\qwen3_8b\unframed\altruistic\seed_3,3,3,1,Qwen/Qwen3-8B,unframed,altruistic,75,4,1.0,198.33333333333326,49.583333333333314,5.833333333333327,0.2500000000000002,73.0,11.0,0.11301369863013698,29.0,192.49999999999994,64.16666666666664,20.666666666666668,3.0,1.0,5.833333333333327,5.833333333333327,11.0,1.0,1.0,58.333333333333314,0.0,8.76666666666666,0.22125020314581723,225,0.6711111111111111,0.27555555555555555,0.05333333333333334,12,0.0,75,0.6266666666666667,0.14666666666666667,0.22666666666666666,17,0.0,225,3,0.013333333333333334,0.6711111111111111,0.27555555555555555,0.05333333333333334,0.0
C:\Users\hello\GitHubRepos\MA-NormEmergence\saved_runs\exp2_three_llm\qwen3_8b\unframed\altruistic\seed_4,4,3,1,Qwen/Qwen3-8B,unframed,altruistic,75,3,0.75,174.99999999999994,43.749999999999986,0.0,0.30000000000000016,62.0,5.0,0.20161290322580644,8.0,174.99999999999994,58.333333333333314,19.0,3.0,1.0,0.0,0.0,5.0,0.0,0.0,58.333333333333314,1.0,4.599999999999997,0.24584146826033138,225,0.7377777777777778,0.25333333333333335,0.0044444444444444444,1,0.0044444444444444444,46,0.7391304347826086,0.10869565217391304,0.15217391304347827,7,0.0,225,8,0.035555555555555556,0.7377777777777778,0.25333333333333335,0.0044444444444444444,0.0044444444444444444
C:\Users\hello\GitHubRepos\MA-NormEmergence\saved_runs\exp2_three_llm\qwen3_8b\unframed\altruistic\seed_5,5,3,1,Qwen/Qwen3-8B,unframed,altruistic,75,3,0.75,221.6666666666668,55.4166666666667,0.0,0.2763157894736846,74.0,7.0,0.17567567567567569,26.0,221.6666666666668,73.88888888888893,22.333333333333332,3.0,1.0,0.0,0.0,7.0,0.0,0.0,73.88888888888893,1.0,6.959999999999997,0.23765524786578632,225,0.6533333333333333,0.29777777777777775,0.044444444444444446,10,0.0044444444444444444,58,0.603448275862069,0.1206896551724138,0.27586206896551724,16,0.0,225,3,0.013333333333333334,0.6533333333333333,0.29777777777777775,0.044444444444444446,0.0044444444444444444
C:\Users\hello\GitHubRepos\MA-NormEmergence\saved_runs\exp2_three_llm\qwen3_8b\unframed\altruistic\seed_6,6,3,1,Qwen/Qwen3-8B,unframed,altruistic,75,3,0.75,169.1666666666667,42.29166666666668,0.0,0.387931034482759,61.0,2.0,0.2827868852459016,9.0,169.1666666666667,56.38888888888891,19.666666666666668,3.0,1.0,0.0,0.0,2.0,0.0,0.0,56.38888888888891,1.0,3.3755555555555534,0.3153836027950569,225,0.7244444444444444,0.26222222222222225,0.008888888888888889,2,0.0044444444444444444,29,0.6896551724137931,0.06896551724137931,0.2413793103448276,7,0.0,225,6,0.02666666666666667,0.7244444444444444,0.26222222222222225,0.008888888888888889,0.0044444444444444444
C:\Users\hello\GitHubRepos\MA-NormEmergence\saved_runs\exp2_three_llm\qwen3_8b\unframed\altruistic\seed_7,7,3,1,Qwen/Qwen3-8B,unframed,altruistic,75,3,0.75,198.33333333333343,49.58333333333336,0.0,0.27941176470588275,69.0,7.0,0.17028985507246377,32.0,198.33333333333343,66.11111111111114,20.666666666666668,3.0,1.0,0.0,0.0,7.0,0.0,0.0,66.11111111111114,1.0,6.804444444444438,0.2636448359551138,225,0.6666666666666666,0.27555555555555555,0.057777777777777775,13,0.0,58,0.5517241379310345,0.1206896551724138,0.3275862068965517,19,0.0,225,2,0.008888888888888889,0.6666666666666666,0.27555555555555555,0.057777777777777775,0.0
C:\Users\hello\GitHubRepos\MA-NormEmergence\saved_runs\exp2_three_llm\qwen3_8b\unframed\altruistic\seed_8,8,3,1,Qwen/Qwen3-8B,unframed,altruistic,75,3,0.75,192.50000000000006,48.125000000000014,0.0,0.28030303030303033,69.0,7.0,0.15579710144927536,28.0,192.50000000000006,64.16666666666669,20.666666666666668,3.0,1.0,0.0,0.0,7.0,0.0,0.0,64.16666666666669,1.0,6.648888888888884,0.23637321226202226,225,0.68,0.27555555555555555,0.044444444444444446,10,0.0,58,0.5689655172413793,0.1206896551724138,0.3103448275862069,18,0.0,225,3,0.013333333333333334,0.68,0.27555555555555555,0.044444444444444446,0.0
C:\Users\hello\GitHubRepos\MA-NormEmergence\saved_runs\exp2_three_llm\qwen3_8b\unframed\altruistic\seed_9,9,3,1,Qwen/Qwen3-8B,unframed,altruistic,75,4,1.0,239.16666666666674,59.791666666666686,17.499999999999993,0.2865853658536589,77.0,11.0,0.17857142857142858,58.0,221.66666666666674,73.88888888888891,22.0,3.0,1.0,17.499999999999993,17.499999999999993,11.0,1.0,1.0,56.38888888888892,0.0,11.333333333333327,0.2126037844822123,225,0.5866666666666667,0.29333333333333333,0.12,27,0.0,75,0.44,0.14666666666666667,0.41333333333333333,31,0.0,225,9,0.04,0.5866666666666667,0.29333333333333333,0.12,0.0
C:\Users\hello\GitHubRepos\MA-NormEmergence\saved_runs\exp2_three_llm\qwen3_8b\unframed\cooperative\seed_1,1,3,1,Qwen/Qwen3-8B,unframed,cooperative,75,4,1.0,151.66666666666652,37.91666666666663,23.333333333333325,0.1730769230769231,61.0,11.0,0.0860655737704918,7.0,128.3333333333332,42.777777777777736,16.666666666666668,3.0,1.0,23.333333333333325,23.333333333333325,11.0,1.0,1.0,19.44444444444441,0.0,27.12222222222221,0.10029148668797665,225,0.7733333333333333,0.2222222222222222,0.0044444444444444444,1,0.0,75,0.7733333333333333,0.14666666666666667,0.08,6,0.0,225,1,0.0044444444444444444,0.7733333333333333,0.2222222222222222,0.0044444444444444444,0.0
C:\Users\hello\GitHubRepos\MA-NormEmergence\saved_runs\exp2_three_llm\qwen3_8b\unframed\cooperative\seed_10,10,3,1,Qwen/Qwen3-8B,unframed,cooperative,75,4,1.0,262.5,65.625,52.49999999999999,0.0944444444444446,76.0,11.0,0.125,4.0,210.0,70.0,21.666666666666668,3.0,1.0,52.49999999999999,52.49999999999999,11.0,1.0,1.0,17.500000000000007,0.0,27.899999999999995,0.12269543403615323,225,0.7111111111111111,0.28888888888888886,0.0,0,0.0,75,0.8,0.14666666666666667,0.05333333333333334,4,0.0,225,2,0.008888888888888889,0.7111111111111111,0.28888888888888886,0.0,0.0
C:\Users\hello\GitHubRepos\MA-NormEmergence\saved_runs\exp2_three_llm\qwen3_8b\unframed\cooperative\seed_2,2,3,1,Qwen/Qwen3-8B,unframed,cooperative,75,4,1.0,186.66666666666657,46.66666666666664,23.333333333333325,0.21875000000000017,65.0,11.0,0.12692307692307692,4.0,163.33333333333326,54.44444444444442,18.0,3.0,1.0,23.333333333333325,23.333333333333325,11.0,1.0,1.0,31.111111111111097,0.0,19.57777777777777,0.16629636929020772,225,0.76,0.24,0.0,0,0.0,75,0.8,0.14666666666666667,0.05333333333333334,4,0.0,225,4,0.017777777777777778,0.76,0.24,0.0,0.0
C:\Users\hello\GitHubRepos\MA-NormEmergence\saved_runs\exp2_three_llm\qwen3_8b\unframed\cooperative\seed_3,3,3,1,Qwen/Qwen3-8B,unframed,cooperative,75,4,1.0,198.3333333333332,49.5833333333333,40.83333333333332,0.04411764705882347,68.0,11.0,0.08823529411764706,3.0,157.4999999999999,52.499999999999964,19.0,3.0,1.0,40.83333333333332,40.83333333333332,11.0,1.0,1.0,11.666666666666643,0.0,28.44444444444444,0.1038649096880777,225,0.7377777777777778,0.25333333333333335,0.0044444444444444444,1,0.0044444444444444444,75,0.8266666666666667,0.14666666666666667,0.02666666666666667,2,0.0,225,1,0.0044444444444444444,0.7377777777777778,0.25333333333333335,0.0044444444444444444,0.0044444444444444444
C:\Users\hello\GitHubRepos\MA-NormEmergence\saved_runs\exp2_three_llm\qwen3_8b\unframed\cooperative\seed_4,4,3,1,Qwen/Qwen3-8B,unframed,cooperative,75,4,1.0,303.33333333333366,75.83333333333341,52.49999999999999,0.1057692307692312,84.0,11.0,0.13690476190476192,5.0,250.83333333333366,83.61111111111121,24.333333333333332,3.0,1.0,52.49999999999999,52.49999999999999,11.0,1.0,1.0,31.11111111111122,0.0,41.899999999999984,0.08395959010835868,225,0.6711111111111111,0.3244444444444444,0.0,0,0.0044444444444444444,75,0.7866666666666666,0.14666666666666667,0.06666666666666667,5,0.0,225,2,0.008888888888888889,0.6711111111111111,0.3244444444444444,0.0,0.0044444444444444444
C:\Users\hello\GitHubRepos\MA-NormEmergence\saved_runs\exp2_three_llm\qwen3_8b\unframed\cooperative\seed_5,5,3,1,Qwen/Qwen3-8B,unframed,cooperative,75,4,1.0,198.3333333333333,49.58333333333332,23.333333333333325,0.2058823529411767,69.0,11.0,0.11956521739130435,4.0,174.99999999999997,58.33333333333332,19.333333333333332,3.0,1.0,23.333333333333325,23.333333333333325,11.0,1.0,1.0,35.0,0.0,29.3,0.11414214322886253,225,0.7377777777777778,0.2577777777777778,0.0044444444444444444,1,0.0,75,0.8133333333333334,0.14666666666666667,0.04,3,0.0,225,0,0.0,0.7377777777777778,0.2577777777777778,0.0044444444444444444,0.0
C:\Users\hello\GitHubRepos\MA-NormEmergence\saved_runs\exp2_three_llm\qwen3_8b\unframed\cooperative\seed_6,6,3,1,Qwen/Qwen3-8B,unframed,cooperative,75,4,1.0,163.3333333333332,40.8333333333333,29.16666666666666,0.12499999999999997,63.0,11.0,0.09126984126984126,6.0,134.16666666666654,44.72222222222218,17.333333333333332,3.0,1.0,29.16666666666666,29.16666666666666,11.0,1.0,1.0,15.555555555555518,0.0,28.9111111111111,0.09558105971141764,225,0.76,0.2311111111111111,0.008888888888888889,2,0.0,75,0.8,0.14666666666666667,0.05333333333333334,4,0.0,225,1,0.0044444444444444444,0.76,0.2311111111111111,0.008888888888888889,0.0
C:\Users\hello\GitHubRepos\MA-NormEmergence\saved_runs\exp2_three_llm\qwen3_8b\unframed\cooperative\seed_7,7,3,1,Qwen/Qwen3-8B,unframed,cooperative,75,4,1.0,209.99999999999994,52.499999999999986,40.83333333333332,0.08333333333333345,70.0,11.0,0.10714285714285714,5.0,169.16666666666663,56.38888888888888,19.666666666666668,3.0,1.0,40.83333333333332,40.83333333333332,11.0,1.0,1.0,15.555555555555557,0.0,37.855555555555554,0.07367244976464399,225,0.7377777777777778,0.26222222222222225,0.0,0,0.0,75,0.7866666666666666,0.14666666666666667,0.06666666666666667,5,0.0,225,2,0.008888888888888889,0.7377777777777778,0.26222222222222225,0.0,0.0
C:\Users\hello\GitHubRepos\MA-NormEmergence\saved_runs\exp2_three_llm\qwen3_8b\unframed\cooperative\seed_8,8,3,1,Qwen/Qwen3-8B,unframed,cooperative,75,4,1.0,174.9999999999999,43.74999999999997,34.99999999999999,0.08333333333333327,64.0,11.0,0.09375,6.0,139.9999999999999,46.66666666666663,17.666666666666668,3.0,1.0,34.99999999999999,34.99999999999999,11.0,1.0,1.0,11.666666666666636,0.0,27.04444444444444,0.09112574445476508,225,0.7644444444444445,0.23555555555555555,0.0,0,0.0,75,0.7733333333333333,0.14666666666666667,0.08,6,0.0,225,1,0.0044444444444444444,0.7644444444444445,0.23555555555555555,0.0,0.0
C:\Users\hello\GitHubRepos\MA-NormEmergence\saved_runs\exp2_three_llm\qwen3_8b\unframed\cooperative\seed_9,9,3,1,Qwen/Qwen3-8B,unframed,cooperative,75,4,1.0,174.99999999999986,43.749999999999964,29.16666666666666,0.16666666666666669,66.0,11.0,0.12121212121212122,8.0,145.8333333333332,48.611111111111065,18.333333333333332,3.0,1.0,29.16666666666666,29.16666666666666,11.0,1.0,1.0,19.444444444444404,0.0,28.055555555555546,0.10145386881424512,225,0.7466666666666667,0.24444444444444444,0.008888888888888889,2,0.0,75,0.7733333333333333,0.14666666666666667,0.08,6,0.0,225,1,0.0044444444444444444,0.7466666666666667,0.24444444444444444,0.008888888888888889,0.0
C:\Users\hello\GitHubRepos\MA-NormEmergence\saved_runs\exp2_three_llm\qwen3_8b\unframed\self_interested\seed_1,1,3,1,Qwen/Qwen3-8B,unframed,self_interested,75,4,1.0,186.66666666666652,46.66666666666663,29.16666666666662,0.15625000000000014,70.0,15.0,0.06428571428571428,0.0,134.16666666666654,44.72222222222218,17.0,3.0,1.0,52.499999999999964,52.499999999999964,19.0,1.0,1.0,-7.777777777777786,0.0,33.111111111111086,0.07578112099920051,225,0.7733333333333333,0.22666666666666666,0.0,0,0.0,75,0.7466666666666667,0.25333333333333335,0.0,0,0.0,225,0,0.0,0.7733333333333333,0.22666666666666666,0.0,0.0
C:\Users\hello\GitHubRepos\MA-NormEmergence\saved_runs\exp2_three_llm\qwen3_8b\unframed\self_interested\seed_10,10,3,1,Qwen/Qwen3-8B,unframed,self_interested,75,4,1.0,239.16666666666674,59.791666666666686,46.66666666666663,0.15243902439024448,80.0,17.0,0.0875,0.0,192.5000000000001,64.1666666666667,21.0,3.0,1.0,46.66666666666663,46.66666666666663,17.0,1.0,1.0,17.50000000000007,0.0,34.588888888888874,0.11851382746943886,225,0.72,0.28,0.0,0,0.0,75,0.7733333333333333,0.22666666666666666,0.0,0,0.0,225,6,0.02666666666666667,0.72,0.28,0.0,0.0
C:\Users\hello\GitHubRepos\MA-NormEmergence\saved_runs\exp2_three_llm\qwen3_8b\unframed\self_interested\seed_2,2,3,1,Qwen/Qwen3-8B,unframed,self_interested,75,4,1.0,285.8333333333333,71.45833333333333,58.3333333333333,0.1377551020408166,87.0,19.0,0.07758620689655173,1.0,227.5,75.83333333333333,22.666666666666668,3.0,1.0,58.3333333333333,58.3333333333333,19.0,1.0,1.0,17.50000000000003,0.0,32.72222222222221,0.12715542500616908,225,0.6933333333333334,0.3022222222222222,0.0044444444444444444,1,0.0,75,0.7466666666666667,0.25333333333333335,0.0,0,0.0,225,5,0.022222222222222223,0.6933333333333334,0.3022222222222222,0.0044444444444444444,0.0
C:\Users\hello\GitHubRepos\MA-NormEmergence\saved_runs\exp2_three_llm\qwen3_8b\unframed\self_interested\seed_3,3,3,1,Qwen/Qwen3-8B,unframed,self_interested,75,4,1.0,285.8333333333335,71.45833333333337,58.33333333333331,0.10714285714285766,87.0,19.0,0.0603448275862069,0.0,227.5000000000002,75.8333333333334,22.666666666666668,3.0,1.0,58.33333333333331,58.33333333333331,19.0,1.0,1.0,17.500000000000092,0.0,41.822222222222216,0.09112107720390412,225,0.6977777777777778,0.3022222222222222,0.0,0,0.0,75,0.7466666666666667,0.25333333333333335,0.0,0,0.0,225,3,0.013333333333333334,0.6977777777777778,0.3022222222222222,0.0,0.0
C:\Users\hello\GitHubRepos\MA-NormEmergence\saved_runs\exp2_three_llm\qwen3_8b\unframed\self_interested\seed_4,4,3,1,Qwen/Qwen3-8B,unframed,self_interested,75,4,1.0,239.16666666666657,59.79166666666664,52.499999999999964,0.042682926829268344,79.0,19.0,0.022151898734177215,0.0,180.83333333333326,60.27777777777775,20.0,3.0,1.0,58.3333333333333,58.3333333333333,19.0,1.0,1.0,1.94444444444445,0.0,35.83333333333332,0.07231880512439277,225,0.7288888888888889,0.26666666666666666,0.0,0,0.0044444444444444444,75,0.7466666666666667,0.25333333333333335,0.0,0,0.0,225,4,0.017777777777777778,0.7288888888888889,0.26666666666666666,0.0,0.0044444444444444444
C:\Users\hello\GitHubRepos\MA-NormEmergence\saved_runs\exp2_three_llm\qwen3_8b\unframed\self_interested\seed_5,5,3,1,Qwen/Qwen3-8B,unframed,self_interested,75,4,1.0,320.83333333333366,80.20833333333341,58.3333333333333,0.08636363636363653,93.0,19.0,0.056451612903225805,2.0,239.1666666666668,79.72222222222227,23.0,3.0,1.0,81.66666666666684,81.66666666666684,24.0,1.0,1.0,-1.9444444444445708,0.0,45.322222222222216,0.07145103680062935,225,0.6844444444444444,0.30666666666666664,0.008888888888888889,2,0.0,75,0.68,0.32,0.0,0,0.0,225,2,0.008888888888888889,0.6844444444444444,0.30666666666666664,0.008888888888888889,0.0
C:\Users\hello\GitHubRepos\MA-NormEmergence\saved_runs\exp2_three_llm\qwen3_8b\unframed\self_interested\seed_6,6,3,1,Qwen/Qwen3-8B,unframed,self_interested,75,4,1.0,151.6666666666665,37.91666666666662,29.16666666666662,0.057692307692307786,65.0,15.0,0.026923076923076925,0.0,110.8333333333332,36.9444444444444,16.0,3.0,1.0,40.83333333333329,40.83333333333329,17.0,1.0,1.0,-3.888888888888893,0.0,31.788888888888863,0.0727873678377423,225,0.7866666666666666,0.21333333333333335,0.0,0,0.0,75,0.7733333333333333,0.22666666666666666,0.0,0,0.0,225,1,0.0044444444444444444,0.7866666666666666,0.21333333333333335,0.0,0.0
C:\Users\hello\GitHubRepos\MA-NormEmergence\saved_runs\exp2_three_llm\qwen3_8b\unframed\self_interested\seed_7,7,3,1,Qwen/Qwen3-8B,unframed,self_interested,75,4,1.0,134.1666666666665,33.54166666666662,29.16666666666662,0.07608695652173926,63.0,15.0,0.027777777777777776,0.0,104.99999999999987,34.99999999999996,16.0,3.0,1.0,29.16666666666662,29.16666666666662,15.0,1.0,1.0,5.833333333333336,0.0,28.211111111111087,0.07821181312512247,225,0.7866666666666666,0.21333333333333335,0.0,0,0.0,75,0.8,0.2,0.0,0,0.0,225,2,0.008888888888888889,0.7866666666666666,0.21333333333333335,0.0,0.0
C:\Users\hello\GitHubRepos\MA-NormEmergence\saved_runs\exp2_three_llm\qwen3_8b\unframed\self_interested\seed_8,8,3,1,Qwen/Qwen3-8B,unframed,self_interested,75,4,1.0,268.3333333333336,67.0833333333334,58.333333333333314,0.05434782608695695,86.0,20.0,0.029069767441860465,0.0,198.33333333333346,66.11111111111116,21.333333333333332,3.0,1.0,70.00000000000017,70.00000000000017,22.0,1.0,1.0,-3.8888888888890136,0.0,46.411111111111104,0.05408450791069079,225,0.7155555555555555,0.28444444444444444,0.0,0,0.0,75,0.7066666666666667,0.29333333333333333,0.0,0,0.0,225,5,0.022222222222222223,0.7155555555555555,0.28444444444444444,0.0,0.0
C:\Users\hello\GitHubRepos\MA-NormEmergence\saved_runs\exp2_three_llm\qwen3_8b\unframed\self_interested\seed_9,9,3,1,Qwen/Qwen3-8B,unframed,self_interested,75,4,1.0,245.00000000000014,61.250000000000036,34.99999999999996,0.10714285714285762,82.0,16.0,0.054878048780487805,0.0,175.00000000000006,58.33333333333335,20.0,3.0,1.0,70.00000000000009,70.00000000000009,22.0,1.0,1.0,-11.666666666666735,0.0,37.622222222222206,0.0745078993017516,225,0.7333333333333333,0.26666666666666666,0.0,0,0.0,75,0.7066666666666667,0.29333333333333333,0.0,0,0.0,225,2,0.008888888888888889,0.7333333333333333,0.26666666666666666,0.0,0.0
