num_llm_agents,num_rule_agents,model,prompt,rule_policy,metric,count,mean,std
0,4,not_applicable,not_applicable,altruistic,episode_steps,10,75.0,0.0
0,4,not_applicable,not_applicable,altruistic,fallback_count,10,0.0,0.0
0,4,not_applicable,not_applicable,altruistic,fallback_rate,0,,
0,4,not_applicable,not_applicable,altruistic,gini_berries_consumed,10,0.004487179487179487,0.014189707449473496
0,4,not_applicable,not_applicable,altruistic,gini_final_wellbeing,10,0.1888095238095239,0.19942930039334542
0,4,not_applicable,not_applicable,altruistic,llm_action_eat_proportion,0,,
0,4,not_applicable,not_applicable,altruistic,llm_action_move_proportion,0,,
0,4,not_applicable,not_applicable,altruistic,llm_action_throw_proportion,0,,
0,4,not_applicable,not_applicable,altruistic,llm_action_unsuccessful_proportion,0,,
0,4,not_applicable,not_applicable,altruistic,llm_decisions,10,0.0,0.0
0,4,not_applicable,not_applicable,altruistic,llm_executed_actions,10,0.0,0.0
0,4,not_applicable,not_applicable,altruistic,llm_executed_eat_proportion,0,,
0,4,not_applicable,not_applicable,altruistic,llm_executed_move_proportion,0,,
0,4,not_applicable,not_applicable,altruistic,llm_executed_throw_proportion,0,,
0,4,not_applicable,not_applicable,altruistic,llm_executed_unsuccessful_proportion,0,,
0,4,not_applicable,not_applicable,altruistic,llm_mean_berries_consumed,0,,
0,4,not_applicable,not_applicable,altruistic,llm_mean_final_wellbeing,0,,
0,4,not_applicable,not_applicable,altruistic,llm_rule_survival_gap,0,,
0,4,not_applicable,not_applicable,altruistic,llm_rule_wellbeing_gap,0,,
0,4,not_applicable,not_applicable,altruistic,llm_successful_shares,10,0.0,0.0
0,4,not_applicable,not_applicable,altruistic,llm_survival_rate,0,,
0,4,not_applicable,not_applicable,altruistic,llm_survivors,0,,
0,4,not_applicable,not_applicable,altruistic,llm_total_final_wellbeing,0,,
0,4,not_applicable,not_applicable,altruistic,mean_final_wellbeing,10,9.333333333333327,3.2391199650751035
0,4,not_applicable,not_applicable,altruistic,minimum_berries_consumed,10,10.8,0.6324555320336759
0,4,not_applicable,not_applicable,altruistic,minimum_final_wellbeing,10,6.416666666666662,3.3112695711523545
0,4,not_applicable,not_applicable,altruistic,rule_executed_actions,10,299.0,3.1622776601683804
0,4,not_applicable,not_applicable,altruistic,rule_executed_eat_proportion,10,0.14544827586206896,0.0038528900227338867
0,4,not_applicable,not_applicable,altruistic,rule_executed_move_proportion,10,0.2990689655172414,0.06062594497387468
0,4,not_applicable,not_applicable,altruistic,rule_executed_throw_proportion,10,0.5554827586206896,0.05797462959589328
0,4,not_applicable,not_applicable,altruistic,rule_executed_unsuccessful_proportion,10,0.0,0.0
0,4,not_applicable,not_applicable,altruistic,rule_mean_berries_consumed,10,10.875,0.3952847075210475
0,4,not_applicable,not_applicable,altruistic,rule_mean_final_wellbeing,10,9.333333333333327,3.2391199650751035
0,4,not_applicable,not_applicable,altruistic,rule_successful_shares,10,166.2,18.365426455404975
0,4,not_applicable,not_applicable,altruistic,rule_survival_rate,10,0.925,0.23717082451262844
0,4,not_applicable,not_applicable,altruistic,rule_survivors,10,3.7,0.9486832980505138
0,4,not_applicable,not_applicable,altruistic,rule_total_final_wellbeing,10,37.33333333333331,12.956479860300414
0,4,not_applicable,not_applicable,altruistic,survival_rate,10,0.925,0.23717082451262844
0,4,not_applicable,not_applicable,altruistic,survivors,10,3.7,0.9486832980505138
0,4,not_applicable,not_applicable,altruistic,total_berries_consumed,10,43.5,1.58113883008419
0,4,not_applicable,not_applicable,altruistic,total_berries_thrown,10,166.2,18.365426455404975
0,4,not_applicable,not_applicable,altruistic,total_final_wellbeing,10,37.33333333333331,12.956479860300414
0,4,not_applicable,not_applicable,cooperative,episode_steps,10,75.0,0.0
0,4,not_applicable,not_applicable,cooperative,fallback_count,10,0.0,0.0
0,4,not_applicable,not_applicable,cooperative,fallback_rate,0,,
0,4,not_applicable,not_applicable,cooperative,gini_berries_consumed,10,0.011904761904761904,0.02749286996141075
0,4,not_applicable,not_applicable,cooperative,gini_final_wellbeing,10,0.1875595238095239,0.11812754574396293
0,4,not_applicable,not_applicable,cooperative,llm_action_eat_proportion,0,,
0,4,not_applicable,not_applicable,cooperative,llm_action_move_proportion,0,,
0,4,not_applicable,not_applicable,cooperative,llm_action_throw_proportion,0,,
0,4,not_applicable,not_applicable,cooperative,llm_action_unsuccessful_proportion,0,,
0,4,not_applicable,not_applicable,cooperative,llm_decisions,10,0.0,0.0
0,4,not_applicable,not_applicable,cooperative,llm_executed_actions,10,0.0,0.0
0,4,not_applicable,not_applicable,cooperative,llm_executed_eat_proportion,0,,
0,4,not_applicable,not_applicable,cooperative,llm_executed_move_proportion,0,,
0,4,not_applicable,not_applicable,cooperative,llm_executed_throw_proportion,0,,
0,4,not_applicable,not_applicable,cooperative,llm_executed_unsuccessful_proportion,0,,
0,4,not_applicable,not_applicable,cooperative,llm_mean_berries_consumed,0,,
0,4,not_applicable,not_applicable,cooperative,llm_mean_final_wellbeing,0,,
0,4,not_applicable,not_applicable,cooperative,llm_rule_survival_gap,0,,
0,4,not_applicable,not_applicable,cooperative,llm_rule_wellbeing_gap,0,,
0,4,not_applicable,not_applicable,cooperative,llm_successful_shares,10,0.0,0.0
0,4,not_applicable,not_applicable,cooperative,llm_survival_rate,0,,
0,4,not_applicable,not_applicable,cooperative,llm_survivors,0,,
0,4,not_applicable,not_applicable,cooperative,llm_total_final_wellbeing,0,,
0,4,not_applicable,not_applicable,cooperative,mean_final_wellbeing,10,8.020833333333329,2.771259713782627
0,4,not_applicable,not_applicable,cooperative,minimum_berries_consumed,10,10.4,1.3498971154211057
0,4,not_applicable,not_applicable,cooperative,minimum_final_wellbeing,10,4.666666666666662,2.45954929124207
0,4,not_applicable,not_applicable,cooperative,rule_executed_actions,10,297.8,5.432413009990229
0,4,not_applicable,not_applicable,cooperative,rule_executed_eat_proportion,10,0.14535154019684177,0.002973885544360098
0,4,not_applicable,not_applicable,cooperative,rule_executed_move_proportion,10,0.3344202750993192,0.04975172767919445
0,4,not_applicable,not_applicable,cooperative,rule_executed_throw_proportion,10,0.520228184703839,0.0473724964421156
0,4,not_applicable,not_applicable,cooperative,rule_executed_unsuccessful_proportion,10,0.0,0.0
0,4,not_applicable,not_applicable,cooperative,rule_mean_berries_consumed,10,10.825,0.4090979236211194
0,4,not_applicable,not_applicable,cooperative,rule_mean_final_wellbeing,10,8.020833333333329,2.771259713782627
0,4,not_applicable,not_applicable,cooperative,rule_successful_shares,10,155.1,16.086225992030162
0,4,not_applicable,not_applicable,cooperative,rule_survival_rate,10,0.925,0.1687371394276382
0,4,not_applicable,not_applicable,cooperative,rule_survivors,10,3.7,0.6749485577105528
0,4,not_applicable,not_applicable,cooperative,rule_total_final_wellbeing,10,32.083333333333314,11.085038855130508
0,4,not_applicable,not_applicable,cooperative,survival_rate,10,0.925,0.1687371394276382
0,4,not_applicable,not_applicable,cooperative,survivors,10,3.7,0.6749485577105528
0,4,not_applicable,not_applicable,cooperative,total_berries_consumed,10,43.3,1.6363916944844776
0,4,not_applicable,not_applicable,cooperative,total_berries_thrown,10,155.1,16.086225992030162
0,4,not_applicable,not_applicable,cooperative,total_final_wellbeing,10,32.083333333333314,11.085038855130508
0,4,not_applicable,not_applicable,self_interested,episode_steps,10,75.0,0.0
0,4,not_applicable,not_applicable,self_interested,fallback_count,10,0.0,0.0
0,4,not_applicable,not_applicable,self_interested,fallback_rate,0,,
0,4,not_applicable,not_applicable,self_interested,gini_berries_consumed,10,0.0681566415392102,0.023362899085521926
0,4,not_applicable,not_applicable,self_interested,gini_final_wellbeing,10,0.1629257147546625,0.06492875009105961
0,4,not_applicable,not_applicable,self_interested,llm_action_eat_proportion,0,,
0,4,not_applicable,not_applicable,self_interested,llm_action_move_proportion,0,,
0,4,not_applicable,not_applicable,self_interested,llm_action_throw_proportion,0,,
0,4,not_applicable,not_applicable,self_interested,llm_action_unsuccessful_proportion,0,,
0,4,not_applicable,not_applicable,self_interested,llm_decisions,10,0.0,0.0
0,4,not_applicable,not_applicable,self_interested,llm_executed_actions,10,0.0,0.0
0,4,not_applicable,not_applicable,self_interested,llm_executed_eat_proportion,0,,
0,4,not_applicable,not_applicable,self_interested,llm_executed_move_proportion,0,,
0,4,not_applicable,not_applicable,self_interested,llm_executed_throw_proportion,0,,
0,4,not_applicable,not_applicable,self_interested,llm_executed_unsuccessful_proportion,0,,
0,4,not_applicable,not_applicable,self_interested,llm_mean_berries_consumed,0,,
0,4,not_applicable,not_applicable,self_interested,llm_mean_final_wellbeing,0,,
0,4,not_applicable,not_applicable,self_interested,llm_rule_survival_gap,0,,
0,4,not_applicable,not_applicable,self_interested,llm_rule_wellbeing_gap,0,,
0,4,not_applicable,not_applicable,self_interested,llm_successful_shares,10,0.0,0.0
0,4,not_applicable,not_applicable,self_interested,llm_survival_rate,0,,
0,4,not_applicable,not_applicable,self_interested,llm_survivors,0,,
0,4,not_applicable,not_applicable,self_interested,llm_total_final_wellbeing,0,,
0,4,not_applicable,not_applicable,self_interested,mean_final_wellbeing,10,45.64583333333331,10.197911346610812
0,4,not_applicable,not_applicable,self_interested,minimum_berries_consumed,10,15.2,1.6865480854231356
0,4,not_applicable,not_applicable,self_interested,minimum_final_wellbeing,10,30.333333333333293,9.838197164968294
0,4,not_applicable,not_applicable,self_interested,rule_executed_actions,10,300.0,0.0
0,4,not_applicable,not_applicable,self_interested,rule_executed_eat_proportion,10,0.23666666666666666,0.023830678432808013
0,4,not_applicable,not_applicable,self_interested,rule_executed_move_proportion,10,0.7633333333333333,0.023830678432808027
0,4,not_applicable,not_applicable,self_interested,rule_executed_throw_proportion,10,0.0,0.0
0,4,not_applicable,not_applicable,self_interested,rule_executed_unsuccessful_proportion,10,0.0,0.0
0,4,not_applicable,not_applicable,self_interested,rule_mean_berries_consumed,10,17.75,1.7873008824606014
0,4,not_applicable,not_applicable,self_interested,rule_mean_final_wellbeing,10,45.64583333333331,10.197911346610812
0,4,not_applicable,not_applicable,self_interested,rule_successful_shares,10,0.0,0.0
0,4,not_applicable,not_applicable,self_interested,rule_survival_rate,10,1.0,0.0
0,4,not_applicable,not_applicable,self_interested,rule_survivors,10,4.0,0.0
0,4,not_applicable,not_applicable,self_interested,rule_total_final_wellbeing,10,182.58333333333323,40.79164538644325
0,4,not_applicable,not_applicable,self_interested,survival_rate,10,1.0,0.0
0,4,not_applicable,not_applicable,self_interested,survivors,10,4.0,0.0
0,4,not_applicable,not_applicable,self_interested,total_berries_consumed,10,71.0,7.1492035298424055
0,4,not_applicable,not_applicable,self_interested,total_berries_thrown,10,0.0,0.0
0,4,not_applicable,not_applicable,self_interested,total_final_wellbeing,10,182.58333333333323,40.79164538644325
1,3,Qwen/Qwen3-8B,altruistic,altruistic,episode_steps,10,75.0,0.0
1,3,Qwen/Qwen3-8B,altruistic,altruistic,fallback_count,10,1.2,1.0327955589886444
1,3,Qwen/Qwen3-8B,altruistic,altruistic,fallback_rate,10,0.016,0.013770607453181927
1,3,Qwen/Qwen3-8B,altruistic,altruistic,gini_berries_consumed,10,0.010803419495988979,0.019505526881877098
1,3,Qwen/Qwen3-8B,altruistic,altruistic,gini_final_wellbeing,10,0.20244047619047628,0.11177045370869447
1,3,Qwen/Qwen3-8B,altruistic,altruistic,llm_action_eat_proportion,10,0.1426904761904762,0.008424706913057847
1,3,Qwen/Qwen3-8B,altruistic,altruistic,llm_action_move_proportion,10,0.30667857142857147,0.05135553707203015
1,3,Qwen/Qwen3-8B,altruistic,altruistic,llm_action_throw_proportion,10,0.5398690476190476,0.046802471183623726
1,3,Qwen/Qwen3-8B,altruistic,altruistic,llm_action_unsuccessful_proportion,10,0.010761904761904762,0.01054857150500343
1,3,Qwen/Qwen3-8B,altruistic,altruistic,llm_decisions,10,73.4,3.6575644598253874
1,3,Qwen/Qwen3-8B,altruistic,altruistic,llm_executed_actions,10,73.4,3.6575644598253874
1,3,Qwen/Qwen3-8B,altruistic,altruistic,llm_executed_eat_proportion,10,0.1426904761904762,0.008424706913057847
1,3,Qwen/Qwen3-8B,altruistic,altruistic,llm_executed_move_proportion,10,0.30667857142857147,0.05135553707203015
1,3,Qwen/Qwen3-8B,altruistic,altruistic,llm_executed_throw_proportion,10,0.5398690476190476,0.046802471183623726
1,3,Qwen/Qwen3-8B,altruistic,altruistic,llm_executed_unsuccessful_proportion,10,0.010761904761904762,0.01054857150500343
1,3,Qwen/Qwen3-8B,altruistic,altruistic,llm_mean_berries_consumed,10,10.5,1.0801234497346432
1,3,Qwen/Qwen3-8B,altruistic,altruistic,llm_mean_final_wellbeing,10,7.583333333333327,5.533985905294661
1,3,Qwen/Qwen3-8B,altruistic,altruistic,llm_rule_survival_gap,10,-0.16666666666666666,0.45133546692422005
1,3,Qwen/Qwen3-8B,altruistic,altruistic,llm_rule_wellbeing_gap,10,-1.9444444444444442,5.94037590086868
1,3,Qwen/Qwen3-8B,altruistic,altruistic,llm_successful_shares,10,39.6,3.7475918193480524
1,3,Qwen/Qwen3-8B,altruistic,altruistic,llm_survival_rate,10,0.8,0.4216370213557839
1,3,Qwen/Qwen3-8B,altruistic,altruistic,llm_survivors,10,0.8,0.4216370213557839
1,3,Qwen/Qwen3-8B,altruistic,altruistic,llm_total_final_wellbeing,10,7.583333333333327,5.533985905294661
1,3,Qwen/Qwen3-8B,altruistic,altruistic,mean_final_wellbeing,10,9.04166666666666,1.7926892000291719
1,3,Qwen/Qwen3-8B,altruistic,altruistic,minimum_berries_consumed,10,10.4,1.0749676997731399
1,3,Qwen/Qwen3-8B,altruistic,altruistic,minimum_final_wellbeing,10,4.083333333333329,2.817767700647943
1,3,Qwen/Qwen3-8B,altruistic,altruistic,rule_executed_actions,10,225.0,0.0
1,3,Qwen/Qwen3-8B,altruistic,altruistic,rule_executed_eat_proportion,10,0.14622222222222223,0.0014054567378526139
1,3,Qwen/Qwen3-8B,altruistic,altruistic,rule_executed_move_proportion,10,0.36844444444444446,0.05314576068969844
1,3,Qwen/Qwen3-8B,altruistic,altruistic,rule_executed_throw_proportion,10,0.48533333333333334,0.05389824279261514
1,3,Qwen/Qwen3-8B,altruistic,altruistic,rule_executed_unsuccessful_proportion,10,0.0,0.0
1,3,Qwen/Qwen3-8B,altruistic,altruistic,rule_mean_berries_consumed,10,10.966666666666667,0.1054092553389462
1,3,Qwen/Qwen3-8B,altruistic,altruistic,rule_mean_final_wellbeing,10,9.527777777777771,1.7025459028878869
1,3,Qwen/Qwen3-8B,altruistic,altruistic,rule_successful_shares,10,109.2,12.1271046283384
1,3,Qwen/Qwen3-8B,altruistic,altruistic,rule_survival_rate,10,0.9666666666666666,0.10540925533894599
1,3,Qwen/Qwen3-8B,altruistic,altruistic,rule_survivors,10,2.9,0.31622776601683794
1,3,Qwen/Qwen3-8B,altruistic,altruistic,rule_total_final_wellbeing,10,28.583333333333314,5.107637708663661
1,3,Qwen/Qwen3-8B,altruistic,altruistic,survival_rate,10,0.925,0.12076147288491196
1,3,Qwen/Qwen3-8B,altruistic,altruistic,survivors,10,3.7,0.48304589153964783
1,3,Qwen/Qwen3-8B,altruistic,altruistic,total_berries_consumed,10,43.4,1.07496769977314
1,3,Qwen/Qwen3-8B,altruistic,altruistic,total_berries_thrown,10,148.8,14.748257900888193
1,3,Qwen/Qwen3-8B,altruistic,altruistic,total_final_wellbeing,10,36.16666666666664,7.1707568001166875
1,3,Qwen/Qwen3-8B,altruistic,cooperative,episode_steps,10,75.0,0.0
1,3,Qwen/Qwen3-8B,altruistic,cooperative,fallback_count,10,1.6,1.577621275493231
1,3,Qwen/Qwen3-8B,altruistic,cooperative,fallback_rate,10,0.021809523809523813,0.022197037883549438
1,3,Qwen/Qwen3-8B,altruistic,cooperative,gini_berries_consumed,10,0.009285714285714286,0.029364006844420667
1,3,Qwen/Qwen3-8B,altruistic,cooperative,gini_final_wellbeing,10,0.1007142857142858,0.03786388080199595
1,3,Qwen/Qwen3-8B,altruistic,cooperative,llm_action_eat_proportion,10,0.14485714285714285,0.005722216718399928
1,3,Qwen/Qwen3-8B,altruistic,cooperative,llm_action_move_proportion,10,0.2896190476190476,0.06636735530620559
1,3,Qwen/Qwen3-8B,altruistic,cooperative,llm_action_throw_proportion,10,0.5561904761904761,0.05783705314548181
1,3,Qwen/Qwen3-8B,altruistic,cooperative,llm_action_unsuccessful_proportion,10,0.009333333333333334,0.008999314102807372
1,3,Qwen/Qwen3-8B,altruistic,cooperative,llm_decisions,10,74.5,1.5811388300841898
1,3,Qwen/Qwen3-8B,altruistic,cooperative,llm_executed_actions,10,74.5,1.5811388300841898
1,3,Qwen/Qwen3-8B,altruistic,cooperative,llm_executed_eat_proportion,10,0.14485714285714285,0.005722216718399928
1,3,Qwen/Qwen3-8B,altruistic,cooperative,llm_executed_move_proportion,10,0.2896190476190476,0.06636735530620559
1,3,Qwen/Qwen3-8B,altruistic,cooperative,llm_executed_throw_proportion,10,0.5561904761904761,0.05783705314548181
1,3,Qwen/Qwen3-8B,altruistic,cooperative,llm_executed_unsuccessful_proportion,10,0.009333333333333334,0.008999314102807372
1,3,Qwen/Qwen3-8B,altruistic,cooperative,llm_mean_berries_consumed,10,10.8,0.632455532033676
1,3,Qwen/Qwen3-8B,altruistic,cooperative,llm_mean_final_wellbeing,10,7.583333333333326,3.937199919978224
1,3,Qwen/Qwen3-8B,altruistic,cooperative,llm_rule_survival_gap,10,0.0,0.0
1,3,Qwen/Qwen3-8B,altruistic,cooperative,llm_rule_wellbeing_gap,10,-1.7500000000000024,3.7176819554777754
1,3,Qwen/Qwen3-8B,altruistic,cooperative,llm_successful_shares,10,41.5,4.881939505292269
1,3,Qwen/Qwen3-8B,altruistic,cooperative,llm_survival_rate,10,0.9,0.31622776601683794
1,3,Qwen/Qwen3-8B,altruistic,cooperative,llm_survivors,10,0.9,0.31622776601683794
1,3,Qwen/Qwen3-8B,altruistic,cooperative,llm_total_final_wellbeing,10,7.583333333333326,3.937199919978224
1,3,Qwen/Qwen3-8B,altruistic,cooperative,mean_final_wellbeing,10,8.895833333333327,3.25730719372935
1,3,Qwen/Qwen3-8B,altruistic,cooperative,minimum_berries_consumed,10,10.5,1.5811388300841898
1,3,Qwen/Qwen3-8B,altruistic,cooperative,minimum_final_wellbeing,10,5.249999999999994,1.8446619684315522
1,3,Qwen/Qwen3-8B,altruistic,cooperative,rule_executed_actions,10,222.7,7.27323861838727
1,3,Qwen/Qwen3-8B,altruistic,cooperative,rule_executed_eat_proportion,10,0.14487128712871286,0.005677488604394712
1,3,Qwen/Qwen3-8B,altruistic,cooperative,rule_executed_move_proportion,10,0.35275687568756875,0.0496522111852425
1,3,Qwen/Qwen3-8B,altruistic,cooperative,rule_executed_throw_proportion,10,0.5023718371837184,0.04525895881121977
1,3,Qwen/Qwen3-8B,altruistic,cooperative,rule_executed_unsuccessful_proportion,10,0.0,0.0
1,3,Qwen/Qwen3-8B,altruistic,cooperative,rule_mean_berries_consumed,10,10.766666666666667,0.7378647873726218
1,3,Qwen/Qwen3-8B,altruistic,cooperative,rule_mean_final_wellbeing,10,9.333333333333329,3.5263071689314103
1,3,Qwen/Qwen3-8B,altruistic,cooperative,rule_successful_shares,10,112.1,12.547244053310404
1,3,Qwen/Qwen3-8B,altruistic,cooperative,rule_survival_rate,10,0.9,0.31622776601683794
1,3,Qwen/Qwen3-8B,altruistic,cooperative,rule_survivors,10,2.7,0.9486832980505139
1,3,Qwen/Qwen3-8B,altruistic,cooperative,rule_total_final_wellbeing,10,27.999999999999982,10.578921506794229
1,3,Qwen/Qwen3-8B,altruistic,cooperative,survival_rate,10,0.9,0.31622776601683794
1,3,Qwen/Qwen3-8B,altruistic,cooperative,survivors,10,3.6,1.2649110640673518
1,3,Qwen/Qwen3-8B,altruistic,cooperative,total_berries_consumed,10,43.1,2.8460498941515415
1,3,Qwen/Qwen3-8B,altruistic,cooperative,total_berries_thrown,10,153.6,16.460052652811694
1,3,Qwen/Qwen3-8B,altruistic,cooperative,total_final_wellbeing,10,35.58333333333331,13.0292287749174
1,3,Qwen/Qwen3-8B,altruistic,self_interested,episode_steps,10,75.0,0.0
1,3,Qwen/Qwen3-8B,altruistic,self_interested,fallback_count,10,2.5,1.509230856356236
1,3,Qwen/Qwen3-8B,altruistic,self_interested,fallback_rate,10,0.04551045150501672,0.031100127100779255
1,3,Qwen/Qwen3-8B,altruistic,self_interested,gini_berries_consumed,10,0.16356428184390392,0.03674491038993933
1,3,Qwen/Qwen3-8B,altruistic,self_interested,gini_final_wellbeing,10,0.2729321914282524,0.023716316722717058
1,3,Qwen/Qwen3-8B,altruistic,self_interested,llm_action_eat_proportion,10,0.12294648829431438,0.01845988813833037
1,3,Qwen/Qwen3-8B,altruistic,self_interested,llm_action_move_proportion,10,0.7118432274247491,0.03655048141737393
1,3,Qwen/Qwen3-8B,altruistic,self_interested,llm_action_throw_proportion,10,0.16254361761426978,0.04325896130212058
1,3,Qwen/Qwen3-8B,altruistic,self_interested,llm_action_unsuccessful_proportion,10,0.002666666666666667,0.005621826951410453
1,3,Qwen/Qwen3-8B,altruistic,self_interested,llm_decisions,10,58.3,14.150382798120104
1,3,Qwen/Qwen3-8B,altruistic,self_interested,llm_executed_actions,10,58.3,14.150382798120104
1,3,Qwen/Qwen3-8B,altruistic,self_interested,llm_executed_eat_proportion,10,0.12294648829431438,0.01845988813833037
1,3,Qwen/Qwen3-8B,altruistic,self_interested,llm_executed_move_proportion,10,0.7118432274247491,0.03655048141737393
1,3,Qwen/Qwen3-8B,altruistic,self_interested,llm_executed_throw_proportion,10,0.16254361761426978,0.04325896130212058
1,3,Qwen/Qwen3-8B,altruistic,self_interested,llm_executed_unsuccessful_proportion,10,0.002666666666666667,0.005621826951410453
1,3,Qwen/Qwen3-8B,altruistic,self_interested,llm_mean_berries_consumed,10,7.4,2.8362729848243533
1,3,Qwen/Qwen3-8B,altruistic,self_interested,llm_mean_final_wellbeing,10,2.3333333333333286,4.078701076217249
1,3,Qwen/Qwen3-8B,altruistic,self_interested,llm_rule_survival_gap,10,-0.7,0.48304589153964794
1,3,Qwen/Qwen3-8B,altruistic,self_interested,llm_rule_wellbeing_gap,10,-63.58333333333339,16.525871349744783
1,3,Qwen/Qwen3-8B,altruistic,self_interested,llm_successful_shares,10,9.1,2.0789954839350235
1,3,Qwen/Qwen3-8B,altruistic,self_interested,llm_survival_rate,10,0.3,0.48304589153964794
1,3,Qwen/Qwen3-8B,altruistic,self_interested,llm_survivors,10,0.3,0.48304589153964794
1,3,Qwen/Qwen3-8B,altruistic,self_interested,llm_total_final_wellbeing,10,2.3333333333333286,4.078701076217249
1,3,Qwen/Qwen3-8B,altruistic,self_interested,mean_final_wellbeing,10,50.02083333333337,13.278042913438437
1,3,Qwen/Qwen3-8B,altruistic,self_interested,minimum_berries_consumed,10,7.4,2.8362729848243533
1,3,Qwen/Qwen3-8B,altruistic,self_interested,minimum_final_wellbeing,10,2.3333333333333286,4.078701076217249
1,3,Qwen/Qwen3-8B,altruistic,self_interested,rule_executed_actions,10,225.0,0.0
1,3,Qwen/Qwen3-8B,altruistic,self_interested,rule_executed_eat_proportion,10,0.2826666666666667,0.038643671323171834
1,3,Qwen/Qwen3-8B,altruistic,self_interested,rule_executed_move_proportion,10,0.7173333333333334,0.03864367132317187
1,3,Qwen/Qwen3-8B,altruistic,self_interested,rule_executed_throw_proportion,10,0.0,0.0
1,3,Qwen/Qwen3-8B,altruistic,self_interested,rule_executed_unsuccessful_proportion,10,0.0,0.0
1,3,Qwen/Qwen3-8B,altruistic,self_interested,rule_mean_berries_consumed,10,21.2,2.8982753492378874
1,3,Qwen/Qwen3-8B,altruistic,self_interested,rule_mean_final_wellbeing,10,65.91666666666671,17.25705855465672
1,3,Qwen/Qwen3-8B,altruistic,self_interested,rule_successful_shares,10,0.0,0.0
1,3,Qwen/Qwen3-8B,altruistic,self_interested,rule_survival_rate,10,1.0,0.0
1,3,Qwen/Qwen3-8B,altruistic,self_interested,rule_survivors,10,3.0,0.0
1,3,Qwen/Qwen3-8B,altruistic,self_interested,rule_total_final_wellbeing,10,197.75000000000017,51.77117566397015
1,3,Qwen/Qwen3-8B,altruistic,self_interested,survival_rate,10,0.825,0.12076147288491199
1,3,Qwen/Qwen3-8B,altruistic,self_interested,survivors,10,3.3,0.48304589153964794
1,3,Qwen/Qwen3-8B,altruistic,self_interested,total_berries_consumed,10,71.0,9.752492558885194
1,3,Qwen/Qwen3-8B,altruistic,self_interested,total_berries_thrown,10,9.1,2.0789954839350235
1,3,Qwen/Qwen3-8B,altruistic,self_interested,total_final_wellbeing,10,200.08333333333348,53.11217165375375
1,3,Qwen/Qwen3-8B,cooperative,altruistic,episode_steps,10,75.0,0.0
1,3,Qwen/Qwen3-8B,cooperative,altruistic,fallback_count,10,1.0,0.816496580927726
1,3,Qwen/Qwen3-8B,cooperative,altruistic,fallback_rate,10,0.015109730848861283,0.014011727997170717
1,3,Qwen/Qwen3-8B,cooperative,altruistic,gini_berries_consumed,10,0.03274441704674262,0.05096948425093359
1,3,Qwen/Qwen3-8B,cooperative,altruistic,gini_final_wellbeing,10,0.3110119047619049,0.22792969085231796
1,3,Qwen/Qwen3-8B,cooperative,altruistic,llm_action_eat_proportion,10,0.1410600414078675,0.012714353723280253
1,3,Qwen/Qwen3-8B,cooperative,altruistic,llm_action_move_proportion,10,0.29413250517598344,0.06897859744226788
1,3,Qwen/Qwen3-8B,cooperative,altruistic,llm_action_throw_proportion,10,0.5505383022774326,0.06373757929094717
1,3,Qwen/Qwen3-8B,cooperative,altruistic,llm_action_unsuccessful_proportion,10,0.014269151138716357,0.009273127339262409
1,3,Qwen/Qwen3-8B,cooperative,altruistic,llm_decisions,10,71.6,9.131143289740765
1,3,Qwen/Qwen3-8B,cooperative,altruistic,llm_executed_actions,10,71.6,9.131143289740765
1,3,Qwen/Qwen3-8B,cooperative,altruistic,llm_executed_eat_proportion,10,0.1410600414078675,0.012714353723280253
1,3,Qwen/Qwen3-8B,cooperative,altruistic,llm_executed_move_proportion,10,0.29413250517598344,0.06897859744226788
1,3,Qwen/Qwen3-8B,cooperative,altruistic,llm_executed_throw_proportion,10,0.5505383022774326,0.06373757929094717
1,3,Qwen/Qwen3-8B,cooperative,altruistic,llm_executed_unsuccessful_proportion,10,0.014269151138716357,0.009273127339262409
1,3,Qwen/Qwen3-8B,cooperative,altruistic,llm_mean_berries_consumed,10,10.2,1.9321835661585915
1,3,Qwen/Qwen3-8B,cooperative,altruistic,llm_mean_final_wellbeing,10,6.999999999999995,4.6013953868552555
1,3,Qwen/Qwen3-8B,cooperative,altruistic,llm_rule_survival_gap,10,1.6653345369377347e-17,0.35136418446315326
1,3,Qwen/Qwen3-8B,cooperative,altruistic,llm_rule_wellbeing_gap,10,-0.3888888888888891,4.655851665647251
1,3,Qwen/Qwen3-8B,cooperative,altruistic,llm_successful_shares,10,39.5,7.321960878829599
1,3,Qwen/Qwen3-8B,cooperative,altruistic,llm_survival_rate,10,0.8,0.4216370213557839
1,3,Qwen/Qwen3-8B,cooperative,altruistic,llm_survivors,10,0.8,0.4216370213557839
1,3,Qwen/Qwen3-8B,cooperative,altruistic,llm_total_final_wellbeing,10,6.999999999999995,4.6013953868552555
1,3,Qwen/Qwen3-8B,cooperative,altruistic,mean_final_wellbeing,10,7.291666666666662,3.4373246307679377
1,3,Qwen/Qwen3-8B,cooperative,altruistic,minimum_berries_consumed,10,9.5,2.3213980461973533
1,3,Qwen/Qwen3-8B,cooperative,altruistic,minimum_final_wellbeing,10,3.4999999999999956,3.0123203803835428
1,3,Qwen/Qwen3-8B,cooperative,altruistic,rule_executed_actions,10,221.1,8.385834616913348
1,3,Qwen/Qwen3-8B,cooperative,altruistic,rule_executed_eat_proportion,10,0.1432079102647107,0.005271881122843058
1,3,Qwen/Qwen3-8B,cooperative,altruistic,rule_executed_move_proportion,10,0.37400900090009,0.05945603451694469
1,3,Qwen/Qwen3-8B,cooperative,altruistic,rule_executed_throw_proportion,10,0.48278308883519927,0.05535687923941773
1,3,Qwen/Qwen3-8B,cooperative,altruistic,rule_executed_unsuccessful_proportion,10,0.0,0.0
1,3,Qwen/Qwen3-8B,cooperative,altruistic,rule_mean_berries_consumed,10,10.566666666666666,0.7544108976341313
1,3,Qwen/Qwen3-8B,cooperative,altruistic,rule_mean_final_wellbeing,10,7.388888888888884,3.757023600863927
1,3,Qwen/Qwen3-8B,cooperative,altruistic,rule_successful_shares,10,107.0,14.862331206405303
1,3,Qwen/Qwen3-8B,cooperative,altruistic,rule_survival_rate,10,0.8,0.2810913475705226
1,3,Qwen/Qwen3-8B,cooperative,altruistic,rule_survivors,10,2.4,0.8432740427115678
1,3,Qwen/Qwen3-8B,cooperative,altruistic,rule_total_final_wellbeing,10,22.16666666666665,11.271070802591781
1,3,Qwen/Qwen3-8B,cooperative,altruistic,survival_rate,10,0.8,0.2838231060987733
1,3,Qwen/Qwen3-8B,cooperative,altruistic,survivors,10,3.2,1.1352924243950933
1,3,Qwen/Qwen3-8B,cooperative,altruistic,total_berries_consumed,10,41.9,3.2472210341220142
1,3,Qwen/Qwen3-8B,cooperative,altruistic,total_berries_thrown,10,146.5,21.655125131119526
1,3,Qwen/Qwen3-8B,cooperative,altruistic,total_final_wellbeing,10,29.166666666666647,13.74929852307175
1,3,Qwen/Qwen3-8B,cooperative,cooperative,episode_steps,10,75.0,0.0
1,3,Qwen/Qwen3-8B,cooperative,cooperative,fallback_count,10,1.1,0.9944289260117533
1,3,Qwen/Qwen3-8B,cooperative,cooperative,fallback_rate,10,0.014666666666666666,0.013259052346823376
1,3,Qwen/Qwen3-8B,cooperative,cooperative,gini_berries_consumed,10,0.0,0.0
1,3,Qwen/Qwen3-8B,cooperative,cooperative,gini_final_wellbeing,10,0.13190476190476205,0.026801435715502177
1,3,Qwen/Qwen3-8B,cooperative,cooperative,llm_action_eat_proportion,10,0.14666666666666667,0.0
1,3,Qwen/Qwen3-8B,cooperative,cooperative,llm_action_move_proportion,10,0.24266666666666667,0.0420699006798195
1,3,Qwen/Qwen3-8B,cooperative,cooperative,llm_action_throw_proportion,10,0.5933333333333334,0.0427452979148252
1,3,Qwen/Qwen3-8B,cooperative,cooperative,llm_action_unsuccessful_proportion,10,0.017333333333333333,0.010976968031314194
1,3,Qwen/Qwen3-8B,cooperative,cooperative,llm_decisions,10,75.0,0.0
1,3,Qwen/Qwen3-8B,cooperative,cooperative,llm_executed_actions,10,75.0,0.0
1,3,Qwen/Qwen3-8B,cooperative,cooperative,llm_executed_eat_proportion,10,0.14666666666666667,0.0
1,3,Qwen/Qwen3-8B,cooperative,cooperative,llm_executed_move_proportion,10,0.24266666666666667,0.0420699006798195
1,3,Qwen/Qwen3-8B,cooperative,cooperative,llm_executed_throw_proportion,10,0.5933333333333334,0.0427452979148252
1,3,Qwen/Qwen3-8B,cooperative,cooperative,llm_executed_unsuccessful_proportion,10,0.017333333333333333,0.010976968031314194
1,3,Qwen/Qwen3-8B,cooperative,cooperative,llm_mean_berries_consumed,10,11.0,0.0
1,3,Qwen/Qwen3-8B,cooperative,cooperative,llm_mean_final_wellbeing,10,8.749999999999991,3.0744366140525905
1,3,Qwen/Qwen3-8B,cooperative,cooperative,llm_rule_survival_gap,10,0.0,0.0
1,3,Qwen/Qwen3-8B,cooperative,cooperative,llm_rule_wellbeing_gap,10,-0.38888888888889206,4.078701076217257
1,3,Qwen/Qwen3-8B,cooperative,cooperative,llm_successful_shares,10,44.5,3.2058973436118907
1,3,Qwen/Qwen3-8B,cooperative,cooperative,llm_survival_rate,10,1.0,0.0
1,3,Qwen/Qwen3-8B,cooperative,cooperative,llm_survivors,10,1.0,0.0
1,3,Qwen/Qwen3-8B,cooperative,cooperative,llm_total_final_wellbeing,10,8.749999999999991,3.0744366140525905
1,3,Qwen/Qwen3-8B,cooperative,cooperative,mean_final_wellbeing,10,9.04166666666666,1.34011585089766
1,3,Qwen/Qwen3-8B,cooperative,cooperative,minimum_berries_consumed,10,11.0,0.0
1,3,Qwen/Qwen3-8B,cooperative,cooperative,minimum_final_wellbeing,10,5.833333333333326,1.7007321910901718e-15
1,3,Qwen/Qwen3-8B,cooperative,cooperative,rule_executed_actions,10,225.0,0.0
1,3,Qwen/Qwen3-8B,cooperative,cooperative,rule_executed_eat_proportion,10,0.14666666666666667,0.0
1,3,Qwen/Qwen3-8B,cooperative,cooperative,rule_executed_move_proportion,10,0.31022222222222223,0.06634655657434663
1,3,Qwen/Qwen3-8B,cooperative,cooperative,rule_executed_throw_proportion,10,0.5431111111111111,0.06634655657434665
1,3,Qwen/Qwen3-8B,cooperative,cooperative,rule_executed_unsuccessful_proportion,10,0.0,0.0
1,3,Qwen/Qwen3-8B,cooperative,cooperative,rule_mean_berries_consumed,10,11.0,0.0
1,3,Qwen/Qwen3-8B,cooperative,cooperative,rule_mean_final_wellbeing,10,9.138888888888882,1.8446619684315555
1,3,Qwen/Qwen3-8B,cooperative,cooperative,rule_successful_shares,10,122.2,14.927975229227988
1,3,Qwen/Qwen3-8B,cooperative,cooperative,rule_survival_rate,10,1.0,0.0
1,3,Qwen/Qwen3-8B,cooperative,cooperative,rule_survivors,10,3.0,0.0
1,3,Qwen/Qwen3-8B,cooperative,cooperative,rule_total_final_wellbeing,10,27.416666666666647,5.533985905294665
1,3,Qwen/Qwen3-8B,cooperative,cooperative,survival_rate,10,1.0,0.0
1,3,Qwen/Qwen3-8B,cooperative,cooperative,survivors,10,4.0,0.0
1,3,Qwen/Qwen3-8B,cooperative,cooperative,total_berries_consumed,10,44.0,0.0
1,3,Qwen/Qwen3-8B,cooperative,cooperative,total_berries_thrown,10,166.7,17.963234056755415
1,3,Qwen/Qwen3-8B,cooperative,cooperative,total_final_wellbeing,10,36.16666666666664,5.36046340359064
1,3,Qwen/Qwen3-8B,cooperative,self_interested,episode_steps,10,75.0,0.0
1,3,Qwen/Qwen3-8B,cooperative,self_interested,fallback_count,10,0.6,0.5163977794943222
1,3,Qwen/Qwen3-8B,cooperative,self_interested,fallback_rate,10,0.008,0.006885303726590963
1,3,Qwen/Qwen3-8B,cooperative,self_interested,gini_berries_consumed,10,0.051754045506976896,0.021419673405898513
1,3,Qwen/Qwen3-8B,cooperative,self_interested,gini_final_wellbeing,10,0.1046517299974751,0.05073277463285917
1,3,Qwen/Qwen3-8B,cooperative,self_interested,llm_action_eat_proportion,10,0.21733333333333332,0.03445519545478099
1,3,Qwen/Qwen3-8B,cooperative,self_interested,llm_action_move_proportion,10,0.7386666666666667,0.0440874551738213
1,3,Qwen/Qwen3-8B,cooperative,self_interested,llm_action_throw_proportion,10,0.044,0.017833246797990115
1,3,Qwen/Qwen3-8B,cooperative,self_interested,llm_action_unsuccessful_proportion,10,0.0,0.0
1,3,Qwen/Qwen3-8B,cooperative,self_interested,llm_decisions,10,75.0,0.0
1,3,Qwen/Qwen3-8B,cooperative,self_interested,llm_executed_actions,10,75.0,0.0
1,3,Qwen/Qwen3-8B,cooperative,self_interested,llm_executed_eat_proportion,10,0.21733333333333332,0.03445519545478099
1,3,Qwen/Qwen3-8B,cooperative,self_interested,llm_executed_move_proportion,10,0.7386666666666667,0.0440874551738213
1,3,Qwen/Qwen3-8B,cooperative,self_interested,llm_executed_throw_proportion,10,0.044,0.017833246797990115
1,3,Qwen/Qwen3-8B,cooperative,self_interested,llm_executed_unsuccessful_proportion,10,0.0,0.0
1,3,Qwen/Qwen3-8B,cooperative,self_interested,llm_mean_berries_consumed,10,16.3,2.5841396591085743
1,3,Qwen/Qwen3-8B,cooperative,self_interested,llm_mean_final_wellbeing,10,38.49999999999996,15.35988040076895
1,3,Qwen/Qwen3-8B,cooperative,self_interested,llm_rule_survival_gap,10,0.0,0.0
1,3,Qwen/Qwen3-8B,cooperative,self_interested,llm_rule_wellbeing_gap,10,-19.8333333333334,12.426878033844172
1,3,Qwen/Qwen3-8B,cooperative,self_interested,llm_successful_shares,10,3.3,1.3374935098492586
1,3,Qwen/Qwen3-8B,cooperative,self_interested,llm_survival_rate,10,1.0,0.0
1,3,Qwen/Qwen3-8B,cooperative,self_interested,llm_survivors,10,1.0,0.0
1,3,Qwen/Qwen3-8B,cooperative,self_interested,llm_total_final_wellbeing,10,38.49999999999996,15.35988040076895
1,3,Qwen/Qwen3-8B,cooperative,self_interested,mean_final_wellbeing,10,53.375000000000014,12.642627652138549
1,3,Qwen/Qwen3-8B,cooperative,self_interested,minimum_berries_consumed,10,16.3,2.5841396591085743
1,3,Qwen/Qwen3-8B,cooperative,self_interested,minimum_final_wellbeing,10,38.49999999999996,15.35988040076895
1,3,Qwen/Qwen3-8B,cooperative,self_interested,rule_executed_actions,10,225.0,0.0
1,3,Qwen/Qwen3-8B,cooperative,self_interested,rule_executed_eat_proportion,10,0.2653333333333333,0.029484831374914325
1,3,Qwen/Qwen3-8B,cooperative,self_interested,rule_executed_move_proportion,10,0.7346666666666667,0.02948483137491432
1,3,Qwen/Qwen3-8B,cooperative,self_interested,rule_executed_throw_proportion,10,0.0,0.0
1,3,Qwen/Qwen3-8B,cooperative,self_interested,rule_executed_unsuccessful_proportion,10,0.0,0.0
1,3,Qwen/Qwen3-8B,cooperative,self_interested,rule_mean_berries_consumed,10,19.9,2.211362353118575
1,3,Qwen/Qwen3-8B,cooperative,self_interested,rule_mean_final_wellbeing,10,58.33333333333336,13.155970547341825
1,3,Qwen/Qwen3-8B,cooperative,self_interested,rule_successful_shares,10,0.0,0.0
1,3,Qwen/Qwen3-8B,cooperative,self_interested,rule_survival_rate,10,1.0,0.0
1,3,Qwen/Qwen3-8B,cooperative,self_interested,rule_survivors,10,3.0,0.0
1,3,Qwen/Qwen3-8B,cooperative,self_interested,rule_total_final_wellbeing,10,175.00000000000006,39.467911642025484
1,3,Qwen/Qwen3-8B,cooperative,self_interested,survival_rate,10,1.0,0.0
1,3,Qwen/Qwen3-8B,cooperative,self_interested,survivors,10,4.0,0.0
1,3,Qwen/Qwen3-8B,cooperative,self_interested,total_berries_consumed,10,76.0,8.576453553512403
1,3,Qwen/Qwen3-8B,cooperative,self_interested,total_berries_thrown,10,3.3,1.3374935098492586
1,3,Qwen/Qwen3-8B,cooperative,self_interested,total_final_wellbeing,10,213.50000000000006,50.570510608554194
1,3,Qwen/Qwen3-8B,self_interested,altruistic,episode_steps,10,75.0,0.0
1,3,Qwen/Qwen3-8B,self_interested,altruistic,fallback_count,10,0.2,0.4216370213557839
1,3,Qwen/Qwen3-8B,self_interested,altruistic,fallback_rate,10,0.002666666666666667,0.005621826951410452
1,3,Qwen/Qwen3-8B,self_interested,altruistic,gini_berries_consumed,10,0.22578280577466853,0.09295615685574579
1,3,Qwen/Qwen3-8B,self_interested,altruistic,gini_final_wellbeing,10,0.637486816588984,0.11171744427414468
1,3,Qwen/Qwen3-8B,self_interested,altruistic,llm_action_eat_proportion,10,0.29733333333333334,0.044020197384584486
1,3,Qwen/Qwen3-8B,self_interested,altruistic,llm_action_move_proportion,10,0.7013333333333334,0.045411696975803724
1,3,Qwen/Qwen3-8B,self_interested,altruistic,llm_action_throw_proportion,10,0.0,0.0
1,3,Qwen/Qwen3-8B,self_interested,altruistic,llm_action_unsuccessful_proportion,10,0.0013333333333333335,0.0042163702135578395
1,3,Qwen/Qwen3-8B,self_interested,altruistic,llm_decisions,10,75.0,0.0
1,3,Qwen/Qwen3-8B,self_interested,altruistic,llm_executed_actions,10,75.0,0.0
1,3,Qwen/Qwen3-8B,self_interested,altruistic,llm_executed_eat_proportion,10,0.29733333333333334,0.044020197384584486
1,3,Qwen/Qwen3-8B,self_interested,altruistic,llm_executed_move_proportion,10,0.7013333333333334,0.045411696975803724
1,3,Qwen/Qwen3-8B,self_interested,altruistic,llm_executed_throw_proportion,10,0.0,0.0
1,3,Qwen/Qwen3-8B,self_interested,altruistic,llm_executed_unsuccessful_proportion,10,0.0013333333333333335,0.0042163702135578395
1,3,Qwen/Qwen3-8B,self_interested,altruistic,llm_mean_berries_consumed,10,22.3,3.3015148038438356
1,3,Qwen/Qwen3-8B,self_interested,altruistic,llm_mean_final_wellbeing,10,72.91666666666674,20.806464154615167
1,3,Qwen/Qwen3-8B,self_interested,altruistic,llm_rule_survival_gap,10,0.4666666666666667,0.42163702135578396
1,3,Qwen/Qwen3-8B,self_interested,altruistic,llm_rule_wellbeing_gap,10,68.44444444444453,20.59439107520722
1,3,Qwen/Qwen3-8B,self_interested,altruistic,llm_successful_shares,10,0.0,0.0
1,3,Qwen/Qwen3-8B,self_interested,altruistic,llm_survival_rate,10,1.0,0.0
1,3,Qwen/Qwen3-8B,self_interested,altruistic,llm_survivors,10,1.0,0.0
1,3,Qwen/Qwen3-8B,self_interested,altruistic,llm_total_final_wellbeing,10,72.91666666666674,20.806464154615167
1,3,Qwen/Qwen3-8B,self_interested,altruistic,mean_final_wellbeing,10,21.58333333333335,6.478239930150222
1,3,Qwen/Qwen3-8B,self_interested,altruistic,minimum_berries_consumed,10,8.3,3.334999583541537
1,3,Qwen/Qwen3-8B,self_interested,altruistic,minimum_final_wellbeing,10,2.333333333333331,3.0123203803835428
1,3,Qwen/Qwen3-8B,self_interested,altruistic,rule_executed_actions,10,203.7,29.193035699175468
1,3,Qwen/Qwen3-8B,self_interested,altruistic,rule_executed_eat_proportion,10,0.1352117452440033,0.011029331228214949
1,3,Qwen/Qwen3-8B,self_interested,altruistic,rule_executed_move_proportion,10,0.41617637742769026,0.080182809922581
1,3,Qwen/Qwen3-8B,self_interested,altruistic,rule_executed_throw_proportion,10,0.44861187732830643,0.07222129819169246
1,3,Qwen/Qwen3-8B,self_interested,altruistic,rule_executed_unsuccessful_proportion,10,0.0,0.0
1,3,Qwen/Qwen3-8B,self_interested,altruistic,rule_mean_berries_consumed,10,9.266666666666667,1.948725446079445
1,3,Qwen/Qwen3-8B,self_interested,altruistic,rule_mean_final_wellbeing,10,4.472222222222219,4.205477680835492
1,3,Qwen/Qwen3-8B,self_interested,altruistic,rule_successful_shares,10,92.4,24.23587790400376
1,3,Qwen/Qwen3-8B,self_interested,altruistic,rule_survival_rate,10,0.5333333333333333,0.42163702135578396
1,3,Qwen/Qwen3-8B,self_interested,altruistic,rule_survivors,10,1.6,1.2649110640673518
1,3,Qwen/Qwen3-8B,self_interested,altruistic,rule_total_final_wellbeing,10,13.416666666666657,12.616433042506475
1,3,Qwen/Qwen3-8B,self_interested,altruistic,survival_rate,10,0.65,0.31622776601683794
1,3,Qwen/Qwen3-8B,self_interested,altruistic,survivors,10,2.6,1.2649110640673518
1,3,Qwen/Qwen3-8B,self_interested,altruistic,total_berries_consumed,10,50.1,7.4899933244296015
1,3,Qwen/Qwen3-8B,self_interested,altruistic,total_berries_thrown,10,92.4,24.23587790400376
1,3,Qwen/Qwen3-8B,self_interested,altruistic,total_final_wellbeing,10,86.3333333333334,25.912959720600888
1,3,Qwen/Qwen3-8B,self_interested,cooperative,episode_steps,10,75.0,0.0
1,3,Qwen/Qwen3-8B,self_interested,cooperative,fallback_count,10,0.3,0.674948557710553
1,3,Qwen/Qwen3-8B,self_interested,cooperative,fallback_rate,10,0.004,0.008999314102807373
1,3,Qwen/Qwen3-8B,self_interested,cooperative,gini_berries_consumed,10,0.19553384901053256,0.05254723323143445
1,3,Qwen/Qwen3-8B,self_interested,cooperative,gini_final_wellbeing,10,0.6148010149035692,0.07989130618644998
1,3,Qwen/Qwen3-8B,self_interested,cooperative,llm_action_eat_proportion,10,0.3,0.03456966485800898
1,3,Qwen/Qwen3-8B,self_interested,cooperative,llm_action_move_proportion,10,0.7,0.03456966485800899
1,3,Qwen/Qwen3-8B,self_interested,cooperative,llm_action_throw_proportion,10,0.0,0.0
1,3,Qwen/Qwen3-8B,self_interested,cooperative,llm_action_unsuccessful_proportion,10,0.0,0.0
1,3,Qwen/Qwen3-8B,self_interested,cooperative,llm_decisions,10,75.0,0.0
1,3,Qwen/Qwen3-8B,self_interested,cooperative,llm_executed_actions,10,75.0,0.0
1,3,Qwen/Qwen3-8B,self_interested,cooperative,llm_executed_eat_proportion,10,0.3,0.03456966485800898
1,3,Qwen/Qwen3-8B,self_interested,cooperative,llm_executed_move_proportion,10,0.7,0.03456966485800899
1,3,Qwen/Qwen3-8B,self_interested,cooperative,llm_executed_throw_proportion,10,0.0,0.0
1,3,Qwen/Qwen3-8B,self_interested,cooperative,llm_executed_unsuccessful_proportion,10,0.0,0.0
1,3,Qwen/Qwen3-8B,self_interested,cooperative,llm_mean_berries_consumed,10,22.5,2.5927248643506737
1,3,Qwen/Qwen3-8B,self_interested,cooperative,llm_mean_final_wellbeing,10,75.83333333333339,15.0616019019178
1,3,Qwen/Qwen3-8B,self_interested,cooperative,llm_rule_survival_gap,10,0.30000000000000004,0.29186501192363773
1,3,Qwen/Qwen3-8B,self_interested,cooperative,llm_rule_wellbeing_gap,10,70.38888888888894,14.60276483207008
1,3,Qwen/Qwen3-8B,self_interested,cooperative,llm_successful_shares,10,0.0,0.0
1,3,Qwen/Qwen3-8B,self_interested,cooperative,llm_survival_rate,10,1.0,0.0
1,3,Qwen/Qwen3-8B,self_interested,cooperative,llm_survivors,10,1.0,0.0
1,3,Qwen/Qwen3-8B,self_interested,cooperative,llm_total_final_wellbeing,10,75.83333333333339,15.0616019019178
1,3,Qwen/Qwen3-8B,self_interested,cooperative,mean_final_wellbeing,10,23.04166666666668,4.851379147173491
1,3,Qwen/Qwen3-8B,self_interested,cooperative,minimum_berries_consumed,10,9.1,2.4244128727957572
1,3,Qwen/Qwen3-8B,self_interested,cooperative,minimum_final_wellbeing,10,2.333333333333331,3.012320380383543
1,3,Qwen/Qwen3-8B,self_interested,cooperative,rule_executed_actions,10,215.2,16.75178265804038
1,3,Qwen/Qwen3-8B,self_interested,cooperative,rule_executed_eat_proportion,10,0.1408647431611249,0.006441674062316557
1,3,Qwen/Qwen3-8B,self_interested,cooperative,rule_executed_move_proportion,10,0.3555413766664547,0.06434419277692896
1,3,Qwen/Qwen3-8B,self_interested,cooperative,rule_executed_throw_proportion,10,0.5035938801724205,0.0594135653474727
1,3,Qwen/Qwen3-8B,self_interested,cooperative,rule_executed_unsuccessful_proportion,10,0.0,0.0
1,3,Qwen/Qwen3-8B,self_interested,cooperative,rule_mean_berries_consumed,10,10.133333333333333,1.177987402728762
1,3,Qwen/Qwen3-8B,self_interested,cooperative,rule_mean_final_wellbeing,10,5.44444444444444,3.012320380383545
1,3,Qwen/Qwen3-8B,self_interested,cooperative,rule_successful_shares,10,109.1,19.62113373097714
1,3,Qwen/Qwen3-8B,self_interested,cooperative,rule_survival_rate,10,0.7,0.29186501192363773
1,3,Qwen/Qwen3-8B,self_interested,cooperative,rule_survivors,10,2.1,0.8755950357709131
1,3,Qwen/Qwen3-8B,self_interested,cooperative,rule_total_final_wellbeing,10,16.33333333333332,9.036961141150634
1,3,Qwen/Qwen3-8B,self_interested,cooperative,survival_rate,10,0.775,0.21889875894272828
1,3,Qwen/Qwen3-8B,self_interested,cooperative,survivors,10,3.1,0.8755950357709131
1,3,Qwen/Qwen3-8B,self_interested,cooperative,total_berries_consumed,10,52.9,5.1521300880746805
1,3,Qwen/Qwen3-8B,self_interested,cooperative,total_berries_thrown,10,109.1,19.62113373097714
1,3,Qwen/Qwen3-8B,self_interested,cooperative,total_final_wellbeing,10,92.16666666666671,19.405516588693963
1,3,Qwen/Qwen3-8B,self_interested,self_interested,episode_steps,10,75.0,0.0
1,3,Qwen/Qwen3-8B,self_interested,self_interested,fallback_count,10,0.3,0.6749485577105528
1,3,Qwen/Qwen3-8B,self_interested,self_interested,fallback_rate,10,0.004,0.008999314102807373
1,3,Qwen/Qwen3-8B,self_interested,self_interested,gini_berries_consumed,10,0.05762817137841132,0.04046125501306837
1,3,Qwen/Qwen3-8B,self_interested,self_interested,gini_final_wellbeing,10,0.14416198216378687,0.11034912202032453
1,3,Qwen/Qwen3-8B,self_interested,self_interested,llm_action_eat_proportion,10,0.24933333333333335,0.033877047111394665
1,3,Qwen/Qwen3-8B,self_interested,self_interested,llm_action_move_proportion,10,0.748,0.03170854930086574
1,3,Qwen/Qwen3-8B,self_interested,self_interested,llm_action_throw_proportion,10,0.0013333333333333335,0.0042163702135578395
1,3,Qwen/Qwen3-8B,self_interested,self_interested,llm_action_unsuccessful_proportion,10,0.0013333333333333335,0.0042163702135578395
1,3,Qwen/Qwen3-8B,self_interested,self_interested,llm_decisions,10,75.0,0.0
1,3,Qwen/Qwen3-8B,self_interested,self_interested,llm_executed_actions,10,75.0,0.0
1,3,Qwen/Qwen3-8B,self_interested,self_interested,llm_executed_eat_proportion,10,0.24933333333333335,0.033877047111394665
1,3,Qwen/Qwen3-8B,self_interested,self_interested,llm_executed_move_proportion,10,0.748,0.03170854930086574
1,3,Qwen/Qwen3-8B,self_interested,self_interested,llm_executed_throw_proportion,10,0.0013333333333333335,0.0042163702135578395
1,3,Qwen/Qwen3-8B,self_interested,self_interested,llm_executed_unsuccessful_proportion,10,0.0013333333333333335,0.0042163702135578395
1,3,Qwen/Qwen3-8B,self_interested,self_interested,llm_mean_berries_consumed,10,18.7,2.5407785333546005
1,3,Qwen/Qwen3-8B,self_interested,self_interested,llm_mean_final_wellbeing,10,51.333333333333336,15.01131260659245
1,3,Qwen/Qwen3-8B,self_interested,self_interested,llm_rule_survival_gap,10,0.03333333333333334,0.105409255338946
1,3,Qwen/Qwen3-8B,self_interested,self_interested,llm_rule_wellbeing_gap,10,7.97222222222224,13.106382543420843
1,3,Qwen/Qwen3-8B,self_interested,self_interested,llm_successful_shares,10,0.1,0.31622776601683794
1,3,Qwen/Qwen3-8B,self_interested,self_interested,llm_survival_rate,10,1.0,0.0
1,3,Qwen/Qwen3-8B,self_interested,self_interested,llm_survivors,10,1.0,0.0
1,3,Qwen/Qwen3-8B,self_interested,self_interested,llm_total_final_wellbeing,10,51.333333333333336,15.01131260659245
1,3,Qwen/Qwen3-8B,self_interested,self_interested,mean_final_wellbeing,10,45.35416666666666,14.163279142919123
1,3,Qwen/Qwen3-8B,self_interested,self_interested,minimum_berries_consumed,10,15.4,3.747591819348052
1,3,Qwen/Qwen3-8B,self_interested,self_interested,minimum_final_wellbeing,10,33.8333333333333,15.748799679912894
1,3,Qwen/Qwen3-8B,self_interested,self_interested,rule_executed_actions,10,222.7,7.27323861838727
1,3,Qwen/Qwen3-8B,self_interested,self_interested,rule_executed_eat_proportion,10,0.230013201320132,0.034920282850021314
1,3,Qwen/Qwen3-8B,self_interested,self_interested,rule_executed_move_proportion,10,0.769986798679868,0.03492028285002132
1,3,Qwen/Qwen3-8B,self_interested,self_interested,rule_executed_throw_proportion,10,0.0,0.0
1,3,Qwen/Qwen3-8B,self_interested,self_interested,rule_executed_unsuccessful_proportion,10,0.0,0.0
1,3,Qwen/Qwen3-8B,self_interested,self_interested,rule_mean_berries_consumed,10,17.133333333333333,2.9152642130857993
1,3,Qwen/Qwen3-8B,self_interested,self_interested,rule_mean_final_wellbeing,10,43.3611111111111,15.339354024632357
1,3,Qwen/Qwen3-8B,self_interested,self_interested,rule_successful_shares,10,0.0,0.0
1,3,Qwen/Qwen3-8B,self_interested,self_interested,rule_survival_rate,10,0.9666666666666666,0.105409255338946
1,3,Qwen/Qwen3-8B,self_interested,self_interested,rule_survivors,10,2.9,0.316227766016838
1,3,Qwen/Qwen3-8B,self_interested,self_interested,rule_total_final_wellbeing,10,130.0833333333333,46.018062073897084
1,3,Qwen/Qwen3-8B,self_interested,self_interested,survival_rate,10,0.975,0.0790569415042095
1,3,Qwen/Qwen3-8B,self_interested,self_interested,survivors,10,3.9,0.316227766016838
1,3,Qwen/Qwen3-8B,self_interested,self_interested,total_berries_consumed,10,70.1,10.702543830531342
1,3,Qwen/Qwen3-8B,self_interested,self_interested,total_berries_thrown,10,0.1,0.31622776601683794
1,3,Qwen/Qwen3-8B,self_interested,self_interested,total_final_wellbeing,10,181.41666666666663,56.65311657167649
1,3,Qwen/Qwen3-8B,unframed,altruistic,episode_steps,10,75.0,0.0
1,3,Qwen/Qwen3-8B,unframed,altruistic,fallback_count,10,1.3,1.1595018087284057
1,3,Qwen/Qwen3-8B,unframed,altruistic,fallback_rate,10,0.017333333333333333,0.015460024116378743
1,3,Qwen/Qwen3-8B,unframed,altruistic,gini_berries_consumed,10,0.1704494686979611,0.03015459423369764
1,3,Qwen/Qwen3-8B,unframed,altruistic,gini_final_wellbeing,10,0.5649639581433061,0.09356958540685333
1,3,Qwen/Qwen3-8B,unframed,altruistic,llm_action_eat_proportion,10,0.30133333333333334,0.03985157648259536
1,3,Qwen/Qwen3-8B,unframed,altruistic,llm_action_move_proportion,10,0.6973333333333334,0.03927742416939679
1,3,Qwen/Qwen3-8B,unframed,altruistic,llm_action_throw_proportion,10,0.0013333333333333335,0.0042163702135578395
1,3,Qwen/Qwen3-8B,unframed,altruistic,llm_action_unsuccessful_proportion,10,0.0,0.0
1,3,Qwen/Qwen3-8B,unframed,altruistic,llm_decisions,10,75.0,0.0
1,3,Qwen/Qwen3-8B,unframed,altruistic,llm_executed_actions,10,75.0,0.0
1,3,Qwen/Qwen3-8B,unframed,altruistic,llm_executed_eat_proportion,10,0.30133333333333334,0.03985157648259536
1,3,Qwen/Qwen3-8B,unframed,altruistic,llm_executed_move_proportion,10,0.6973333333333334,0.03927742416939679
1,3,Qwen/Qwen3-8B,unframed,altruistic,llm_executed_throw_proportion,10,0.0013333333333333335,0.0042163702135578395
1,3,Qwen/Qwen3-8B,unframed,altruistic,llm_executed_unsuccessful_proportion,10,0.0,0.0
1,3,Qwen/Qwen3-8B,unframed,altruistic,llm_mean_berries_consumed,10,22.6,2.9888682361946537
1,3,Qwen/Qwen3-8B,unframed,altruistic,llm_mean_final_wellbeing,10,75.25000000000004,18.942122699045143
1,3,Qwen/Qwen3-8B,unframed,altruistic,llm_rule_survival_gap,10,0.2,0.2810913475705226
1,3,Qwen/Qwen3-8B,unframed,altruistic,llm_rule_wellbeing_gap,10,67.86111111111117,17.925720269711086
1,3,Qwen/Qwen3-8B,unframed,altruistic,llm_successful_shares,10,0.1,0.31622776601683794
1,3,Qwen/Qwen3-8B,unframed,altruistic,llm_survival_rate,10,1.0,0.0
1,3,Qwen/Qwen3-8B,unframed,altruistic,llm_survivors,10,1.0,0.0
1,3,Qwen/Qwen3-8B,unframed,altruistic,llm_total_final_wellbeing,10,75.25000000000004,18.942122699045143
1,3,Qwen/Qwen3-8B,unframed,altruistic,mean_final_wellbeing,10,24.354166666666675,6.227157331072184
1,3,Qwen/Qwen3-8B,unframed,altruistic,minimum_berries_consumed,10,10.2,1.2292725943057181
1,3,Qwen/Qwen3-8B,unframed,altruistic,minimum_final_wellbeing,10,3.4999999999999956,3.0123203803835428
1,3,Qwen/Qwen3-8B,unframed,altruistic,rule_executed_actions,10,222.8,4.638007234913626
1,3,Qwen/Qwen3-8B,unframed,altruistic,rule_executed_eat_proportion,10,0.14357009345794391,0.004336492473321277
1,3,Qwen/Qwen3-8B,unframed,altruistic,rule_executed_move_proportion,10,0.35631568016614745,0.04908872751067852
1,3,Qwen/Qwen3-8B,unframed,altruistic,rule_executed_throw_proportion,10,0.5001142263759086,0.04937337813346913
1,3,Qwen/Qwen3-8B,unframed,altruistic,rule_executed_unsuccessful_proportion,10,0.0,0.0
1,3,Qwen/Qwen3-8B,unframed,altruistic,rule_mean_berries_consumed,10,10.666666666666668,0.4969039949999534
1,3,Qwen/Qwen3-8B,unframed,altruistic,rule_mean_final_wellbeing,10,7.388888888888884,3.5263071689314094
1,3,Qwen/Qwen3-8B,unframed,altruistic,rule_successful_shares,10,111.4,11.037310461440425
1,3,Qwen/Qwen3-8B,unframed,altruistic,rule_survival_rate,10,0.8,0.28109134757052257
1,3,Qwen/Qwen3-8B,unframed,altruistic,rule_survivors,10,2.4,0.8432740427115677
1,3,Qwen/Qwen3-8B,unframed,altruistic,rule_total_final_wellbeing,10,22.16666666666665,10.578921506794229
1,3,Qwen/Qwen3-8B,unframed,altruistic,survival_rate,10,0.85,0.21081851067789192
1,3,Qwen/Qwen3-8B,unframed,altruistic,survivors,10,3.4,0.8432740427115677
1,3,Qwen/Qwen3-8B,unframed,altruistic,total_berries_consumed,10,54.6,3.864367132317183
1,3,Qwen/Qwen3-8B,unframed,altruistic,total_berries_thrown,10,111.5,10.9671225842414
1,3,Qwen/Qwen3-8B,unframed,altruistic,total_final_wellbeing,10,97.4166666666667,24.908629324288736
1,3,Qwen/Qwen3-8B,unframed,cooperative,episode_steps,10,75.0,0.0
1,3,Qwen/Qwen3-8B,unframed,cooperative,fallback_count,10,1.6,1.3498971154211057
1,3,Qwen/Qwen3-8B,unframed,cooperative,fallback_rate,10,0.021333333333333336,0.017998628205614747
1,3,Qwen/Qwen3-8B,unframed,cooperative,gini_berries_consumed,10,0.17493334874731867,0.057038107902345675
1,3,Qwen/Qwen3-8B,unframed,cooperative,gini_final_wellbeing,10,0.6023894732718263,0.13253049499061514
1,3,Qwen/Qwen3-8B,unframed,cooperative,llm_action_eat_proportion,10,0.2693333333333333,0.038129085492492824
1,3,Qwen/Qwen3-8B,unframed,cooperative,llm_action_move_proportion,10,0.72,0.03823255674241164
1,3,Qwen/Qwen3-8B,unframed,cooperative,llm_action_throw_proportion,10,0.009333333333333334,0.020893616486298946
1,3,Qwen/Qwen3-8B,unframed,cooperative,llm_action_unsuccessful_proportion,10,0.0013333333333333335,0.0042163702135578395
1,3,Qwen/Qwen3-8B,unframed,cooperative,llm_decisions,10,75.0,0.0
1,3,Qwen/Qwen3-8B,unframed,cooperative,llm_executed_actions,10,75.0,0.0
1,3,Qwen/Qwen3-8B,unframed,cooperative,llm_executed_eat_proportion,10,0.2693333333333333,0.038129085492492824
1,3,Qwen/Qwen3-8B,unframed,cooperative,llm_executed_move_proportion,10,0.72,0.03823255674241164
1,3,Qwen/Qwen3-8B,unframed,cooperative,llm_executed_throw_proportion,10,0.009333333333333334,0.020893616486298946
1,3,Qwen/Qwen3-8B,unframed,cooperative,llm_executed_unsuccessful_proportion,10,0.0013333333333333335,0.0042163702135578395
1,3,Qwen/Qwen3-8B,unframed,cooperative,llm_mean_berries_consumed,10,20.2,2.8596814119369625
1,3,Qwen/Qwen3-8B,unframed,cooperative,llm_mean_final_wellbeing,10,61.83333333333335,18.073922282301346
1,3,Qwen/Qwen3-8B,unframed,cooperative,llm_rule_survival_gap,10,0.4333333333333334,0.4458311699497529
1,3,Qwen/Qwen3-8B,unframed,cooperative,llm_rule_wellbeing_gap,10,56.77777777777781,18.30487877877443
1,3,Qwen/Qwen3-8B,unframed,cooperative,llm_successful_shares,10,0.7,1.5670212364724212
1,3,Qwen/Qwen3-8B,unframed,cooperative,llm_survival_rate,10,1.0,0.0
1,3,Qwen/Qwen3-8B,unframed,cooperative,llm_survivors,10,1.0,0.0
1,3,Qwen/Qwen3-8B,unframed,cooperative,llm_total_final_wellbeing,10,61.83333333333335,18.073922282301346
1,3,Qwen/Qwen3-8B,unframed,cooperative,mean_final_wellbeing,10,19.250000000000004,5.618737940977748
1,3,Qwen/Qwen3-8B,unframed,cooperative,minimum_berries_consumed,10,9.0,2.4037008503093262
1,3,Qwen/Qwen3-8B,unframed,cooperative,minimum_final_wellbeing,10,2.333333333333331,3.012320380383543
1,3,Qwen/Qwen3-8B,unframed,cooperative,rule_executed_actions,10,213.3,18.312412305440382
1,3,Qwen/Qwen3-8B,unframed,cooperative,rule_executed_eat_proportion,10,0.1380904957680337,0.009705066464835328
1,3,Qwen/Qwen3-8B,unframed,cooperative,rule_executed_move_proportion,10,0.4004264348384038,0.06090111973682551
1,3,Qwen/Qwen3-8B,unframed,cooperative,rule_executed_throw_proportion,10,0.4614830693935625,0.05797524752707483
1,3,Qwen/Qwen3-8B,unframed,cooperative,rule_executed_unsuccessful_proportion,10,0.0,0.0
1,3,Qwen/Qwen3-8B,unframed,cooperative,rule_mean_berries_consumed,10,9.866666666666667,1.441878062000741
1,3,Qwen/Qwen3-8B,unframed,cooperative,rule_mean_final_wellbeing,10,5.055555555555552,4.119694076833143
1,3,Qwen/Qwen3-8B,unframed,cooperative,rule_successful_shares,10,98.6,15.952707885775656
1,3,Qwen/Qwen3-8B,unframed,cooperative,rule_survival_rate,10,0.5666666666666667,0.44583116994975286
1,3,Qwen/Qwen3-8B,unframed,cooperative,rule_survivors,10,1.7,1.3374935098492586
1,3,Qwen/Qwen3-8B,unframed,cooperative,rule_total_final_wellbeing,10,15.166666666666654,12.359082230499428
1,3,Qwen/Qwen3-8B,unframed,cooperative,survival_rate,10,0.675,0.33437337746231466
1,3,Qwen/Qwen3-8B,unframed,cooperative,survivors,10,2.7,1.3374935098492586
1,3,Qwen/Qwen3-8B,unframed,cooperative,total_berries_consumed,10,49.8,5.977736472389305
1,3,Qwen/Qwen3-8B,unframed,cooperative,total_berries_thrown,10,99.3,16.36425644167461
1,3,Qwen/Qwen3-8B,unframed,cooperative,total_final_wellbeing,10,77.00000000000001,22.47495176391099
1,3,Qwen/Qwen3-8B,unframed,self_interested,episode_steps,10,75.0,0.0
1,3,Qwen/Qwen3-8B,unframed,self_interested,fallback_count,10,1.2,1.873795909674026
1,3,Qwen/Qwen3-8B,unframed,self_interested,fallback_rate,10,0.016,0.024983945462320353
1,3,Qwen/Qwen3-8B,unframed,self_interested,gini_berries_consumed,10,0.06657023903087145,0.01940656770101231
1,3,Qwen/Qwen3-8B,unframed,self_interested,gini_final_wellbeing,10,0.1670200497870331,0.08057999423090585
1,3,Qwen/Qwen3-8B,unframed,self_interested,llm_action_eat_proportion,10,0.24533333333333335,0.06477310827461931
1,3,Qwen/Qwen3-8B,unframed,self_interested,llm_action_move_proportion,10,0.7533333333333333,0.06718318425702657
1,3,Qwen/Qwen3-8B,unframed,self_interested,llm_action_throw_proportion,10,0.0,0.0
1,3,Qwen/Qwen3-8B,unframed,self_interested,llm_action_unsuccessful_proportion,10,0.0013333333333333335,0.0042163702135578395
1,3,Qwen/Qwen3-8B,unframed,self_interested,llm_decisions,10,75.0,0.0
1,3,Qwen/Qwen3-8B,unframed,self_interested,llm_executed_actions,10,75.0,0.0
1,3,Qwen/Qwen3-8B,unframed,self_interested,llm_executed_eat_proportion,10,0.24533333333333335,0.06477310827461931
1,3,Qwen/Qwen3-8B,unframed,self_interested,llm_executed_move_proportion,10,0.7533333333333333,0.06718318425702657
1,3,Qwen/Qwen3-8B,unframed,self_interested,llm_executed_throw_proportion,10,0.0,0.0
1,3,Qwen/Qwen3-8B,unframed,self_interested,llm_executed_unsuccessful_proportion,10,0.0013333333333333335,0.0042163702135578395
1,3,Qwen/Qwen3-8B,unframed,self_interested,llm_mean_berries_consumed,10,18.4,4.8579831205964465
1,3,Qwen/Qwen3-8B,unframed,self_interested,llm_mean_final_wellbeing,10,49.58333333333336,28.74228291490602
1,3,Qwen/Qwen3-8B,unframed,self_interested,llm_rule_survival_gap,10,0.03333333333333334,0.105409255338946
1,3,Qwen/Qwen3-8B,unframed,self_interested,llm_rule_wellbeing_gap,10,2.3333333333333637,24.8976643480124
1,3,Qwen/Qwen3-8B,unframed,self_interested,llm_successful_shares,10,0.0,0.0
1,3,Qwen/Qwen3-8B,unframed,self_interested,llm_survival_rate,10,1.0,0.0
1,3,Qwen/Qwen3-8B,unframed,self_interested,llm_survivors,10,1.0,0.0
1,3,Qwen/Qwen3-8B,unframed,self_interested,llm_total_final_wellbeing,10,49.58333333333336,28.74228291490602
1,3,Qwen/Qwen3-8B,unframed,self_interested,mean_final_wellbeing,10,47.83333333333333,18.21198264133799
1,3,Qwen/Qwen3-8B,unframed,self_interested,minimum_berries_consumed,10,15.3,3.1287200080686173
1,3,Qwen/Qwen3-8B,unframed,self_interested,minimum_final_wellbeing,10,31.49999999999996,18.69095641886342
1,3,Qwen/Qwen3-8B,unframed,self_interested,rule_executed_actions,10,225.0,0.0
1,3,Qwen/Qwen3-8B,unframed,self_interested,rule_executed_eat_proportion,10,0.24,0.04019158508518676
1,3,Qwen/Qwen3-8B,unframed,self_interested,rule_executed_move_proportion,10,0.76,0.04019158508518676
1,3,Qwen/Qwen3-8B,unframed,self_interested,rule_executed_throw_proportion,10,0.0,0.0
1,3,Qwen/Qwen3-8B,unframed,self_interested,rule_executed_unsuccessful_proportion,10,0.0,0.0
1,3,Qwen/Qwen3-8B,unframed,self_interested,rule_mean_berries_consumed,10,18.0,3.014368881389009
1,3,Qwen/Qwen3-8B,unframed,self_interested,rule_mean_final_wellbeing,10,47.249999999999986,17.93977598562109
1,3,Qwen/Qwen3-8B,unframed,self_interested,rule_successful_shares,10,0.0,0.0
1,3,Qwen/Qwen3-8B,unframed,self_interested,rule_survival_rate,10,0.9666666666666666,0.105409255338946
1,3,Qwen/Qwen3-8B,unframed,self_interested,rule_survivors,10,2.9,0.316227766016838
1,3,Qwen/Qwen3-8B,unframed,self_interested,rule_total_final_wellbeing,10,141.74999999999994,53.819327956863276
1,3,Qwen/Qwen3-8B,unframed,self_interested,survival_rate,10,0.975,0.0790569415042095
1,3,Qwen/Qwen3-8B,unframed,self_interested,survivors,10,3.9,0.316227766016838
1,3,Qwen/Qwen3-8B,unframed,self_interested,total_berries_consumed,10,72.4,12.312595177297109
1,3,Qwen/Qwen3-8B,unframed,self_interested,total_berries_thrown,10,0.0,0.0
1,3,Qwen/Qwen3-8B,unframed,self_interested,total_final_wellbeing,10,191.33333333333331,72.84793056535196
2,2,Qwen/Qwen3-8B,altruistic,altruistic,episode_steps,10,75.0,0.0
2,2,Qwen/Qwen3-8B,altruistic,altruistic,fallback_count,10,1.2,0.7888106377466155
2,2,Qwen/Qwen3-8B,altruistic,altruistic,fallback_rate,10,0.008,0.0052587375849774375
2,2,Qwen/Qwen3-8B,altruistic,altruistic,gini_berries_consumed,10,0.0034108527131782944,0.0071930298974648334
2,2,Qwen/Qwen3-8B,altruistic,altruistic,gini_final_wellbeing,10,0.14327380952380964,0.07533521396625148
2,2,Qwen/Qwen3-8B,altruistic,altruistic,llm_action_eat_proportion,10,0.14733333333333334,0.0021081851067789137
2,2,Qwen/Qwen3-8B,altruistic,altruistic,llm_action_move_proportion,10,0.262,0.054889338729600674
2,2,Qwen/Qwen3-8B,altruistic,altruistic,llm_action_throw_proportion,10,0.5773333333333334,0.05251219728974907
2,2,Qwen/Qwen3-8B,altruistic,altruistic,llm_action_unsuccessful_proportion,10,0.013333333333333332,0.004444444444444444
2,2,Qwen/Qwen3-8B,altruistic,altruistic,llm_decisions,10,150.0,0.0
2,2,Qwen/Qwen3-8B,altruistic,altruistic,llm_executed_actions,10,150.0,0.0
2,2,Qwen/Qwen3-8B,altruistic,altruistic,llm_executed_eat_proportion,10,0.14733333333333334,0.0021081851067789137
2,2,Qwen/Qwen3-8B,altruistic,altruistic,llm_executed_move_proportion,10,0.262,0.054889338729600674
2,2,Qwen/Qwen3-8B,altruistic,altruistic,llm_executed_throw_proportion,10,0.5773333333333334,0.05251219728974907
2,2,Qwen/Qwen3-8B,altruistic,altruistic,llm_executed_unsuccessful_proportion,10,0.013333333333333332,0.004444444444444444
2,2,Qwen/Qwen3-8B,altruistic,altruistic,llm_mean_berries_consumed,10,11.05,0.15811388300841886
2,2,Qwen/Qwen3-8B,altruistic,altruistic,llm_mean_final_wellbeing,10,9.916666666666659,2.4595492912420736
2,2,Qwen/Qwen3-8B,altruistic,altruistic,llm_rule_survival_gap,10,0.05,0.15811388300841897
2,2,Qwen/Qwen3-8B,altruistic,altruistic,llm_rule_wellbeing_gap,10,0.8749999999999982,3.6506912080175034
2,2,Qwen/Qwen3-8B,altruistic,altruistic,llm_successful_shares,10,86.6,7.876829593462363
2,2,Qwen/Qwen3-8B,altruistic,altruistic,llm_survival_rate,10,1.0,0.0
2,2,Qwen/Qwen3-8B,altruistic,altruistic,llm_survivors,10,2.0,0.0
2,2,Qwen/Qwen3-8B,altruistic,altruistic,llm_total_final_wellbeing,10,19.833333333333318,4.919098582484147
2,2,Qwen/Qwen3-8B,altruistic,altruistic,mean_final_wellbeing,10,9.47916666666666,2.200961665519511
2,2,Qwen/Qwen3-8B,altruistic,altruistic,minimum_berries_consumed,10,10.9,0.31622776601683794
2,2,Qwen/Qwen3-8B,altruistic,altruistic,minimum_final_wellbeing,10,5.833333333333327,2.749859704614349
2,2,Qwen/Qwen3-8B,altruistic,altruistic,rule_executed_actions,10,150.0,0.0
2,2,Qwen/Qwen3-8B,altruistic,altruistic,rule_executed_eat_proportion,10,0.146,0.0021081851067789163
2,2,Qwen/Qwen3-8B,altruistic,altruistic,rule_executed_move_proportion,10,0.29533333333333334,0.05333796276204163
2,2,Qwen/Qwen3-8B,altruistic,altruistic,rule_executed_throw_proportion,10,0.5586666666666666,0.0520018993005467
2,2,Qwen/Qwen3-8B,altruistic,altruistic,rule_executed_unsuccessful_proportion,10,0.0,0.0
2,2,Qwen/Qwen3-8B,altruistic,altruistic,rule_mean_berries_consumed,10,10.95,0.15811388300841897
2,2,Qwen/Qwen3-8B,altruistic,altruistic,rule_mean_final_wellbeing,10,9.04166666666666,3.2098060592926174
2,2,Qwen/Qwen3-8B,altruistic,altruistic,rule_successful_shares,10,83.8,7.800284895082003
2,2,Qwen/Qwen3-8B,altruistic,altruistic,rule_survival_rate,10,0.95,0.15811388300841897
2,2,Qwen/Qwen3-8B,altruistic,altruistic,rule_survivors,10,1.9,0.31622776601683794
2,2,Qwen/Qwen3-8B,altruistic,altruistic,rule_total_final_wellbeing,10,18.08333333333332,6.419612118585235
2,2,Qwen/Qwen3-8B,altruistic,altruistic,survival_rate,10,0.975,0.07905694150420949
2,2,Qwen/Qwen3-8B,altruistic,altruistic,survivors,10,3.9,0.31622776601683794
2,2,Qwen/Qwen3-8B,altruistic,altruistic,total_berries_consumed,10,44.0,0.4714045207910314
2,2,Qwen/Qwen3-8B,altruistic,altruistic,total_berries_thrown,10,170.4,14.61506072515609
2,2,Qwen/Qwen3-8B,altruistic,altruistic,total_final_wellbeing,10,37.91666666666664,8.803846662078044
2,2,Qwen/Qwen3-8B,altruistic,cooperative,episode_steps,10,75.0,0.0
2,2,Qwen/Qwen3-8B,altruistic,cooperative,fallback_count,10,2.8,2.0976176963403033
2,2,Qwen/Qwen3-8B,altruistic,cooperative,fallback_rate,10,0.01875187969924812,0.013905244357049876
2,2,Qwen/Qwen3-8B,altruistic,cooperative,gini_berries_consumed,10,0.01711294330551279,0.02703738948751754
2,2,Qwen/Qwen3-8B,altruistic,cooperative,gini_final_wellbeing,10,0.21464285714285727,0.13201355750482355
2,2,Qwen/Qwen3-8B,altruistic,cooperative,llm_action_eat_proportion,10,0.14420050125313283,0.005220567354244302
2,2,Qwen/Qwen3-8B,altruistic,cooperative,llm_action_move_proportion,10,0.33492731829573935,0.05193884891412325
2,2,Qwen/Qwen3-8B,altruistic,cooperative,llm_action_throw_proportion,10,0.5095388471177944,0.05175389468865996
2,2,Qwen/Qwen3-8B,altruistic,cooperative,llm_action_unsuccessful_proportion,10,0.011333333333333334,0.00632455532033676
2,2,Qwen/Qwen3-8B,altruistic,cooperative,llm_decisions,10,148.3,5.375872022286244
2,2,Qwen/Qwen3-8B,altruistic,cooperative,llm_executed_actions,10,148.3,5.375872022286244
2,2,Qwen/Qwen3-8B,altruistic,cooperative,llm_executed_eat_proportion,10,0.14420050125313283,0.005220567354244302
2,2,Qwen/Qwen3-8B,altruistic,cooperative,llm_executed_move_proportion,10,0.33492731829573935,0.05193884891412325
2,2,Qwen/Qwen3-8B,altruistic,cooperative,llm_executed_throw_proportion,10,0.5095388471177944,0.05175389468865996
2,2,Qwen/Qwen3-8B,altruistic,cooperative,llm_executed_unsuccessful_proportion,10,0.011333333333333334,0.00632455532033676
2,2,Qwen/Qwen3-8B,altruistic,cooperative,llm_mean_berries_consumed,10,10.7,0.6749485577105531
2,2,Qwen/Qwen3-8B,altruistic,cooperative,llm_mean_final_wellbeing,10,7.29166666666666,3.150360061726041
2,2,Qwen/Qwen3-8B,altruistic,cooperative,llm_rule_survival_gap,10,-0.05,0.43779751788545657
2,2,Qwen/Qwen3-8B,altruistic,cooperative,llm_rule_wellbeing_gap,10,-0.29166666666666696,4.226651550971917
2,2,Qwen/Qwen3-8B,altruistic,cooperative,llm_successful_shares,10,75.6,8.540101482613267
2,2,Qwen/Qwen3-8B,altruistic,cooperative,llm_survival_rate,10,0.85,0.3374742788552764
2,2,Qwen/Qwen3-8B,altruistic,cooperative,llm_survivors,10,1.7,0.6749485577105528
2,2,Qwen/Qwen3-8B,altruistic,cooperative,llm_total_final_wellbeing,10,14.58333333333332,6.300720123452082
2,2,Qwen/Qwen3-8B,altruistic,cooperative,mean_final_wellbeing,10,7.437499999999995,2.521225482200821
2,2,Qwen/Qwen3-8B,altruistic,cooperative,minimum_berries_consumed,10,10.1,1.4491376746189442
2,2,Qwen/Qwen3-8B,altruistic,cooperative,minimum_final_wellbeing,10,3.4999999999999956,3.0123203803835423
2,2,Qwen/Qwen3-8B,altruistic,cooperative,rule_executed_actions,10,148.9,3.4785054261852184
2,2,Qwen/Qwen3-8B,altruistic,cooperative,rule_executed_eat_proportion,10,0.14500239808153476,0.0035942470078728335
2,2,Qwen/Qwen3-8B,altruistic,cooperative,rule_executed_move_proportion,10,0.3882014388489209,0.05038232778576719
2,2,Qwen/Qwen3-8B,altruistic,cooperative,rule_executed_throw_proportion,10,0.46679616306954436,0.048533231489384654
2,2,Qwen/Qwen3-8B,altruistic,cooperative,rule_executed_unsuccessful_proportion,10,0.0,0.0
2,2,Qwen/Qwen3-8B,altruistic,cooperative,rule_mean_berries_consumed,10,10.8,0.4830458915396481
2,2,Qwen/Qwen3-8B,altruistic,cooperative,rule_mean_final_wellbeing,10,7.583333333333327,3.4235477231003615
2,2,Qwen/Qwen3-8B,altruistic,cooperative,rule_successful_shares,10,69.6,8.167687011088947
2,2,Qwen/Qwen3-8B,altruistic,cooperative,rule_survival_rate,10,0.9,0.21081851067789195
2,2,Qwen/Qwen3-8B,altruistic,cooperative,rule_survivors,10,1.8,0.4216370213557839
2,2,Qwen/Qwen3-8B,altruistic,cooperative,rule_total_final_wellbeing,10,15.166666666666654,6.847095446200723
2,2,Qwen/Qwen3-8B,altruistic,cooperative,survival_rate,10,0.875,0.1767766952966369
2,2,Qwen/Qwen3-8B,altruistic,cooperative,survivors,10,3.5,0.7071067811865476
2,2,Qwen/Qwen3-8B,altruistic,cooperative,total_berries_consumed,10,43.0,1.4907119849998598
2,2,Qwen/Qwen3-8B,altruistic,cooperative,total_berries_thrown,10,145.2,16.38291793301791
2,2,Qwen/Qwen3-8B,altruistic,cooperative,total_final_wellbeing,10,29.74999999999998,10.084901928803284
2,2,Qwen/Qwen3-8B,altruistic,self_interested,episode_steps,10,75.0,0.0
2,2,Qwen/Qwen3-8B,altruistic,self_interested,fallback_count,10,1.9,1.5951314818673865
2,2,Qwen/Qwen3-8B,altruistic,self_interested,fallback_rate,10,0.01381911299989103,0.012492966723825917
2,2,Qwen/Qwen3-8B,altruistic,self_interested,gini_berries_consumed,10,0.19713385592192023,0.044065585447380554
2,2,Qwen/Qwen3-8B,altruistic,self_interested,gini_final_wellbeing,10,0.46199335227599364,0.046577024855593833
2,2,Qwen/Qwen3-8B,altruistic,self_interested,llm_action_eat_proportion,10,0.14016751774488695,0.007724191080956783
2,2,Qwen/Qwen3-8B,altruistic,self_interested,llm_action_move_proportion,10,0.37580188101438006,0.09261846388645179
2,2,Qwen/Qwen3-8B,altruistic,self_interested,llm_action_throw_proportion,10,0.4724186403039082,0.0871356449547191
2,2,Qwen/Qwen3-8B,altruistic,self_interested,llm_action_unsuccessful_proportion,10,0.01161196093682482,0.006732812121968665
2,2,Qwen/Qwen3-8B,altruistic,self_interested,llm_decisions,10,144.3,11.614645926587688
2,2,Qwen/Qwen3-8B,altruistic,self_interested,llm_executed_actions,10,144.3,11.614645926587688
2,2,Qwen/Qwen3-8B,altruistic,self_interested,llm_executed_eat_proportion,10,0.14016751774488695,0.007724191080956783
2,2,Qwen/Qwen3-8B,altruistic,self_interested,llm_executed_move_proportion,10,0.37580188101438006,0.09261846388645179
2,2,Qwen/Qwen3-8B,altruistic,self_interested,llm_executed_throw_proportion,10,0.4724186403039082,0.0871356449547191
2,2,Qwen/Qwen3-8B,altruistic,self_interested,llm_executed_unsuccessful_proportion,10,0.01161196093682482,0.006732812121968665
2,2,Qwen/Qwen3-8B,altruistic,self_interested,llm_mean_berries_consumed,10,10.15,1.2703892666773002
2,2,Qwen/Qwen3-8B,altruistic,self_interested,llm_mean_final_wellbeing,10,4.958333333333329,3.6506912080175016
2,2,Qwen/Qwen3-8B,altruistic,self_interested,llm_rule_survival_gap,10,-0.35,0.3374742788552764
2,2,Qwen/Qwen3-8B,altruistic,self_interested,llm_rule_wellbeing_gap,10,-66.79166666666671,17.47026795288732
2,2,Qwen/Qwen3-8B,altruistic,self_interested,llm_successful_shares,10,68.7,15.734251385644846
2,2,Qwen/Qwen3-8B,altruistic,self_interested,llm_survival_rate,10,0.65,0.3374742788552764
2,2,Qwen/Qwen3-8B,altruistic,self_interested,llm_survivors,10,1.3,0.6749485577105528
2,2,Qwen/Qwen3-8B,altruistic,self_interested,llm_total_final_wellbeing,10,9.916666666666657,7.301382416035003
2,2,Qwen/Qwen3-8B,altruistic,self_interested,mean_final_wellbeing,10,38.354166666666686,9.98718797315399
2,2,Qwen/Qwen3-8B,altruistic,self_interested,minimum_berries_consumed,10,9.4,2.2705848487901865
2,2,Qwen/Qwen3-8B,altruistic,self_interested,minimum_final_wellbeing,10,2.9166666666666634,4.124789556921524
2,2,Qwen/Qwen3-8B,altruistic,self_interested,rule_executed_actions,10,150.0,0.0
2,2,Qwen/Qwen3-8B,altruistic,self_interested,rule_executed_eat_proportion,10,0.29533333333333334,0.042286500779186595
2,2,Qwen/Qwen3-8B,altruistic,self_interested,rule_executed_move_proportion,10,0.7046666666666667,0.042286500779186574
2,2,Qwen/Qwen3-8B,altruistic,self_interested,rule_executed_throw_proportion,10,0.0,0.0
2,2,Qwen/Qwen3-8B,altruistic,self_interested,rule_executed_unsuccessful_proportion,10,0.0,0.0
2,2,Qwen/Qwen3-8B,altruistic,self_interested,rule_mean_berries_consumed,10,22.15,3.1714875584389945
2,2,Qwen/Qwen3-8B,altruistic,self_interested,rule_mean_final_wellbeing,10,71.75000000000004,18.405581547421093
2,2,Qwen/Qwen3-8B,altruistic,self_interested,rule_successful_shares,10,0.0,0.0
2,2,Qwen/Qwen3-8B,altruistic,self_interested,rule_survival_rate,10,1.0,0.0
2,2,Qwen/Qwen3-8B,altruistic,self_interested,rule_survivors,10,2.0,0.0
2,2,Qwen/Qwen3-8B,altruistic,self_interested,rule_total_final_wellbeing,10,143.50000000000009,36.811163094842186
2,2,Qwen/Qwen3-8B,altruistic,self_interested,survival_rate,10,0.825,0.16873713942763827
2,2,Qwen/Qwen3-8B,altruistic,self_interested,survivors,10,3.3,0.6749485577105531
2,2,Qwen/Qwen3-8B,altruistic,self_interested,total_berries_consumed,10,64.6,7.618690467819548
2,2,Qwen/Qwen3-8B,altruistic,self_interested,total_berries_thrown,10,68.7,15.734251385644846
2,2,Qwen/Qwen3-8B,altruistic,self_interested,total_final_wellbeing,10,153.41666666666674,39.94875189261596
2,2,Qwen/Qwen3-8B,cooperative,altruistic,episode_steps,10,75.0,0.0
2,2,Qwen/Qwen3-8B,cooperative,altruistic,fallback_count,10,1.1,1.1972189997378648
2,2,Qwen/Qwen3-8B,cooperative,altruistic,fallback_rate,10,0.0073563218390804595,0.007979657346786092
2,2,Qwen/Qwen3-8B,cooperative,altruistic,gini_berries_consumed,10,0.0053156146179402,0.01200542059470371
2,2,Qwen/Qwen3-8B,cooperative,altruistic,gini_final_wellbeing,10,0.17410714285714296,0.08459050297462255
2,2,Qwen/Qwen3-8B,cooperative,altruistic,llm_action_eat_proportion,10,0.1451264367816092,0.0032835047858573462
2,2,Qwen/Qwen3-8B,cooperative,altruistic,llm_action_move_proportion,10,0.30924137931034484,0.05378369327479674
2,2,Qwen/Qwen3-8B,cooperative,altruistic,llm_action_throw_proportion,10,0.5302758620689655,0.051277372369048224
2,2,Qwen/Qwen3-8B,cooperative,altruistic,llm_action_unsuccessful_proportion,10,0.01535632183908046,0.006289876240578822
2,2,Qwen/Qwen3-8B,cooperative,altruistic,llm_decisions,10,149.5,1.581138830084189
2,2,Qwen/Qwen3-8B,cooperative,altruistic,llm_executed_actions,10,149.5,1.581138830084189
2,2,Qwen/Qwen3-8B,cooperative,altruistic,llm_executed_eat_proportion,10,0.1451264367816092,0.0032835047858573462
2,2,Qwen/Qwen3-8B,cooperative,altruistic,llm_executed_move_proportion,10,0.30924137931034484,0.05378369327479674
2,2,Qwen/Qwen3-8B,cooperative,altruistic,llm_executed_throw_proportion,10,0.5302758620689655,0.051277372369048224
2,2,Qwen/Qwen3-8B,cooperative,altruistic,llm_executed_unsuccessful_proportion,10,0.01535632183908046,0.006289876240578822
2,2,Qwen/Qwen3-8B,cooperative,altruistic,llm_mean_berries_consumed,10,10.85,0.3374742788552764
2,2,Qwen/Qwen3-8B,cooperative,altruistic,llm_mean_final_wellbeing,10,8.458333333333325,3.2098060592926165
2,2,Qwen/Qwen3-8B,cooperative,altruistic,llm_rule_survival_gap,10,-0.1,0.21081851067789195
2,2,Qwen/Qwen3-8B,cooperative,altruistic,llm_rule_wellbeing_gap,10,-0.8750000000000009,3.3818802754578496
2,2,Qwen/Qwen3-8B,cooperative,altruistic,llm_successful_shares,10,79.3,7.972870666621068
2,2,Qwen/Qwen3-8B,cooperative,altruistic,llm_survival_rate,10,0.9,0.21081851067789195
2,2,Qwen/Qwen3-8B,cooperative,altruistic,llm_survivors,10,1.8,0.4216370213557839
2,2,Qwen/Qwen3-8B,cooperative,altruistic,llm_total_final_wellbeing,10,16.91666666666665,6.419612118585233
2,2,Qwen/Qwen3-8B,cooperative,altruistic,mean_final_wellbeing,10,8.895833333333325,2.2223307265177006
2,2,Qwen/Qwen3-8B,cooperative,altruistic,minimum_berries_consumed,10,10.7,0.6749485577105531
2,2,Qwen/Qwen3-8B,cooperative,altruistic,minimum_final_wellbeing,10,4.666666666666661,2.459549291242069
2,2,Qwen/Qwen3-8B,cooperative,altruistic,rule_executed_actions,10,150.0,0.0
2,2,Qwen/Qwen3-8B,cooperative,altruistic,rule_executed_eat_proportion,10,0.14666666666666667,0.0
2,2,Qwen/Qwen3-8B,cooperative,altruistic,rule_executed_move_proportion,10,0.37,0.0671280331866365
2,2,Qwen/Qwen3-8B,cooperative,altruistic,rule_executed_throw_proportion,10,0.4833333333333333,0.06712803318663649
2,2,Qwen/Qwen3-8B,cooperative,altruistic,rule_executed_unsuccessful_proportion,10,0.0,0.0
2,2,Qwen/Qwen3-8B,cooperative,altruistic,rule_mean_berries_consumed,10,11.0,0.0
2,2,Qwen/Qwen3-8B,cooperative,altruistic,rule_mean_final_wellbeing,10,9.333333333333325,2.300697693427629
2,2,Qwen/Qwen3-8B,cooperative,altruistic,rule_successful_shares,10,72.5,10.069204977995478
2,2,Qwen/Qwen3-8B,cooperative,altruistic,rule_survival_rate,10,1.0,0.0
2,2,Qwen/Qwen3-8B,cooperative,altruistic,rule_survivors,10,2.0,0.0
2,2,Qwen/Qwen3-8B,cooperative,altruistic,rule_total_final_wellbeing,10,18.66666666666665,4.601395386855258
2,2,Qwen/Qwen3-8B,cooperative,altruistic,survival_rate,10,0.95,0.10540925533894596
2,2,Qwen/Qwen3-8B,cooperative,altruistic,survivors,10,3.8,0.42163702135578385
2,2,Qwen/Qwen3-8B,cooperative,altruistic,total_berries_consumed,10,43.7,0.6749485577105531
2,2,Qwen/Qwen3-8B,cooperative,altruistic,total_berries_thrown,10,151.8,17.567647031467313
2,2,Qwen/Qwen3-8B,cooperative,altruistic,total_final_wellbeing,10,35.5833333333333,8.889322906070802
2,2,Qwen/Qwen3-8B,cooperative,cooperative,episode_steps,10,75.0,0.0
2,2,Qwen/Qwen3-8B,cooperative,cooperative,fallback_count,10,1.5,1.35400640077266
2,2,Qwen/Qwen3-8B,cooperative,cooperative,fallback_rate,10,0.01,0.009026709338484401
2,2,Qwen/Qwen3-8B,cooperative,cooperative,gini_berries_consumed,10,0.0017441860465116279,0.0055156005700611275
2,2,Qwen/Qwen3-8B,cooperative,cooperative,gini_final_wellbeing,10,0.15630952380952395,0.044972066580120304
2,2,Qwen/Qwen3-8B,cooperative,cooperative,llm_action_eat_proportion,10,0.14666666666666667,0.0
2,2,Qwen/Qwen3-8B,cooperative,cooperative,llm_action_move_proportion,10,0.2966666666666667,0.037350525142159134
2,2,Qwen/Qwen3-8B,cooperative,cooperative,llm_action_throw_proportion,10,0.5406666666666667,0.037640272627290985
2,2,Qwen/Qwen3-8B,cooperative,cooperative,llm_action_unsuccessful_proportion,10,0.016,0.004661372658534007
2,2,Qwen/Qwen3-8B,cooperative,cooperative,llm_decisions,10,150.0,0.0
2,2,Qwen/Qwen3-8B,cooperative,cooperative,llm_executed_actions,10,150.0,0.0
2,2,Qwen/Qwen3-8B,cooperative,cooperative,llm_executed_eat_proportion,10,0.14666666666666667,0.0
2,2,Qwen/Qwen3-8B,cooperative,cooperative,llm_executed_move_proportion,10,0.2966666666666667,0.037350525142159134
2,2,Qwen/Qwen3-8B,cooperative,cooperative,llm_executed_throw_proportion,10,0.5406666666666667,0.037640272627290985
2,2,Qwen/Qwen3-8B,cooperative,cooperative,llm_executed_unsuccessful_proportion,10,0.016,0.004661372658534007
2,2,Qwen/Qwen3-8B,cooperative,cooperative,llm_mean_berries_consumed,10,11.0,0.0
2,2,Qwen/Qwen3-8B,cooperative,cooperative,llm_mean_final_wellbeing,10,9.624999999999991,3.0897705576248575
2,2,Qwen/Qwen3-8B,cooperative,cooperative,llm_rule_survival_gap,10,0.05,0.15811388300841897
2,2,Qwen/Qwen3-8B,cooperative,cooperative,llm_rule_wellbeing_gap,10,1.4583333333333308,3.4373246307679386
2,2,Qwen/Qwen3-8B,cooperative,cooperative,llm_successful_shares,10,81.1,5.646040894093645
2,2,Qwen/Qwen3-8B,cooperative,cooperative,llm_survival_rate,10,1.0,0.0
2,2,Qwen/Qwen3-8B,cooperative,cooperative,llm_survivors,10,2.0,0.0
2,2,Qwen/Qwen3-8B,cooperative,cooperative,llm_total_final_wellbeing,10,19.249999999999982,6.179541115249715
2,2,Qwen/Qwen3-8B,cooperative,cooperative,mean_final_wellbeing,10,8.895833333333325,2.3262334110566045
2,2,Qwen/Qwen3-8B,cooperative,cooperative,minimum_berries_consumed,10,10.9,0.31622776601683783
2,2,Qwen/Qwen3-8B,cooperative,cooperative,minimum_final_wellbeing,10,5.249999999999994,1.8446619684315524
2,2,Qwen/Qwen3-8B,cooperative,cooperative,rule_executed_actions,10,150.0,0.0
2,2,Qwen/Qwen3-8B,cooperative,cooperative,rule_executed_eat_proportion,10,0.146,0.002108185106778917
2,2,Qwen/Qwen3-8B,cooperative,cooperative,rule_executed_move_proportion,10,0.34933333333333333,0.056147952701702225
2,2,Qwen/Qwen3-8B,cooperative,cooperative,rule_executed_throw_proportion,10,0.5046666666666667,0.05569316291127419
2,2,Qwen/Qwen3-8B,cooperative,cooperative,rule_executed_unsuccessful_proportion,10,0.0,0.0
2,2,Qwen/Qwen3-8B,cooperative,cooperative,rule_mean_berries_consumed,10,10.95,0.15811388300841886
2,2,Qwen/Qwen3-8B,cooperative,cooperative,rule_mean_final_wellbeing,10,8.16666666666666,2.68023170179532
2,2,Qwen/Qwen3-8B,cooperative,cooperative,rule_successful_shares,10,75.7,8.35397443669113
2,2,Qwen/Qwen3-8B,cooperative,cooperative,rule_survival_rate,10,0.95,0.15811388300841897
2,2,Qwen/Qwen3-8B,cooperative,cooperative,rule_survivors,10,1.9,0.31622776601683794
2,2,Qwen/Qwen3-8B,cooperative,cooperative,rule_total_final_wellbeing,10,16.33333333333332,5.36046340359064
2,2,Qwen/Qwen3-8B,cooperative,cooperative,survival_rate,10,0.975,0.07905694150420951
2,2,Qwen/Qwen3-8B,cooperative,cooperative,survivors,10,3.9,0.31622776601683805
2,2,Qwen/Qwen3-8B,cooperative,cooperative,total_berries_consumed,10,43.9,0.3162277660168387
2,2,Qwen/Qwen3-8B,cooperative,cooperative,total_berries_thrown,10,156.8,13.147031773158702
2,2,Qwen/Qwen3-8B,cooperative,cooperative,total_final_wellbeing,10,35.5833333333333,9.304933644226418
2,2,Qwen/Qwen3-8B,cooperative,self_interested,episode_steps,10,75.0,0.0
2,2,Qwen/Qwen3-8B,cooperative,self_interested,fallback_count,10,1.0,1.0540925533894598
2,2,Qwen/Qwen3-8B,cooperative,self_interested,fallback_rate,10,0.007305785123966943,0.008122075111377691
2,2,Qwen/Qwen3-8B,cooperative,self_interested,gini_berries_consumed,10,0.2217401548638152,0.06548864584719123
2,2,Qwen/Qwen3-8B,cooperative,self_interested,gini_final_wellbeing,10,0.43832700387847473,0.0561746495583463
2,2,Qwen/Qwen3-8B,cooperative,self_interested,llm_action_eat_proportion,10,0.13987558459862898,0.015643272727593242
2,2,Qwen/Qwen3-8B,cooperative,self_interested,llm_action_move_proportion,10,0.347271189698251,0.0950203363564898
2,2,Qwen/Qwen3-8B,cooperative,self_interested,llm_action_throw_proportion,10,0.5041314626177205,0.09336784189848424
2,2,Qwen/Qwen3-8B,cooperative,self_interested,llm_action_unsuccessful_proportion,10,0.008721763085399448,0.0046760997035359035
2,2,Qwen/Qwen3-8B,cooperative,self_interested,llm_decisions,10,133.8,22.98211865293924
2,2,Qwen/Qwen3-8B,cooperative,self_interested,llm_executed_actions,10,133.8,22.98211865293924
2,2,Qwen/Qwen3-8B,cooperative,self_interested,llm_executed_eat_proportion,10,0.13987558459862898,0.015643272727593242
2,2,Qwen/Qwen3-8B,cooperative,self_interested,llm_executed_move_proportion,10,0.347271189698251,0.0950203363564898
2,2,Qwen/Qwen3-8B,cooperative,self_interested,llm_executed_throw_proportion,10,0.5041314626177205,0.09336784189848424
2,2,Qwen/Qwen3-8B,cooperative,self_interested,llm_executed_unsuccessful_proportion,10,0.008721763085399448,0.0046760997035359035
2,2,Qwen/Qwen3-8B,cooperative,self_interested,llm_mean_berries_consumed,10,9.5,2.3687784005919825
2,2,Qwen/Qwen3-8B,cooperative,self_interested,llm_mean_final_wellbeing,10,7.291666666666648,4.401923331039014
2,2,Qwen/Qwen3-8B,cooperative,self_interested,llm_rule_survival_gap,10,-0.3,0.42163702135578396
2,2,Qwen/Qwen3-8B,cooperative,self_interested,llm_rule_wellbeing_gap,10,-67.66666666666674,17.435064711135535
2,2,Qwen/Qwen3-8B,cooperative,self_interested,llm_successful_shares,10,68.4,20.59233946020812
2,2,Qwen/Qwen3-8B,cooperative,self_interested,llm_survival_rate,10,0.7,0.4216370213557839
2,2,Qwen/Qwen3-8B,cooperative,self_interested,llm_survivors,10,1.4,0.8432740427115678
2,2,Qwen/Qwen3-8B,cooperative,self_interested,llm_total_final_wellbeing,10,14.583333333333297,8.803846662078028
2,2,Qwen/Qwen3-8B,cooperative,self_interested,mean_final_wellbeing,10,41.12500000000002,9.320158525383144
2,2,Qwen/Qwen3-8B,cooperative,self_interested,minimum_berries_consumed,10,8.6,3.1340424729448424
2,2,Qwen/Qwen3-8B,cooperative,self_interested,minimum_final_wellbeing,10,4.083333333333319,3.9371999199782146
2,2,Qwen/Qwen3-8B,cooperative,self_interested,rule_executed_actions,10,150.0,0.0
2,2,Qwen/Qwen3-8B,cooperative,self_interested,rule_executed_eat_proportion,10,0.30133333333333334,0.040344198108125215
2,2,Qwen/Qwen3-8B,cooperative,self_interested,rule_executed_move_proportion,10,0.6986666666666667,0.04034419810812522
2,2,Qwen/Qwen3-8B,cooperative,self_interested,rule_executed_throw_proportion,10,0.0,0.0
2,2,Qwen/Qwen3-8B,cooperative,self_interested,rule_executed_unsuccessful_proportion,10,0.0,0.0
2,2,Qwen/Qwen3-8B,cooperative,self_interested,rule_mean_berries_consumed,10,22.6,3.0258148581093915
2,2,Qwen/Qwen3-8B,cooperative,self_interested,rule_mean_final_wellbeing,10,74.9583333333334,17.5027004089352
2,2,Qwen/Qwen3-8B,cooperative,self_interested,rule_successful_shares,10,0.0,0.0
2,2,Qwen/Qwen3-8B,cooperative,self_interested,rule_survival_rate,10,1.0,0.0
2,2,Qwen/Qwen3-8B,cooperative,self_interested,rule_survivors,10,2.0,0.0
2,2,Qwen/Qwen3-8B,cooperative,self_interested,rule_total_final_wellbeing,10,149.9166666666668,35.0054008178704
2,2,Qwen/Qwen3-8B,cooperative,self_interested,survival_rate,10,0.85,0.21081851067789198
2,2,Qwen/Qwen3-8B,cooperative,self_interested,survivors,10,3.4,0.8432740427115679
2,2,Qwen/Qwen3-8B,cooperative,self_interested,total_berries_consumed,10,64.2,8.443274772793368
2,2,Qwen/Qwen3-8B,cooperative,self_interested,total_berries_thrown,10,68.4,20.59233946020812
2,2,Qwen/Qwen3-8B,cooperative,self_interested,total_final_wellbeing,10,164.50000000000009,37.28063410153258
2,2,Qwen/Qwen3-8B,self_interested,altruistic,episode_steps,10,75.0,0.0
2,2,Qwen/Qwen3-8B,self_interested,altruistic,fallback_count,10,0.7,0.8232726023485646
2,2,Qwen/Qwen3-8B,self_interested,altruistic,fallback_rate,10,0.004666666666666667,0.005488484015657098
2,2,Qwen/Qwen3-8B,self_interested,altruistic,gini_berries_consumed,10,0.19915748689762472,0.02287980831317242
2,2,Qwen/Qwen3-8B,self_interested,altruistic,gini_final_wellbeing,10,0.47207554185017087,0.04848357916562602
2,2,Qwen/Qwen3-8B,self_interested,altruistic,llm_action_eat_proportion,10,0.2846666666666667,0.030639279235954064
2,2,Qwen/Qwen3-8B,self_interested,altruistic,llm_action_move_proportion,10,0.7133333333333334,0.030307070437746362
2,2,Qwen/Qwen3-8B,self_interested,altruistic,llm_action_throw_proportion,10,0.0006666666666666668,0.0021081851067789197
2,2,Qwen/Qwen3-8B,self_interested,altruistic,llm_action_unsuccessful_proportion,10,0.0013333333333333335,0.002810913475705226
2,2,Qwen/Qwen3-8B,self_interested,altruistic,llm_decisions,10,150.0,0.0
2,2,Qwen/Qwen3-8B,self_interested,altruistic,llm_executed_actions,10,150.0,0.0
2,2,Qwen/Qwen3-8B,self_interested,altruistic,llm_executed_eat_proportion,10,0.2846666666666667,0.030639279235954064
2,2,Qwen/Qwen3-8B,self_interested,altruistic,llm_executed_move_proportion,10,0.7133333333333334,0.030307070437746362
2,2,Qwen/Qwen3-8B,self_interested,altruistic,llm_executed_throw_proportion,10,0.0006666666666666668,0.0021081851067789197
2,2,Qwen/Qwen3-8B,self_interested,altruistic,llm_executed_unsuccessful_proportion,10,0.0013333333333333335,0.002810913475705226
2,2,Qwen/Qwen3-8B,self_interested,altruistic,llm_mean_berries_consumed,10,21.35,2.297945942696554
2,2,Qwen/Qwen3-8B,self_interested,altruistic,llm_mean_final_wellbeing,10,67.37500000000004,13.984462829057309
2,2,Qwen/Qwen3-8B,self_interested,altruistic,llm_rule_survival_gap,10,0.4,0.39440531887330776
2,2,Qwen/Qwen3-8B,self_interested,altruistic,llm_rule_wellbeing_gap,10,63.00000000000004,12.002121726008586
2,2,Qwen/Qwen3-8B,self_interested,altruistic,llm_successful_shares,10,0.1,0.31622776601683794
2,2,Qwen/Qwen3-8B,self_interested,altruistic,llm_survival_rate,10,1.0,0.0
2,2,Qwen/Qwen3-8B,self_interested,altruistic,llm_survivors,10,2.0,0.0
2,2,Qwen/Qwen3-8B,self_interested,altruistic,llm_total_final_wellbeing,10,134.75000000000009,27.968925658114618
2,2,Qwen/Qwen3-8B,self_interested,altruistic,mean_final_wellbeing,10,35.875000000000014,8.226631700507987
2,2,Qwen/Qwen3-8B,self_interested,altruistic,minimum_berries_consumed,10,9.0,2.0000000000000004
2,2,Qwen/Qwen3-8B,self_interested,altruistic,minimum_final_wellbeing,10,2.333333333333331,3.012320380383543
2,2,Qwen/Qwen3-8B,self_interested,altruistic,rule_executed_actions,10,141.6,9.651712571122054
2,2,Qwen/Qwen3-8B,self_interested,altruistic,rule_executed_eat_proportion,10,0.13867257782194115,0.008118190648751585
2,2,Qwen/Qwen3-8B,self_interested,altruistic,rule_executed_move_proportion,10,0.3820876274899209,0.08214722322728496
2,2,Qwen/Qwen3-8B,self_interested,altruistic,rule_executed_throw_proportion,10,0.479239794688138,0.07587347931371963
2,2,Qwen/Qwen3-8B,self_interested,altruistic,rule_executed_unsuccessful_proportion,10,0.0,0.0
2,2,Qwen/Qwen3-8B,self_interested,altruistic,rule_mean_berries_consumed,10,9.85,1.2030054955079057
2,2,Qwen/Qwen3-8B,self_interested,altruistic,rule_mean_final_wellbeing,10,4.374999999999996,3.4373246307679364
2,2,Qwen/Qwen3-8B,self_interested,altruistic,rule_successful_shares,10,68.3,14.306564149989955
2,2,Qwen/Qwen3-8B,self_interested,altruistic,rule_survival_rate,10,0.6,0.39440531887330776
2,2,Qwen/Qwen3-8B,self_interested,altruistic,rule_survivors,10,1.2,0.7888106377466155
2,2,Qwen/Qwen3-8B,self_interested,altruistic,rule_total_final_wellbeing,10,8.749999999999991,6.874649261535873
2,2,Qwen/Qwen3-8B,self_interested,altruistic,survival_rate,10,0.8,0.19720265943665388
2,2,Qwen/Qwen3-8B,self_interested,altruistic,survivors,10,3.2,0.7888106377466155
2,2,Qwen/Qwen3-8B,self_interested,altruistic,total_berries_consumed,10,62.4,6.65331997326648
2,2,Qwen/Qwen3-8B,self_interested,altruistic,total_berries_thrown,10,68.4,14.237665226823923
2,2,Qwen/Qwen3-8B,self_interested,altruistic,total_final_wellbeing,10,143.50000000000006,32.90652680203195
2,2,Qwen/Qwen3-8B,self_interested,cooperative,episode_steps,10,75.0,0.0
2,2,Qwen/Qwen3-8B,self_interested,cooperative,fallback_count,10,0.7,0.8232726023485646
2,2,Qwen/Qwen3-8B,self_interested,cooperative,fallback_rate,10,0.004666666666666667,0.005488484015657098
2,2,Qwen/Qwen3-8B,self_interested,cooperative,gini_berries_consumed,10,0.19840292427821068,0.03242159494344114
2,2,Qwen/Qwen3-8B,self_interested,cooperative,gini_final_wellbeing,10,0.4748297405209172,0.07164763270481939
2,2,Qwen/Qwen3-8B,self_interested,cooperative,llm_action_eat_proportion,10,0.284,0.034167344166724574
2,2,Qwen/Qwen3-8B,self_interested,cooperative,llm_action_move_proportion,10,0.714,0.03630460978110114
2,2,Qwen/Qwen3-8B,self_interested,cooperative,llm_action_throw_proportion,10,0.0,0.0
2,2,Qwen/Qwen3-8B,self_interested,cooperative,llm_action_unsuccessful_proportion,10,0.002,0.0032203059435976533
2,2,Qwen/Qwen3-8B,self_interested,cooperative,llm_decisions,10,150.0,0.0
2,2,Qwen/Qwen3-8B,self_interested,cooperative,llm_executed_actions,10,150.0,0.0
2,2,Qwen/Qwen3-8B,self_interested,cooperative,llm_executed_eat_proportion,10,0.284,0.034167344166724574
2,2,Qwen/Qwen3-8B,self_interested,cooperative,llm_executed_move_proportion,10,0.714,0.03630460978110114
2,2,Qwen/Qwen3-8B,self_interested,cooperative,llm_executed_throw_proportion,10,0.0,0.0
2,2,Qwen/Qwen3-8B,self_interested,cooperative,llm_executed_unsuccessful_proportion,10,0.002,0.0032203059435976533
2,2,Qwen/Qwen3-8B,self_interested,cooperative,llm_mean_berries_consumed,10,21.3,2.5625508125043424
2,2,Qwen/Qwen3-8B,self_interested,cooperative,llm_mean_final_wellbeing,10,66.7916666666667,14.837143185304775
2,2,Qwen/Qwen3-8B,self_interested,cooperative,llm_rule_survival_gap,10,0.35,0.4116363011742823
2,2,Qwen/Qwen3-8B,self_interested,cooperative,llm_rule_wellbeing_gap,10,61.250000000000036,13.401158508976653
2,2,Qwen/Qwen3-8B,self_interested,cooperative,llm_successful_shares,10,0.0,0.0
2,2,Qwen/Qwen3-8B,self_interested,cooperative,llm_survival_rate,10,1.0,0.0
2,2,Qwen/Qwen3-8B,self_interested,cooperative,llm_survivors,10,2.0,0.0
2,2,Qwen/Qwen3-8B,self_interested,cooperative,llm_total_final_wellbeing,10,133.5833333333334,29.67428637060955
2,2,Qwen/Qwen3-8B,self_interested,cooperative,mean_final_wellbeing,10,36.16666666666668,8.825293336152413
2,2,Qwen/Qwen3-8B,self_interested,cooperative,minimum_berries_consumed,10,9.4,2.0110804171997807
2,2,Qwen/Qwen3-8B,self_interested,cooperative,minimum_final_wellbeing,10,3.4999999999999973,4.0787010762172535
2,2,Qwen/Qwen3-8B,self_interested,cooperative,rule_executed_actions,10,143.4,10.286992865858425
2,2,Qwen/Qwen3-8B,self_interested,cooperative,rule_executed_eat_proportion,10,0.1397038972446138,0.008424056921349496
2,2,Qwen/Qwen3-8B,self_interested,cooperative,rule_executed_move_proportion,10,0.42440316384985516,0.07640336786142021
2,2,Qwen/Qwen3-8B,self_interested,cooperative,rule_executed_throw_proportion,10,0.43589293890553116,0.07259193592552338
2,2,Qwen/Qwen3-8B,self_interested,cooperative,rule_executed_unsuccessful_proportion,10,0.0,0.0
2,2,Qwen/Qwen3-8B,self_interested,cooperative,rule_mean_berries_consumed,10,10.05,1.2349089035228469
2,2,Qwen/Qwen3-8B,self_interested,cooperative,rule_mean_final_wellbeing,10,5.5416666666666625,5.042450964401641
2,2,Qwen/Qwen3-8B,self_interested,cooperative,rule_successful_shares,10,62.9,13.312066372697783
2,2,Qwen/Qwen3-8B,self_interested,cooperative,rule_survival_rate,10,0.65,0.4116363011742823
2,2,Qwen/Qwen3-8B,self_interested,cooperative,rule_survivors,10,1.3,0.8232726023485646
2,2,Qwen/Qwen3-8B,self_interested,cooperative,rule_total_final_wellbeing,10,11.083333333333325,10.084901928803282
2,2,Qwen/Qwen3-8B,self_interested,cooperative,survival_rate,10,0.825,0.20581815058714117
2,2,Qwen/Qwen3-8B,self_interested,cooperative,survivors,10,3.3,0.8232726023485647
2,2,Qwen/Qwen3-8B,self_interested,cooperative,total_berries_consumed,10,62.7,7.0561242115547325
2,2,Qwen/Qwen3-8B,self_interested,cooperative,total_berries_thrown,10,62.9,13.312066372697783
2,2,Qwen/Qwen3-8B,self_interested,cooperative,total_final_wellbeing,10,144.6666666666667,35.30117334460965
2,2,Qwen/Qwen3-8B,self_interested,self_interested,episode_steps,10,75.0,0.0
2,2,Qwen/Qwen3-8B,self_interested,self_interested,fallback_count,10,0.8,0.6324555320336759
2,2,Qwen/Qwen3-8B,self_interested,self_interested,fallback_rate,10,0.005333333333333334,0.0042163702135578395
2,2,Qwen/Qwen3-8B,self_interested,self_interested,gini_berries_consumed,10,0.05813702337088363,0.025611008234626347
2,2,Qwen/Qwen3-8B,self_interested,self_interested,gini_final_wellbeing,10,0.13536662029477203,0.06527817182008747
2,2,Qwen/Qwen3-8B,self_interested,self_interested,llm_action_eat_proportion,10,0.23933333333333334,0.03829063644686744
2,2,Qwen/Qwen3-8B,self_interested,self_interested,llm_action_move_proportion,10,0.7593333333333334,0.04005551702879947
2,2,Qwen/Qwen3-8B,self_interested,self_interested,llm_action_throw_proportion,10,0.0006666666666666668,0.0021081851067789197
2,2,Qwen/Qwen3-8B,self_interested,self_interested,llm_action_unsuccessful_proportion,10,0.0006666666666666668,0.0021081851067789197
2,2,Qwen/Qwen3-8B,self_interested,self_interested,llm_decisions,10,150.0,0.0
2,2,Qwen/Qwen3-8B,self_interested,self_interested,llm_executed_actions,10,150.0,0.0
2,2,Qwen/Qwen3-8B,self_interested,self_interested,llm_executed_eat_proportion,10,0.23933333333333334,0.03829063644686744
2,2,Qwen/Qwen3-8B,self_interested,self_interested,llm_executed_move_proportion,10,0.7593333333333334,0.04005551702879947
2,2,Qwen/Qwen3-8B,self_interested,self_interested,llm_executed_throw_proportion,10,0.0006666666666666668,0.0021081851067789197
2,2,Qwen/Qwen3-8B,self_interested,self_interested,llm_executed_unsuccessful_proportion,10,0.0006666666666666668,0.0021081851067789197
2,2,Qwen/Qwen3-8B,self_interested,self_interested,llm_mean_berries_consumed,10,17.95,2.8717977335150575
2,2,Qwen/Qwen3-8B,self_interested,self_interested,llm_mean_final_wellbeing,10,47.249999999999986,16.256764973616626
2,2,Qwen/Qwen3-8B,self_interested,self_interested,llm_rule_survival_gap,10,0.0,0.0
2,2,Qwen/Qwen3-8B,self_interested,self_interested,llm_rule_wellbeing_gap,10,1.4583333333333357,13.133998972603385
2,2,Qwen/Qwen3-8B,self_interested,self_interested,llm_successful_shares,10,0.1,0.31622776601683794
2,2,Qwen/Qwen3-8B,self_interested,self_interested,llm_survival_rate,10,1.0,0.0
2,2,Qwen/Qwen3-8B,self_interested,self_interested,llm_survivors,10,2.0,0.0
2,2,Qwen/Qwen3-8B,self_interested,self_interested,llm_total_final_wellbeing,10,94.49999999999997,32.51352994723325
2,2,Qwen/Qwen3-8B,self_interested,self_interested,mean_final_wellbeing,10,46.520833333333314,13.722633400272422
2,2,Qwen/Qwen3-8B,self_interested,self_interested,minimum_berries_consumed,10,15.5,2.321398046197353
2,2,Qwen/Qwen3-8B,self_interested,self_interested,minimum_final_wellbeing,10,32.08333333333329,13.541488602817896
2,2,Qwen/Qwen3-8B,self_interested,self_interested,rule_executed_actions,10,150.0,0.0
2,2,Qwen/Qwen3-8B,self_interested,self_interested,rule_executed_eat_proportion,10,0.236,0.03177078400117604
2,2,Qwen/Qwen3-8B,self_interested,self_interested,rule_executed_move_proportion,10,0.764,0.031770784001176056
2,2,Qwen/Qwen3-8B,self_interested,self_interested,rule_executed_throw_proportion,10,0.0,0.0
2,2,Qwen/Qwen3-8B,self_interested,self_interested,rule_executed_unsuccessful_proportion,10,0.0,0.0
2,2,Qwen/Qwen3-8B,self_interested,self_interested,rule_mean_berries_consumed,10,17.7,2.382808800088202
2,2,Qwen/Qwen3-8B,self_interested,self_interested,rule_mean_final_wellbeing,10,45.79166666666664,14.09219258934924
2,2,Qwen/Qwen3-8B,self_interested,self_interested,rule_successful_shares,10,0.0,0.0
2,2,Qwen/Qwen3-8B,self_interested,self_interested,rule_survival_rate,10,1.0,0.0
2,2,Qwen/Qwen3-8B,self_interested,self_interested,rule_survivors,10,2.0,0.0
2,2,Qwen/Qwen3-8B,self_interested,self_interested,rule_total_final_wellbeing,10,91.58333333333329,28.18438517869848
2,2,Qwen/Qwen3-8B,self_interested,self_interested,survival_rate,10,1.0,0.0
2,2,Qwen/Qwen3-8B,self_interested,self_interested,survivors,10,4.0,0.0
2,2,Qwen/Qwen3-8B,self_interested,self_interested,total_berries_consumed,10,71.3,9.499122766515509
2,2,Qwen/Qwen3-8B,self_interested,self_interested,total_berries_thrown,10,0.1,0.31622776601683794
2,2,Qwen/Qwen3-8B,self_interested,self_interested,total_final_wellbeing,10,186.08333333333326,54.890533601089686
2,2,Qwen/Qwen3-8B,unframed,altruistic,episode_steps,10,75.0,0.0
2,2,Qwen/Qwen3-8B,unframed,altruistic,fallback_count,10,3.0,1.5634719199411433
2,2,Qwen/Qwen3-8B,unframed,altruistic,fallback_rate,10,0.02,0.010423146132940955
2,2,Qwen/Qwen3-8B,unframed,altruistic,gini_berries_consumed,10,0.20439733552669628,0.0537017687381139
2,2,Qwen/Qwen3-8B,unframed,altruistic,gini_final_wellbeing,10,0.4772344960633882,0.03386208132210433
2,2,Qwen/Qwen3-8B,unframed,altruistic,llm_action_eat_proportion,10,0.2866666666666667,0.03340732528527313
2,2,Qwen/Qwen3-8B,unframed,altruistic,llm_action_move_proportion,10,0.7006666666666667,0.028188080836313908
2,2,Qwen/Qwen3-8B,unframed,altruistic,llm_action_throw_proportion,10,0.008666666666666666,0.007062332703142536
2,2,Qwen/Qwen3-8B,unframed,altruistic,llm_action_unsuccessful_proportion,10,0.004,0.006440611887195306
2,2,Qwen/Qwen3-8B,unframed,altruistic,llm_decisions,10,150.0,0.0
2,2,Qwen/Qwen3-8B,unframed,altruistic,llm_executed_actions,10,150.0,0.0
2,2,Qwen/Qwen3-8B,unframed,altruistic,llm_executed_eat_proportion,10,0.2866666666666667,0.03340732528527313
2,2,Qwen/Qwen3-8B,unframed,altruistic,llm_executed_move_proportion,10,0.7006666666666667,0.028188080836313908
2,2,Qwen/Qwen3-8B,unframed,altruistic,llm_executed_throw_proportion,10,0.008666666666666666,0.007062332703142536
2,2,Qwen/Qwen3-8B,unframed,altruistic,llm_executed_unsuccessful_proportion,10,0.004,0.006440611887195306
2,2,Qwen/Qwen3-8B,unframed,altruistic,llm_mean_berries_consumed,10,21.5,2.5055493963954847
2,2,Qwen/Qwen3-8B,unframed,altruistic,llm_mean_final_wellbeing,10,69.12500000000003,13.475014029173435
2,2,Qwen/Qwen3-8B,unframed,altruistic,llm_rule_survival_gap,10,0.5,0.408248290463863
2,2,Qwen/Qwen3-8B,unframed,altruistic,llm_rule_wellbeing_gap,10,65.0416666666667,12.146943043772085
2,2,Qwen/Qwen3-8B,unframed,altruistic,llm_successful_shares,10,1.3,1.0593499054713804
2,2,Qwen/Qwen3-8B,unframed,altruistic,llm_survival_rate,10,1.0,0.0
2,2,Qwen/Qwen3-8B,unframed,altruistic,llm_survivors,10,2.0,0.0
2,2,Qwen/Qwen3-8B,unframed,altruistic,llm_total_final_wellbeing,10,138.25000000000006,26.95002805834687
2,2,Qwen/Qwen3-8B,unframed,altruistic,mean_final_wellbeing,10,36.60416666666667,7.730542330407517
2,2,Qwen/Qwen3-8B,unframed,altruistic,minimum_berries_consumed,10,9.0,2.3094010767585034
2,2,Qwen/Qwen3-8B,unframed,altruistic,minimum_final_wellbeing,10,1.7499999999999978,2.817767700647943
2,2,Qwen/Qwen3-8B,unframed,altruistic,rule_executed_actions,10,141.1,14.91792359695023
2,2,Qwen/Qwen3-8B,unframed,altruistic,rule_executed_eat_proportion,10,0.136700971397143,0.009728271499313417
2,2,Qwen/Qwen3-8B,unframed,altruistic,rule_executed_move_proportion,10,0.4061033383758065,0.09516402040416233
2,2,Qwen/Qwen3-8B,unframed,altruistic,rule_executed_throw_proportion,10,0.45719569022705053,0.09393447099695643
2,2,Qwen/Qwen3-8B,unframed,altruistic,rule_executed_unsuccessful_proportion,10,0.0,0.0
2,2,Qwen/Qwen3-8B,unframed,altruistic,rule_mean_berries_consumed,10,9.7,1.5491933384829668
2,2,Qwen/Qwen3-8B,unframed,altruistic,rule_mean_final_wellbeing,10,4.08333333333333,3.4235477231003606
2,2,Qwen/Qwen3-8B,unframed,altruistic,rule_successful_shares,10,64.4,15.108496505829649
2,2,Qwen/Qwen3-8B,unframed,altruistic,rule_survival_rate,10,0.5,0.408248290463863
2,2,Qwen/Qwen3-8B,unframed,altruistic,rule_survivors,10,1.0,0.816496580927726
2,2,Qwen/Qwen3-8B,unframed,altruistic,rule_total_final_wellbeing,10,8.16666666666666,6.847095446200721
2,2,Qwen/Qwen3-8B,unframed,altruistic,survival_rate,10,0.75,0.2041241452319315
2,2,Qwen/Qwen3-8B,unframed,altruistic,survivors,10,3.0,0.816496580927726
2,2,Qwen/Qwen3-8B,unframed,altruistic,total_berries_consumed,10,62.4,5.641118880348314
2,2,Qwen/Qwen3-8B,unframed,altruistic,total_berries_thrown,10,65.7,14.862705002791383
2,2,Qwen/Qwen3-8B,unframed,altruistic,total_final_wellbeing,10,146.41666666666669,30.92216932163007
2,2,Qwen/Qwen3-8B,unframed,cooperative,episode_steps,10,75.0,0.0
2,2,Qwen/Qwen3-8B,unframed,cooperative,fallback_count,10,2.2,1.6865480854231356
2,2,Qwen/Qwen3-8B,unframed,cooperative,fallback_rate,10,0.014666666666666666,0.011243653902820904
2,2,Qwen/Qwen3-8B,unframed,cooperative,gini_berries_consumed,10,0.213372267027436,0.04098187724138241
2,2,Qwen/Qwen3-8B,unframed,cooperative,gini_final_wellbeing,10,0.4128033730118704,0.08709873200143445
2,2,Qwen/Qwen3-8B,unframed,cooperative,llm_action_eat_proportion,10,0.28200000000000003,0.040374787390029976
2,2,Qwen/Qwen3-8B,unframed,cooperative,llm_action_move_proportion,10,0.714,0.042216373863966816
2,2,Qwen/Qwen3-8B,unframed,cooperative,llm_action_throw_proportion,10,0.003333333333333334,0.005665577237325317
2,2,Qwen/Qwen3-8B,unframed,cooperative,llm_action_unsuccessful_proportion,10,0.0006666666666666668,0.0021081851067789197
2,2,Qwen/Qwen3-8B,unframed,cooperative,llm_decisions,10,150.0,0.0
2,2,Qwen/Qwen3-8B,unframed,cooperative,llm_executed_actions,10,150.0,0.0
2,2,Qwen/Qwen3-8B,unframed,cooperative,llm_executed_eat_proportion,10,0.28200000000000003,0.040374787390029976
2,2,Qwen/Qwen3-8B,unframed,cooperative,llm_executed_move_proportion,10,0.714,0.042216373863966816
2,2,Qwen/Qwen3-8B,unframed,cooperative,llm_executed_throw_proportion,10,0.003333333333333334,0.005665577237325317
2,2,Qwen/Qwen3-8B,unframed,cooperative,llm_executed_unsuccessful_proportion,10,0.0006666666666666668,0.0021081851067789197
2,2,Qwen/Qwen3-8B,unframed,cooperative,llm_mean_berries_consumed,10,21.15,3.0281090542522486
2,2,Qwen/Qwen3-8B,unframed,cooperative,llm_mean_final_wellbeing,10,65.62500000000004,17.45944374617726
2,2,Qwen/Qwen3-8B,unframed,cooperative,llm_rule_survival_gap,10,0.3,0.2581988897471611
2,2,Qwen/Qwen3-8B,unframed,cooperative,llm_rule_wellbeing_gap,10,54.25000000000004,16.453263401015974
2,2,Qwen/Qwen3-8B,unframed,cooperative,llm_successful_shares,10,0.5,0.8498365855987974
2,2,Qwen/Qwen3-8B,unframed,cooperative,llm_survival_rate,10,1.0,0.0
2,2,Qwen/Qwen3-8B,unframed,cooperative,llm_survivors,10,2.0,0.0
2,2,Qwen/Qwen3-8B,unframed,cooperative,llm_total_final_wellbeing,10,131.25000000000009,34.91888749235452
2,2,Qwen/Qwen3-8B,unframed,cooperative,mean_final_wellbeing,10,38.500000000000014,11.08930151202915
2,2,Qwen/Qwen3-8B,unframed,cooperative,minimum_berries_consumed,10,8.2,3.4896672875473067
2,2,Qwen/Qwen3-8B,unframed,cooperative,minimum_final_wellbeing,10,5.2499999999999964,8.453303101943836
2,2,Qwen/Qwen3-8B,unframed,cooperative,rule_executed_actions,10,137.4,18.34363347019584
2,2,Qwen/Qwen3-8B,unframed,cooperative,rule_executed_eat_proportion,10,0.13883983008495754,0.00803371948981272
2,2,Qwen/Qwen3-8B,unframed,cooperative,rule_executed_move_proportion,10,0.43158637988697957,0.10630877102750476
2,2,Qwen/Qwen3-8B,unframed,cooperative,rule_executed_throw_proportion,10,0.42957379002806284,0.09911099372489651
2,2,Qwen/Qwen3-8B,unframed,cooperative,rule_executed_unsuccessful_proportion,10,0.0,0.0
2,2,Qwen/Qwen3-8B,unframed,cooperative,rule_mean_berries_consumed,10,9.6,1.7448336437736534
2,2,Qwen/Qwen3-8B,unframed,cooperative,rule_mean_final_wellbeing,10,11.374999999999995,8.744597097354555
2,2,Qwen/Qwen3-8B,unframed,cooperative,rule_successful_shares,10,60.5,19.7554493185495
2,2,Qwen/Qwen3-8B,unframed,cooperative,rule_survival_rate,10,0.7,0.2581988897471611
2,2,Qwen/Qwen3-8B,unframed,cooperative,rule_survivors,10,1.4,0.5163977794943222
2,2,Qwen/Qwen3-8B,unframed,cooperative,rule_total_final_wellbeing,10,22.74999999999999,17.48919419470911
2,2,Qwen/Qwen3-8B,unframed,cooperative,survival_rate,10,0.85,0.12909944487358055
2,2,Qwen/Qwen3-8B,unframed,cooperative,survivors,10,3.4,0.5163977794943222
2,2,Qwen/Qwen3-8B,unframed,cooperative,total_berries_consumed,10,61.5,9.082951062292473
2,2,Qwen/Qwen3-8B,unframed,cooperative,total_berries_thrown,10,61.0,19.595917942265423
2,2,Qwen/Qwen3-8B,unframed,cooperative,total_final_wellbeing,10,154.00000000000006,44.3572060481166
2,2,Qwen/Qwen3-8B,unframed,self_interested,episode_steps,10,75.0,0.0
2,2,Qwen/Qwen3-8B,unframed,self_interested,fallback_count,10,2.1,1.449137674618944
2,2,Qwen/Qwen3-8B,unframed,self_interested,fallback_rate,10,0.014000000000000002,0.00966091783079296
2,2,Qwen/Qwen3-8B,unframed,self_interested,gini_berries_consumed,10,0.03917766905397631,0.020502174955107456
2,2,Qwen/Qwen3-8B,unframed,self_interested,gini_final_wellbeing,10,0.08423571369912855,0.05075189330886004
2,2,Qwen/Qwen3-8B,unframed,self_interested,llm_action_eat_proportion,10,0.256,0.040758245397725774
2,2,Qwen/Qwen3-8B,unframed,self_interested,llm_action_move_proportion,10,0.744,0.04075824539772577
2,2,Qwen/Qwen3-8B,unframed,self_interested,llm_action_throw_proportion,10,0.0,0.0
2,2,Qwen/Qwen3-8B,unframed,self_interested,llm_action_unsuccessful_proportion,10,0.0,0.0
2,2,Qwen/Qwen3-8B,unframed,self_interested,llm_decisions,10,150.0,0.0
2,2,Qwen/Qwen3-8B,unframed,self_interested,llm_executed_actions,10,150.0,0.0
2,2,Qwen/Qwen3-8B,unframed,self_interested,llm_executed_eat_proportion,10,0.256,0.040758245397725774
2,2,Qwen/Qwen3-8B,unframed,self_interested,llm_executed_move_proportion,10,0.744,0.04075824539772577
2,2,Qwen/Qwen3-8B,unframed,self_interested,llm_executed_throw_proportion,10,0.0,0.0
2,2,Qwen/Qwen3-8B,unframed,self_interested,llm_executed_unsuccessful_proportion,10,0.0,0.0
2,2,Qwen/Qwen3-8B,unframed,self_interested,llm_mean_berries_consumed,10,19.2,3.0568684048294332
2,2,Qwen/Qwen3-8B,unframed,self_interested,llm_mean_final_wellbeing,10,54.541666666666664,17.44861282469682
2,2,Qwen/Qwen3-8B,unframed,self_interested,llm_rule_survival_gap,10,0.0,0.0
2,2,Qwen/Qwen3-8B,unframed,self_interested,llm_rule_wellbeing_gap,10,-1.7500000000000153,11.437565354329955
2,2,Qwen/Qwen3-8B,unframed,self_interested,llm_successful_shares,10,0.0,0.0
2,2,Qwen/Qwen3-8B,unframed,self_interested,llm_survival_rate,10,1.0,0.0
2,2,Qwen/Qwen3-8B,unframed,self_interested,llm_survivors,10,2.0,0.0
2,2,Qwen/Qwen3-8B,unframed,self_interested,llm_total_final_wellbeing,10,109.08333333333333,34.89722564939364
2,2,Qwen/Qwen3-8B,unframed,self_interested,mean_final_wellbeing,10,55.41666666666667,17.131537681519873
2,2,Qwen/Qwen3-8B,unframed,self_interested,minimum_berries_consumed,10,17.5,3.100179206289712
2,2,Qwen/Qwen3-8B,unframed,self_interested,minimum_final_wellbeing,10,45.499999999999986,17.564695229878588
2,2,Qwen/Qwen3-8B,unframed,self_interested,rule_executed_actions,10,150.0,0.0
2,2,Qwen/Qwen3-8B,unframed,self_interested,rule_executed_eat_proportion,10,0.26,0.0427452979148252
2,2,Qwen/Qwen3-8B,unframed,self_interested,rule_executed_move_proportion,10,0.74,0.042745297914825196
2,2,Qwen/Qwen3-8B,unframed,self_interested,rule_executed_throw_proportion,10,0.0,0.0
2,2,Qwen/Qwen3-8B,unframed,self_interested,rule_executed_unsuccessful_proportion,10,0.0,0.0
2,2,Qwen/Qwen3-8B,unframed,self_interested,rule_mean_berries_consumed,10,19.5,3.2058973436118907
2,2,Qwen/Qwen3-8B,unframed,self_interested,rule_mean_final_wellbeing,10,56.291666666666686,18.65298978120614
2,2,Qwen/Qwen3-8B,unframed,self_interested,rule_successful_shares,10,0.0,0.0
2,2,Qwen/Qwen3-8B,unframed,self_interested,rule_survival_rate,10,1.0,0.0
2,2,Qwen/Qwen3-8B,unframed,self_interested,rule_survivors,10,2.0,0.0
2,2,Qwen/Qwen3-8B,unframed,self_interested,rule_total_final_wellbeing,10,112.58333333333337,37.30597956241228
2,2,Qwen/Qwen3-8B,unframed,self_interested,survival_rate,10,1.0,0.0
2,2,Qwen/Qwen3-8B,unframed,self_interested,survivors,10,4.0,0.0
2,2,Qwen/Qwen3-8B,unframed,self_interested,total_berries_consumed,10,77.4,11.83403753773176
2,2,Qwen/Qwen3-8B,unframed,self_interested,total_berries_thrown,10,0.0,0.0
2,2,Qwen/Qwen3-8B,unframed,self_interested,total_final_wellbeing,10,221.66666666666669,68.52615072607949
