run_dir,seed,num_llm_agents,num_rule_agents,model,prompt,rule_policy,episode_steps,survivors,survival_rate,total_final_wellbeing,mean_final_wellbeing,minimum_final_wellbeing,gini_final_wellbeing,total_berries_consumed,minimum_berries_consumed,gini_berries_consumed,total_berries_thrown,llm_total_final_wellbeing,llm_mean_final_wellbeing,llm_mean_berries_consumed,llm_survivors,llm_survival_rate,rule_total_final_wellbeing,rule_mean_final_wellbeing,rule_mean_berries_consumed,rule_survivors,rule_survival_rate,llm_rule_wellbeing_gap,llm_rule_survival_gap,llm_executed_actions,llm_executed_move_proportion,llm_executed_eat_proportion,llm_executed_throw_proportion,llm_successful_shares,llm_executed_unsuccessful_proportion,rule_executed_actions,rule_executed_move_proportion,rule_executed_eat_proportion,rule_executed_throw_proportion,rule_successful_shares,rule_executed_unsuccessful_proportion,llm_decisions,fallback_count,fallback_rate,llm_action_move_proportion,llm_action_eat_proportion,llm_action_throw_proportion,llm_action_unsuccessful_proportion
C:\Users\hello\GitHubRepos\MA-NormEmergence\saved_runs\exp2\qwen3_8b\altruistic\altruistic\seed_1,1,2,2,Qwen/Qwen3-8B,altruistic,altruistic,75,4,1.0,40.8333333333333,10.208333333333325,5.833333333333323,0.10714285714285735,44.0,11.0,0.0,180.0,17.49999999999998,8.74999999999999,11.0,2.0,1.0,23.33333333333332,11.66666666666666,11.0,2,1.0,-2.9166666666666714,0.0,150,0.23333333333333334,0.14666666666666667,0.6066666666666667,91,0.013333333333333334,150,0.26,0.14666666666666667,0.5933333333333334,89,0.0,150,1,0.006666666666666667,0.23333333333333334,0.14666666666666667,0.6066666666666667,0.013333333333333334
C:\Users\hello\GitHubRepos\MA-NormEmergence\saved_runs\exp2\qwen3_8b\altruistic\altruistic\seed_10,10,2,2,Qwen/Qwen3-8B,altruistic,altruistic,75,4,1.0,40.83333333333331,10.208333333333327,5.833333333333327,0.1071428571428572,44.0,11.0,0.0,177.0,17.499999999999986,8.749999999999993,11.0,2.0,1.0,23.33333333333332,11.66666666666666,11.0,2,1.0,-2.916666666666668,0.0,150,0.24,0.14666666666666667,0.5933333333333334,89,0.02,150,0.26666666666666666,0.14666666666666667,0.5866666666666667,88,0.0,150,1,0.006666666666666667,0.24,0.14666666666666667,0.5933333333333334,0.02
C:\Users\hello\GitHubRepos\MA-NormEmergence\saved_runs\exp2\qwen3_8b\altruistic\altruistic\seed_2,2,2,2,Qwen/Qwen3-8B,altruistic,altruistic,75,4,1.0,40.833333333333314,10.208333333333329,5.833333333333327,0.10714285714285719,44.0,11.0,0.0,178.0,23.33333333333332,11.66666666666666,11.0,2.0,1.0,17.499999999999986,8.749999999999993,11.0,2,1.0,2.916666666666668,0.0,150,0.22,0.14666666666666667,0.6133333333333333,92,0.02,150,0.28,0.14666666666666667,0.5733333333333334,86,0.0,150,0,0.0,0.22,0.14666666666666667,0.6133333333333333,0.02
C:\Users\hello\GitHubRepos\MA-NormEmergence\saved_runs\exp2\qwen3_8b\altruistic\altruistic\seed_3,3,2,2,Qwen/Qwen3-8B,altruistic,altruistic,75,4,1.0,46.66666666666664,11.66666666666666,5.833333333333327,0.18750000000000008,44.0,11.0,0.0,177.0,23.33333333333332,11.66666666666666,11.0,2.0,1.0,23.33333333333332,11.66666666666666,11.0,2,1.0,0.0,0.0,150,0.26666666666666666,0.14666666666666667,0.58,87,0.006666666666666667,150,0.25333333333333335,0.14666666666666667,0.6,90,0.0,150,0,0.0,0.26666666666666666,0.14666666666666667,0.58,0.006666666666666667
C:\Users\hello\GitHubRepos\MA-NormEmergence\saved_runs\exp2\qwen3_8b\altruistic\altruistic\seed_4,4,2,2,Qwen/Qwen3-8B,altruistic,altruistic,75,4,1.0,29.166666666666643,7.291666666666661,5.833333333333327,0.15000000000000013,44.0,11.0,0.0,177.0,17.499999999999986,8.749999999999993,11.0,2.0,1.0,11.666666666666654,5.833333333333327,11.0,2,1.0,2.916666666666666,0.0,150,0.20666666666666667,0.14666666666666667,0.6333333333333333,95,0.013333333333333334,150,0.30666666666666664,0.14666666666666667,0.5466666666666666,82,0.0,150,2,0.013333333333333334,0.20666666666666667,0.14666666666666667,0.6333333333333333,0.013333333333333334
C:\Users\hello\GitHubRepos\MA-NormEmergence\saved_runs\exp2\qwen3_8b\altruistic\altruistic\seed_5,5,2,2,Qwen/Qwen3-8B,altruistic,altruistic,75,4,1.0,40.83333333333331,10.208333333333327,5.833333333333327,0.2500000000000001,45.0,11.0,0.016666666666666666,155.0,29.166666666666654,14.583333333333327,11.5,2.0,1.0,11.666666666666654,5.833333333333327,11.0,2,1.0,8.75,0.0,150,0.28,0.15333333333333332,0.5533333333333333,83,0.013333333333333334,150,0.37333333333333335,0.14666666666666667,0.48,72,0.0,150,2,0.013333333333333334,0.28,0.15333333333333332,0.5533333333333333,0.013333333333333334
C:\Users\hello\GitHubRepos\MA-NormEmergence\saved_runs\exp2\qwen3_8b\altruistic\altruistic\seed_6,6,2,2,Qwen/Qwen3-8B,altruistic,altruistic,75,4,1.0,40.83333333333331,10.208333333333327,5.833333333333323,0.1071428571428573,44.0,11.0,0.0,187.0,17.499999999999986,8.749999999999993,11.0,2.0,1.0,23.33333333333332,11.66666666666666,11.0,2,1.0,-2.916666666666668,0.0,150,0.22666666666666666,0.14666666666666667,0.6133333333333333,92,0.013333333333333334,150,0.22,0.14666666666666667,0.6333333333333333,95,0.0,150,2,0.013333333333333334,0.22666666666666666,0.14666666666666667,0.6133333333333333,0.013333333333333334
C:\Users\hello\GitHubRepos\MA-NormEmergence\saved_runs\exp2\qwen3_8b\altruistic\altruistic\seed_7,7,2,2,Qwen/Qwen3-8B,altruistic,altruistic,75,3,0.75,17.49999999999997,4.374999999999993,0.0,0.2500000000000001,43.0,10.0,0.01744186046511628,137.0,11.666666666666647,5.833333333333323,11.0,2.0,1.0,5.833333333333327,2.9166666666666634,10.5,1,0.5,2.91666666666666,0.5,150,0.4,0.14666666666666667,0.44666666666666666,67,0.006666666666666667,150,0.3933333333333333,0.14,0.4666666666666667,70,0.0,150,1,0.006666666666666667,0.4,0.14666666666666667,0.44666666666666666,0.006666666666666667
C:\Users\hello\GitHubRepos\MA-NormEmergence\saved_runs\exp2\qwen3_8b\altruistic\altruistic\seed_8,8,2,2,Qwen/Qwen3-8B,altruistic,altruistic,75,4,1.0,46.66666666666663,11.666666666666657,11.666666666666655,1.1419436824715905e-16,44.0,11.0,0.0,167.0,23.33333333333331,11.666666666666655,11.0,2.0,1.0,23.33333333333332,11.66666666666666,11.0,2,1.0,-5.329070518200751e-15,0.0,150,0.28,0.14666666666666667,0.56,84,0.013333333333333334,150,0.3,0.14666666666666667,0.5533333333333333,83,0.0,150,1,0.006666666666666667,0.28,0.14666666666666667,0.56,0.013333333333333334
C:\Users\hello\GitHubRepos\MA-NormEmergence\saved_runs\exp2\qwen3_8b\altruistic\altruistic\seed_9,9,2,2,Qwen/Qwen3-8B,altruistic,altruistic,75,4,1.0,34.99999999999997,8.749999999999993,5.833333333333327,0.16666666666666682,44.0,11.0,0.0,169.0,17.499999999999986,8.749999999999993,11.0,2.0,1.0,17.499999999999986,8.749999999999993,11.0,2,1.0,0.0,0.0,150,0.26666666666666666,0.14666666666666667,0.5733333333333334,86,0.013333333333333334,150,0.3,0.14666666666666667,0.5533333333333333,83,0.0,150,2,0.013333333333333334,0.26666666666666666,0.14666666666666667,0.5733333333333334,0.013333333333333334
C:\Users\hello\GitHubRepos\MA-NormEmergence\saved_runs\exp2\qwen3_8b\altruistic\cooperative\seed_1,1,2,2,Qwen/Qwen3-8B,altruistic,cooperative,75,2,0.5,11.666666666666654,2.9166666666666634,0.0,0.5,42.0,10.0,0.023809523809523808,132.0,0.0,0.0,10.0,0.0,0.0,11.666666666666654,5.833333333333327,11.0,2,1.0,-5.833333333333327,-1.0,150,0.38666666666666666,0.13333333333333333,0.4666666666666667,70,0.013333333333333334,150,0.44,0.14666666666666667,0.41333333333333333,62,0.0,150,3,0.02,0.38666666666666666,0.13333333333333333,0.4666666666666667,0.013333333333333334
C:\Users\hello\GitHubRepos\MA-NormEmergence\saved_runs\exp2\qwen3_8b\altruistic\cooperative\seed_10,10,2,2,Qwen/Qwen3-8B,altruistic,cooperative,75,4,1.0,40.833333333333314,10.208333333333329,5.833333333333327,0.10714285714285719,44.0,11.0,0.0,160.0,23.33333333333332,11.66666666666666,11.0,2.0,1.0,17.499999999999986,8.749999999999993,11.0,2,1.0,2.916666666666668,0.0,150,0.3,0.14666666666666667,0.54,81,0.013333333333333334,150,0.32666666666666666,0.14666666666666667,0.5266666666666666,79,0.0,150,3,0.02,0.3,0.14666666666666667,0.54,0.013333333333333334
C:\Users\hello\GitHubRepos\MA-NormEmergence\saved_runs\exp2\qwen3_8b\altruistic\cooperative\seed_2,2,2,2,Qwen/Qwen3-8B,altruistic,cooperative,75,4,1.0,29.166666666666643,7.291666666666661,5.833333333333327,0.15000000000000013,44.0,11.0,0.0,150.0,17.499999999999986,8.749999999999993,11.0,2.0,1.0,11.666666666666654,5.833333333333327,11.0,2,1.0,2.916666666666666,0.0,150,0.3333333333333333,0.14666666666666667,0.5133333333333333,77,0.006666666666666667,150,0.36666666666666664,0.14666666666666667,0.4866666666666667,73,0.0,150,6,0.04,0.3333333333333333,0.14666666666666667,0.5133333333333333,0.006666666666666667
C:\Users\hello\GitHubRepos\MA-NormEmergence\saved_runs\exp2\qwen3_8b\altruistic\cooperative\seed_3,3,2,2,Qwen/Qwen3-8B,altruistic,cooperative,75,4,1.0,40.83333333333331,10.208333333333327,5.833333333333323,0.1071428571428573,44.0,11.0,0.0,171.0,17.499999999999986,8.749999999999993,11.0,2.0,1.0,23.33333333333332,11.66666666666666,11.0,2,1.0,-2.916666666666668,0.0,150,0.24666666666666667,0.14666666666666667,0.6,90,0.006666666666666667,150,0.31333333333333335,0.14666666666666667,0.54,81,0.0,150,1,0.006666666666666667,0.24666666666666667,0.14666666666666667,0.6,0.006666666666666667
C:\Users\hello\GitHubRepos\MA-NormEmergence\saved_runs\exp2\qwen3_8b\altruistic\cooperative\seed_4,4,2,2,Qwen/Qwen3-8B,altruistic,cooperative,75,4,1.0,29.166666666666643,7.291666666666661,5.833333333333327,0.15000000000000013,44.0,11.0,0.0,143.0,17.499999999999986,8.749999999999993,11.0,2.0,1.0,11.666666666666654,5.833333333333327,11.0,2,1.0,2.916666666666666,0.0,150,0.34,0.14666666666666667,0.5,75,0.013333333333333334,150,0.4,0.14666666666666667,0.4533333333333333,68,0.0,150,4,0.02666666666666667,0.34,0.14666666666666667,0.5,0.013333333333333334
C:\Users\hello\GitHubRepos\MA-NormEmergence\saved_runs\exp2\qwen3_8b\altruistic\cooperative\seed_5,5,2,2,Qwen/Qwen3-8B,altruistic,cooperative,75,3,0.75,34.99999999999998,8.749999999999995,0.0,0.25000000000000006,40.0,7.0,0.075,130.0,11.66666666666666,5.83333333333333,9.0,1.0,0.5,23.333333333333314,11.666666666666657,11.0,2,1.0,-5.833333333333327,-0.5,133,0.37593984962406013,0.13533834586466165,0.48872180451127817,65,0.0,150,0.42,0.14666666666666667,0.43333333333333335,65,0.0,133,1,0.007518796992481203,0.37593984962406013,0.13533834586466165,0.48872180451127817,0.0
C:\Users\hello\GitHubRepos\MA-NormEmergence\saved_runs\exp2\qwen3_8b\altruistic\cooperative\seed_6,6,2,2,Qwen/Qwen3-8B,altruistic,cooperative,75,3,0.75,23.333333333333314,5.833333333333329,0.0,0.37500000000000017,43.0,10.0,0.01744186046511628,152.0,17.499999999999986,8.749999999999993,11.0,2.0,1.0,5.833333333333327,2.9166666666666634,10.5,1,0.5,5.8333333333333295,0.5,150,0.3,0.14666666666666667,0.5333333333333333,80,0.02,150,0.38,0.14,0.48,72,0.0,150,1,0.006666666666666667,0.3,0.14666666666666667,0.5333333333333333,0.02
C:\Users\hello\GitHubRepos\MA-NormEmergence\saved_runs\exp2\qwen3_8b\altruistic\cooperative\seed_7,7,2,2,Qwen/Qwen3-8B,altruistic,cooperative,75,4,1.0,29.166666666666632,7.291666666666658,5.833333333333323,0.1500000000000003,44.0,11.0,0.0,146.0,11.666666666666647,5.833333333333323,11.0,2.0,1.0,17.499999999999986,8.749999999999993,11.0,2,1.0,-2.9166666666666696,0.0,150,0.34,0.14666666666666667,0.5,75,0.013333333333333334,150,0.38,0.14666666666666667,0.47333333333333333,71,0.0,150,6,0.04,0.34,0.14666666666666667,0.5,0.013333333333333334
C:\Users\hello\GitHubRepos\MA-NormEmergence\saved_runs\exp2\qwen3_8b\altruistic\cooperative\seed_8,8,2,2,Qwen/Qwen3-8B,altruistic,cooperative,75,4,1.0,40.8333333333333,10.208333333333325,5.833333333333327,0.10714285714285729,44.0,11.0,0.0,154.0,17.49999999999998,8.74999999999999,11.0,2.0,1.0,23.33333333333332,11.66666666666666,11.0,2,1.0,-2.9166666666666714,0.0,150,0.3,0.14666666666666667,0.5466666666666666,82,0.006666666666666667,150,0.37333333333333335,0.14666666666666667,0.48,72,0.0,150,0,0.0,0.3,0.14666666666666667,0.5466666666666666,0.006666666666666667
C:\Users\hello\GitHubRepos\MA-NormEmergence\saved_runs\exp2\qwen3_8b\altruistic\cooperative\seed_9,9,2,2,Qwen/Qwen3-8B,altruistic,cooperative,75,3,0.75,17.49999999999998,4.374999999999995,0.0,0.25,41.0,8.0,0.054878048780487805,114.0,11.666666666666654,5.833333333333327,11.0,2.0,1.0,5.833333333333327,2.9166666666666634,9.5,1,0.5,2.9166666666666634,0.5,150,0.4266666666666667,0.14666666666666667,0.4066666666666667,61,0.02,139,0.48201438848920863,0.1366906474820144,0.381294964028777,53,0.0,150,3,0.02,0.4266666666666667,0.14666666666666667,0.4066666666666667,0.02
C:\Users\hello\GitHubRepos\MA-NormEmergence\saved_runs\exp2\qwen3_8b\altruistic\self_interested\seed_1,1,2,2,Qwen/Qwen3-8B,altruistic,self_interested,75,3,0.75,151.6666666666668,37.9166666666667,0.0,0.48076923076923095,66.0,10.0,0.1893939393939394,73.0,5.833333333333323,2.9166666666666616,10.5,1.0,0.5,145.83333333333348,72.91666666666674,22.5,2,1.0,-70.00000000000009,-0.5,150,0.36,0.14,0.4866666666666667,73,0.013333333333333334,150,0.7,0.3,0.0,0,0.0,150,1,0.006666666666666667,0.36,0.14,0.4866666666666667,0.013333333333333334
C:\Users\hello\GitHubRepos\MA-NormEmergence\saved_runs\exp2\qwen3_8b\altruistic\self_interested\seed_10,10,2,2,Qwen/Qwen3-8B,altruistic,self_interested,75,4,1.0,204.16666666666683,51.04166666666671,5.833333333333323,0.47857142857142887,74.0,11.0,0.22297297297297297,79.0,11.66666666666665,5.833333333333325,11.0,2.0,1.0,192.50000000000017,96.25000000000009,26.0,2,1.0,-90.41666666666676,0.0,150,0.32,0.14666666666666667,0.5266666666666666,79,0.006666666666666667,150,0.6533333333333333,0.3466666666666667,0.0,0,0.0,150,2,0.013333333333333334,0.32,0.14666666666666667,0.5266666666666666,0.006666666666666667
C:\Users\hello\GitHubRepos\MA-NormEmergence\saved_runs\exp2\qwen3_8b\altruistic\self_interested\seed_2,2,2,2,Qwen/Qwen3-8B,altruistic,self_interested,75,3,0.75,81.66666666666657,20.416666666666643,0.0,0.46428571428571436,53.0,10.0,0.10849056603773585,63.0,5.833333333333327,2.9166666666666634,10.5,1.0,0.5,75.83333333333326,37.91666666666663,16.0,2,1.0,-34.999999999999964,-0.5,150,0.4266666666666667,0.14,0.42,63,0.013333333333333334,150,0.7866666666666666,0.21333333333333335,0.0,0,0.0,150,0,0.0,0.4266666666666667,0.14,0.42,0.013333333333333334
C:\Users\hello\GitHubRepos\MA-NormEmergence\saved_runs\exp2\qwen3_8b\altruistic\self_interested\seed_3,3,2,2,Qwen/Qwen3-8B,altruistic,self_interested,75,3,0.75,186.66666666666697,46.66666666666674,0.0,0.5000000000000001,72.0,10.0,0.2222222222222222,89.0,5.833333333333327,2.9166666666666634,10.5,1.0,0.5,180.83333333333366,90.41666666666683,25.5,2,1.0,-87.50000000000017,-0.5,150,0.26,0.14,0.5933333333333334,89,0.006666666666666667,150,0.66,0.34,0.0,0,0.0,150,3,0.02,0.26,0.14,0.5933333333333334,0.006666666666666667
C:\Users\hello\GitHubRepos\MA-NormEmergence\saved_runs\exp2\qwen3_8b\altruistic\self_interested\seed_4,4,2,2,Qwen/Qwen3-8B,altruistic,self_interested,75,2,0.5,110.83333333333329,27.70833333333332,0.0,0.5131578947368421,53.0,4.0,0.2688679245283019,38.0,0.0,0.0,7.0,0.0,0.0,110.83333333333329,55.41666666666664,19.5,2,1.0,-55.41666666666664,-1.0,115,0.5478260869565217,0.12173913043478261,0.33043478260869563,38,0.0,150,0.74,0.26,0.0,0,0.0,115,4,0.034782608695652174,0.5478260869565217,0.12173913043478261,0.33043478260869563,0.0
C:\Users\hello\GitHubRepos\MA-NormEmergence\saved_runs\exp2\qwen3_8b\altruistic\self_interested\seed_5,5,2,2,Qwen/Qwen3-8B,altruistic,self_interested,75,4,1.0,198.3333333333336,49.5833333333334,5.833333333333327,0.42647058823529455,73.0,11.0,0.20205479452054795,89.0,17.499999999999986,8.749999999999993,11.0,2.0,1.0,180.83333333333363,90.41666666666681,25.5,2,1.0,-81.66666666666683,0.0,150,0.24666666666666667,0.14666666666666667,0.5933333333333334,89,0.013333333333333334,150,0.66,0.34,0.0,0,0.0,150,2,0.013333333333333334,0.24666666666666667,0.14666666666666667,0.5933333333333334,0.013333333333333334
C:\Users\hello\GitHubRepos\MA-NormEmergence\saved_runs\exp2\qwen3_8b\altruistic\self_interested\seed_6,6,2,2,Qwen/Qwen3-8B,altruistic,self_interested,75,4,1.0,151.66666666666663,37.91666666666666,5.833333333333327,0.403846153846154,65.0,11.0,0.16538461538461538,56.0,17.499999999999986,8.749999999999993,11.0,2.0,1.0,134.16666666666663,67.08333333333331,21.5,2,1.0,-58.33333333333332,0.0,150,0.46,0.14666666666666667,0.37333333333333335,56,0.02,150,0.7133333333333334,0.2866666666666667,0.0,0,0.0,150,3,0.02,0.46,0.14666666666666667,0.37333333333333335,0.02
C:\Users\hello\GitHubRepos\MA-NormEmergence\saved_runs\exp2\qwen3_8b\altruistic\self_interested\seed_7,7,2,2,Qwen/Qwen3-8B,altruistic,self_interested,75,4,1.0,169.16666666666663,42.29166666666666,11.66666666666666,0.37068965517241387,67.0,11.0,0.17537313432835822,76.0,23.33333333333332,11.66666666666666,11.0,2.0,1.0,145.83333333333331,72.91666666666666,22.5,2,1.0,-61.25,0.0,150,0.3333333333333333,0.14666666666666667,0.5066666666666667,76,0.013333333333333334,150,0.7,0.3,0.0,0,0.0,150,0,0.0,0.3333333333333333,0.14666666666666667,0.5066666666666667,0.013333333333333334
C:\Users\hello\GitHubRepos\MA-NormEmergence\saved_runs\exp2\qwen3_8b\altruistic\self_interested\seed_8,8,2,2,Qwen/Qwen3-8B,altruistic,self_interested,75,3,0.75,116.66666666666659,29.166666666666647,0.0,0.5000000000000001,59.0,9.0,0.18220338983050846,62.0,5.833333333333327,2.9166666666666634,10.0,1.0,0.5,110.83333333333326,55.41666666666663,19.5,2,1.0,-52.499999999999964,-0.5,145,0.42758620689655175,0.13793103448275862,0.42758620689655175,62,0.006896551724137931,150,0.74,0.26,0.0,0,0.0,145,0,0.0,0.42758620689655175,0.13793103448275862,0.42758620689655175,0.006896551724137931
C:\Users\hello\GitHubRepos\MA-NormEmergence\saved_runs\exp2\qwen3_8b\altruistic\self_interested\seed_9,9,2,2,Qwen/Qwen3-8B,altruistic,self_interested,75,3,0.75,163.33333333333357,40.83333333333339,0.0,0.4821428571428573,64.0,7.0,0.234375,62.0,5.833333333333323,2.9166666666666616,9.0,1.0,0.5,157.50000000000023,78.75000000000011,23.0,2,1.0,-75.83333333333346,-0.5,133,0.37593984962406013,0.13533834586466165,0.46616541353383456,62,0.022556390977443608,150,0.6933333333333334,0.30666666666666664,0.0,0,0.0,133,4,0.03007518796992481,0.37593984962406013,0.13533834586466165,0.46616541353383456,0.022556390977443608
C:\Users\hello\GitHubRepos\MA-NormEmergence\saved_runs\exp2\qwen3_8b\cooperative\altruistic\seed_1,1,2,2,Qwen/Qwen3-8B,cooperative,altruistic,75,4,1.0,34.99999999999997,8.749999999999993,5.833333333333323,0.16666666666666688,44.0,11.0,0.0,161.0,17.49999999999998,8.74999999999999,11.0,2.0,1.0,17.499999999999986,8.749999999999993,11.0,2,1.0,-3.552713678800501e-15,0.0,150,0.2866666666666667,0.14666666666666667,0.56,84,0.006666666666666667,150,0.34,0.14666666666666667,0.5133333333333333,77,0.0,150,0,0.0,0.2866666666666667,0.14666666666666667,0.56,0.006666666666666667
C:\Users\hello\GitHubRepos\MA-NormEmergence\saved_runs\exp2\qwen3_8b\cooperative\altruistic\seed_10,10,2,2,Qwen/Qwen3-8B,cooperative,altruistic,75,4,1.0,40.833333333333314,10.208333333333329,5.833333333333327,0.10714285714285719,44.0,11.0,0.0,120.0,23.33333333333332,11.66666666666666,11.0,2.0,1.0,17.499999999999986,8.749999999999993,11.0,2,1.0,2.916666666666668,0.0,150,0.3933333333333333,0.14666666666666667,0.44,66,0.02,150,0.49333333333333335,0.14666666666666667,0.36,54,0.0,150,0,0.0,0.3933333333333333,0.14666666666666667,0.44,0.02
C:\Users\hello\GitHubRepos\MA-NormEmergence\saved_runs\exp2\qwen3_8b\cooperative\altruistic\seed_2,2,2,2,Qwen/Qwen3-8B,cooperative,altruistic,75,4,1.0,40.8333333333333,10.208333333333325,5.833333333333327,0.10714285714285728,44.0,11.0,0.0,132.0,17.499999999999982,8.749999999999991,11.0,2.0,1.0,23.33333333333332,11.66666666666666,11.0,2,1.0,-2.9166666666666696,0.0,150,0.36,0.14666666666666667,0.48,72,0.013333333333333334,150,0.4533333333333333,0.14666666666666667,0.4,60,0.0,150,1,0.006666666666666667,0.36,0.14666666666666667,0.48,0.013333333333333334
C:\Users\hello\GitHubRepos\MA-NormEmergence\saved_runs\exp2\qwen3_8b\cooperative\altruistic\seed_3,3,2,2,Qwen/Qwen3-8B,cooperative,altruistic,75,4,1.0,34.999999999999964,8.749999999999991,5.833333333333323,0.1666666666666669,44.0,11.0,0.0,171.0,17.49999999999998,8.74999999999999,11.0,2.0,1.0,17.499999999999986,8.749999999999993,11.0,2,1.0,-3.552713678800501e-15,0.0,150,0.28,0.14666666666666667,0.56,84,0.013333333333333334,150,0.2733333333333333,0.14666666666666667,0.58,87,0.0,150,0,0.0,0.28,0.14666666666666667,0.56,0.013333333333333334
C:\Users\hello\GitHubRepos\MA-NormEmergence\saved_runs\exp2\qwen3_8b\cooperative\altruistic\seed_4,4,2,2,Qwen/Qwen3-8B,cooperative,altruistic,75,4,1.0,46.66666666666663,11.666666666666657,5.833333333333327,0.18750000000000014,44.0,11.0,0.0,172.0,17.499999999999982,8.749999999999991,11.0,2.0,1.0,29.166666666666654,14.583333333333327,11.0,2,1.0,-5.833333333333336,0.0,150,0.22,0.14666666666666667,0.6133333333333333,92,0.02,150,0.32,0.14666666666666667,0.5333333333333333,80,0.0,150,0,0.0,0.22,0.14666666666666667,0.6133333333333333,0.02
C:\Users\hello\GitHubRepos\MA-NormEmergence\saved_runs\exp2\qwen3_8b\cooperative\altruistic\seed_5,5,2,2,Qwen/Qwen3-8B,cooperative,altruistic,75,4,1.0,40.8333333333333,10.208333333333325,5.833333333333327,0.10714285714285728,44.0,11.0,0.0,165.0,23.333333333333314,11.666666666666657,11.0,2.0,1.0,17.499999999999986,8.749999999999993,11.0,2,1.0,2.9166666666666643,0.0,150,0.26,0.14666666666666667,0.5733333333333334,86,0.02,150,0.32666666666666666,0.14666666666666667,0.5266666666666666,79,0.0,150,1,0.006666666666666667,0.26,0.14666666666666667,0.5733333333333334,0.02
C:\Users\hello\GitHubRepos\MA-NormEmergence\saved_runs\exp2\qwen3_8b\cooperative\altruistic\seed_6,6,2,2,Qwen/Qwen3-8B,cooperative,altruistic,75,4,1.0,40.833333333333314,10.208333333333329,5.833333333333327,0.10714285714285719,44.0,11.0,0.0,158.0,23.33333333333332,11.66666666666666,11.0,2.0,1.0,17.499999999999986,8.749999999999993,11.0,2,1.0,2.916666666666668,0.0,150,0.3,0.14666666666666667,0.54,81,0.013333333333333334,150,0.34,0.14666666666666667,0.5133333333333333,77,0.0,150,3,0.02,0.3,0.14666666666666667,0.54,0.013333333333333334
C:\Users\hello\GitHubRepos\MA-NormEmergence\saved_runs\exp2\qwen3_8b\cooperative\altruistic\seed_7,7,2,2,Qwen/Qwen3-8B,cooperative,altruistic,75,3,0.75,17.49999999999998,4.374999999999995,0.0,0.25,42.0,9.0,0.03571428571428571,135.0,5.833333333333327,2.9166666666666634,10.0,1.0,0.5,11.666666666666654,5.833333333333327,11.0,2,1.0,-2.9166666666666634,-0.5,145,0.3724137931034483,0.13793103448275862,0.4827586206896552,70,0.006896551724137931,150,0.42,0.14666666666666667,0.43333333333333335,65,0.0,145,1,0.006896551724137931,0.3724137931034483,0.13793103448275862,0.4827586206896552,0.006896551724137931
C:\Users\hello\GitHubRepos\MA-NormEmergence\saved_runs\exp2\qwen3_8b\cooperative\altruistic\seed_8,8,2,2,Qwen/Qwen3-8B,cooperative,altruistic,75,4,1.0,34.99999999999997,8.749999999999993,5.833333333333327,0.16666666666666677,44.0,11.0,0.0,155.0,17.499999999999982,8.749999999999991,11.0,2.0,1.0,17.499999999999986,8.749999999999993,11.0,2,1.0,-1.7763568394002505e-15,0.0,150,0.29333333333333333,0.14666666666666667,0.5333333333333333,80,0.02666666666666667,150,0.35333333333333333,0.14666666666666667,0.5,75,0.0,150,3,0.02,0.29333333333333333,0.14666666666666667,0.5333333333333333,0.02666666666666667
C:\Users\hello\GitHubRepos\MA-NormEmergence\saved_runs\exp2\qwen3_8b\cooperative\altruistic\seed_9,9,2,2,Qwen/Qwen3-8B,cooperative,altruistic,75,3,0.75,23.33333333333331,5.833333333333328,0.0,0.3750000000000002,43.0,10.0,0.01744186046511628,149.0,5.833333333333323,2.9166666666666616,10.5,1.0,0.5,17.499999999999986,8.749999999999993,11.0,2,1.0,-5.833333333333331,-0.5,150,0.32666666666666666,0.14,0.52,78,0.013333333333333334,150,0.38,0.14666666666666667,0.47333333333333333,71,0.0,150,2,0.013333333333333334,0.32666666666666666,0.14,0.52,0.013333333333333334
C:\Users\hello\GitHubRepos\MA-NormEmergence\saved_runs\exp2\qwen3_8b\cooperative\cooperative\seed_1,1,2,2,Qwen/Qwen3-8B,cooperative,cooperative,75,4,1.0,40.8333333333333,10.208333333333325,5.833333333333327,0.10714285714285728,44.0,11.0,0.0,167.0,17.499999999999982,8.749999999999991,11.0,2.0,1.0,23.33333333333332,11.66666666666666,11.0,2,1.0,-2.9166666666666696,0.0,150,0.28,0.14666666666666667,0.56,84,0.013333333333333334,150,0.3,0.14666666666666667,0.5533333333333333,83,0.0,150,0,0.0,0.28,0.14666666666666667,0.56,0.013333333333333334
C:\Users\hello\GitHubRepos\MA-NormEmergence\saved_runs\exp2\qwen3_8b\cooperative\cooperative\seed_10,10,2,2,Qwen/Qwen3-8B,cooperative,cooperative,75,4,1.0,29.166666666666643,7.291666666666661,5.833333333333327,0.15000000000000013,44.0,11.0,0.0,156.0,17.499999999999986,8.749999999999993,11.0,2.0,1.0,11.666666666666654,5.833333333333327,11.0,2,1.0,2.916666666666666,0.0,150,0.31333333333333335,0.14666666666666667,0.5266666666666666,79,0.013333333333333334,150,0.34,0.14666666666666667,0.5133333333333333,77,0.0,150,0,0.0,0.31333333333333335,0.14666666666666667,0.5266666666666666,0.013333333333333334
C:\Users\hello\GitHubRepos\MA-NormEmergence\saved_runs\exp2\qwen3_8b\cooperative\cooperative\seed_2,2,2,2,Qwen/Qwen3-8B,cooperative,cooperative,75,4,1.0,34.99999999999997,8.749999999999993,5.833333333333327,0.16666666666666677,44.0,11.0,0.0,146.0,17.499999999999982,8.749999999999991,11.0,2.0,1.0,17.499999999999986,8.749999999999993,11.0,2,1.0,-1.7763568394002505e-15,0.0,150,0.34,0.14666666666666667,0.5,75,0.013333333333333334,150,0.38,0.14666666666666667,0.47333333333333333,71,0.0,150,2,0.013333333333333334,0.34,0.14666666666666667,0.5,0.013333333333333334
C:\Users\hello\GitHubRepos\MA-NormEmergence\saved_runs\exp2\qwen3_8b\cooperative\cooperative\seed_3,3,2,2,Qwen/Qwen3-8B,cooperative,cooperative,75,3,0.75,17.49999999999997,4.374999999999993,0.0,0.2500000000000002,43.0,10.0,0.01744186046511628,145.0,11.666666666666647,5.833333333333323,11.0,2.0,1.0,5.833333333333327,2.9166666666666634,10.5,1,0.5,2.91666666666666,0.5,150,0.3333333333333333,0.14666666666666667,0.49333333333333335,74,0.02666666666666667,150,0.38666666666666666,0.14,0.47333333333333333,71,0.0,150,1,0.006666666666666667,0.3333333333333333,0.14666666666666667,0.49333333333333335,0.02666666666666667
C:\Users\hello\GitHubRepos\MA-NormEmergence\saved_runs\exp2\qwen3_8b\cooperative\cooperative\seed_4,4,2,2,Qwen/Qwen3-8B,cooperative,cooperative,75,4,1.0,29.166666666666643,7.291666666666661,5.833333333333323,0.15000000000000024,44.0,11.0,0.0,133.0,17.499999999999986,8.749999999999993,11.0,2.0,1.0,11.666666666666654,5.833333333333327,11.0,2,1.0,2.916666666666666,0.0,150,0.3333333333333333,0.14666666666666667,0.5066666666666667,76,0.013333333333333334,150,0.47333333333333333,0.14666666666666667,0.38,57,0.0,150,0,0.0,0.3333333333333333,0.14666666666666667,0.5066666666666667,0.013333333333333334
C:\Users\hello\GitHubRepos\MA-NormEmergence\saved_runs\exp2\qwen3_8b\cooperative\cooperative\seed_5,5,2,2,Qwen/Qwen3-8B,cooperative,cooperative,75,4,1.0,40.833333333333314,10.208333333333329,5.833333333333327,0.10714285714285719,44.0,11.0,0.0,165.0,23.33333333333332,11.66666666666666,11.0,2.0,1.0,17.499999999999986,8.749999999999993,11.0,2,1.0,2.916666666666668,0.0,150,0.26,0.14666666666666667,0.5733333333333334,86,0.02,150,0.32666666666666666,0.14666666666666667,0.5266666666666666,79,0.0,150,3,0.02,0.26,0.14666666666666667,0.5733333333333334,0.02
C:\Users\hello\GitHubRepos\MA-NormEmergence\saved_runs\exp2\qwen3_8b\cooperative\cooperative\seed_6,6,2,2,Qwen/Qwen3-8B,cooperative,cooperative,75,4,1.0,46.666666666666636,11.666666666666659,5.833333333333327,0.1875,44.0,11.0,0.0,163.0,29.166666666666647,14.583333333333323,11.0,2.0,1.0,17.499999999999986,8.749999999999993,11.0,2,1.0,5.83333333333333,0.0,150,0.26,0.14666666666666667,0.5733333333333334,86,0.02,150,0.34,0.14666666666666667,0.5133333333333333,77,0.0,150,4,0.02666666666666667,0.26,0.14666666666666667,0.5733333333333334,0.02
C:\Users\hello\GitHubRepos\MA-NormEmergence\saved_runs\exp2\qwen3_8b\cooperative\cooperative\seed_7,7,2,2,Qwen/Qwen3-8B,cooperative,cooperative,75,4,1.0,46.66666666666663,11.666666666666657,5.833333333333327,0.18750000000000008,44.0,11.0,0.0,172.0,29.166666666666636,14.583333333333318,11.0,2.0,1.0,17.499999999999986,8.749999999999993,11.0,2,1.0,5.833333333333325,0.0,150,0.26666666666666666,0.14666666666666667,0.5733333333333334,86,0.013333333333333334,150,0.28,0.14666666666666667,0.5733333333333334,86,0.0,150,2,0.013333333333333334,0.26666666666666666,0.14666666666666667,0.5733333333333334,0.013333333333333334
C:\Users\hello\GitHubRepos\MA-NormEmergence\saved_runs\exp2\qwen3_8b\cooperative\cooperative\seed_8,8,2,2,Qwen/Qwen3-8B,cooperative,cooperative,75,4,1.0,29.16666666666664,7.29166666666666,5.833333333333323,0.15000000000000027,44.0,11.0,0.0,149.0,11.66666666666665,5.833333333333325,11.0,2.0,1.0,17.499999999999986,8.749999999999993,11.0,2,1.0,-2.916666666666668,0.0,150,0.3333333333333333,0.14666666666666667,0.5066666666666667,76,0.013333333333333334,150,0.36666666666666664,0.14666666666666667,0.4866666666666667,73,0.0,150,1,0.006666666666666667,0.3333333333333333,0.14666666666666667,0.5066666666666667,0.013333333333333334
C:\Users\hello\GitHubRepos\MA-NormEmergence\saved_runs\exp2\qwen3_8b\cooperative\cooperative\seed_9,9,2,2,Qwen/Qwen3-8B,cooperative,cooperative,75,4,1.0,40.8333333333333,10.208333333333325,5.833333333333327,0.10714285714285728,44.0,11.0,0.0,172.0,17.499999999999982,8.749999999999991,11.0,2.0,1.0,23.33333333333332,11.66666666666666,11.0,2,1.0,-2.9166666666666696,0.0,150,0.24666666666666667,0.14666666666666667,0.5933333333333334,89,0.013333333333333334,150,0.3,0.14666666666666667,0.5533333333333333,83,0.0,150,2,0.013333333333333334,0.24666666666666667,0.14666666666666667,0.5933333333333334,0.013333333333333334
C:\Users\hello\GitHubRepos\MA-NormEmergence\saved_runs\exp2\qwen3_8b\cooperative\self_interested\seed_1,1,2,2,Qwen/Qwen3-8B,cooperative,self_interested,75,2,0.5,151.6666666666668,37.9166666666667,0.0,0.5384615384615387,55.0,4.0,0.35909090909090907,40.0,0.0,0.0,4.5,0.0,0.0,151.6666666666668,75.8333333333334,23.0,2,1.0,-75.8333333333334,-1.0,86,0.43023255813953487,0.10465116279069768,0.46511627906976744,40,0.0,150,0.6933333333333334,0.30666666666666664,0.0,0,0.0,86,0,0.0,0.43023255813953487,0.10465116279069768,0.46511627906976744,0.0
C:\Users\hello\GitHubRepos\MA-NormEmergence\saved_runs\exp2\qwen3_8b\cooperative\self_interested\seed_10,10,2,2,Qwen/Qwen3-8B,cooperative,self_interested,75,4,1.0,186.66666666666686,46.666666666666714,5.833333333333315,0.40625000000000017,71.0,11.0,0.18661971830985916,68.0,23.333333333333304,11.666666666666652,11.5,2.0,1.0,163.33333333333354,81.66666666666677,24.0,2,1.0,-70.00000000000011,0.0,150,0.38666666666666666,0.15333333333333332,0.4533333333333333,68,0.006666666666666667,150,0.68,0.32,0.0,0,0.0,150,0,0.0,0.38666666666666666,0.15333333333333332,0.4533333333333333,0.006666666666666667
C:\Users\hello\GitHubRepos\MA-NormEmergence\saved_runs\exp2\qwen3_8b\cooperative\self_interested\seed_2,2,2,2,Qwen/Qwen3-8B,cooperative,self_interested,75,4,1.0,122.49999999999989,30.62499999999997,11.666666666666648,0.34523809523809534,58.0,11.0,0.12931034482758622,81.0,23.333333333333304,11.666666666666652,11.0,2.0,1.0,99.1666666666666,49.5833333333333,18.0,2,1.0,-37.91666666666665,0.0,150,0.3,0.14666666666666667,0.54,81,0.013333333333333334,150,0.76,0.24,0.0,0,0.0,150,2,0.013333333333333334,0.3,0.14666666666666667,0.54,0.013333333333333334
C:\Users\hello\GitHubRepos\MA-NormEmergence\saved_runs\exp2\qwen3_8b\cooperative\self_interested\seed_3,3,2,2,Qwen/Qwen3-8B,cooperative,self_interested,75,4,1.0,175.0000000000001,43.75000000000003,5.833333333333312,0.41666666666666713,68.0,11.0,0.18382352941176472,89.0,17.49999999999994,8.74999999999997,11.0,2.0,1.0,157.50000000000017,78.75000000000009,23.0,2,1.0,-70.00000000000011,0.0,150,0.25333333333333335,0.14666666666666667,0.5933333333333334,89,0.006666666666666667,150,0.6933333333333334,0.30666666666666664,0.0,0,0.0,150,1,0.006666666666666667,0.25333333333333335,0.14666666666666667,0.5933333333333334,0.006666666666666667
C:\Users\hello\GitHubRepos\MA-NormEmergence\saved_runs\exp2\qwen3_8b\cooperative\self_interested\seed_4,4,2,2,Qwen/Qwen3-8B,cooperative,self_interested,75,4,1.0,204.16666666666677,51.04166666666669,5.833333333333301,0.4214285714285719,73.0,11.0,0.20205479452054795,93.0,17.49999999999993,8.749999999999964,11.0,2.0,1.0,186.66666666666686,93.33333333333343,25.5,2,1.0,-84.58333333333346,0.0,150,0.22666666666666666,0.14666666666666667,0.62,93,0.006666666666666667,150,0.66,0.34,0.0,0,0.0,150,0,0.0,0.22666666666666666,0.14666666666666667,0.62,0.006666666666666667
C:\Users\hello\GitHubRepos\MA-NormEmergence\saved_runs\exp2\qwen3_8b\cooperative\self_interested\seed_5,5,2,2,Qwen/Qwen3-8B,cooperative,self_interested,75,4,1.0,163.33333333333343,40.83333333333336,5.833333333333301,0.4285714285714291,68.0,11.0,0.17647058823529413,82.0,11.66666666666661,5.833333333333305,11.0,2.0,1.0,151.6666666666668,75.8333333333334,23.0,2,1.0,-70.0000000000001,0.0,150,0.29333333333333333,0.14666666666666667,0.5466666666666666,82,0.013333333333333334,150,0.6933333333333334,0.30666666666666664,0.0,0,0.0,150,2,0.013333333333333334,0.29333333333333333,0.14666666666666667,0.5466666666666666,0.013333333333333334
C:\Users\hello\GitHubRepos\MA-NormEmergence\saved_runs\exp2\qwen3_8b\cooperative\self_interested\seed_6,6,2,2,Qwen/Qwen3-8B,cooperative,self_interested,75,3,0.75,163.33333333333343,40.83333333333336,0.0,0.4642857142857147,63.0,5.0,0.26587301587301587,43.0,17.499999999999968,8.749999999999984,9.0,1.0,0.5,145.83333333333343,72.91666666666671,22.5,2,1.0,-64.16666666666673,-0.5,121,0.48760330578512395,0.1487603305785124,0.35537190082644626,43,0.008264462809917356,150,0.7,0.3,0.0,0,0.0,121,3,0.024793388429752067,0.48760330578512395,0.1487603305785124,0.35537190082644626,0.008264462809917356
C:\Users\hello\GitHubRepos\MA-NormEmergence\saved_runs\exp2\qwen3_8b\cooperative\self_interested\seed_7,7,2,2,Qwen/Qwen3-8B,cooperative,self_interested,75,4,1.0,227.50000000000028,56.87500000000007,5.833333333333312,0.41666666666666713,77.0,11.0,0.21753246753246752,85.0,23.333333333333275,11.666666666666638,11.0,2.0,1.0,204.16666666666703,102.08333333333351,27.5,2,1.0,-90.41666666666687,0.0,150,0.28,0.14666666666666667,0.5666666666666667,85,0.006666666666666667,150,0.6333333333333333,0.36666666666666664,0.0,0,0.0,150,1,0.006666666666666667,0.28,0.14666666666666667,0.5666666666666667,0.006666666666666667
C:\Users\hello\GitHubRepos\MA-NormEmergence\saved_runs\exp2\qwen3_8b\cooperative\self_interested\seed_8,8,2,2,Qwen/Qwen3-8B,cooperative,self_interested,75,2,0.5,151.66666666666669,37.91666666666667,0.0,0.5192307692307694,57.0,6.0,0.2850877192982456,60.0,0.0,0.0,6.5,0.0,0.0,151.66666666666669,75.83333333333334,22.0,2,1.0,-75.83333333333334,-1.0,110,0.32727272727272727,0.11818181818181818,0.5454545454545454,60,0.00909090909090909,150,0.7066666666666667,0.29333333333333333,0.0,0,0.0,110,0,0.0,0.32727272727272727,0.11818181818181818,0.5454545454545454,0.00909090909090909
C:\Users\hello\GitHubRepos\MA-NormEmergence\saved_runs\exp2\qwen3_8b\cooperative\self_interested\seed_9,9,2,2,Qwen/Qwen3-8B,cooperative,self_interested,75,3,0.75,99.16666666666657,24.791666666666643,0.0,0.42647058823529416,52.0,5.0,0.21153846153846154,43.0,11.666666666666648,5.833333333333324,8.5,1.0,0.5,87.49999999999991,43.74999999999996,17.5,2,1.0,-37.916666666666636,-0.5,121,0.48760330578512395,0.14049586776859505,0.35537190082644626,43,0.01652892561983471,150,0.7666666666666667,0.23333333333333334,0.0,0,0.0,121,1,0.008264462809917356,0.48760330578512395,0.14049586776859505,0.35537190082644626,0.01652892561983471
C:\Users\hello\GitHubRepos\MA-NormEmergence\saved_runs\exp2\qwen3_8b\self_interested\altruistic\seed_1,1,2,2,Qwen/Qwen3-8B,self_interested,altruistic,75,4,1.0,175.00000000000028,43.75000000000007,5.833333333333327,0.43333333333333357,70.0,11.0,0.18571428571428572,80.0,163.33333333333366,81.66666666666683,24.0,2.0,1.0,11.666666666666654,5.833333333333327,11.0,2,1.0,75.8333333333335,0.0,150,0.68,0.32,0.0,0,0.0,150,0.32,0.14666666666666667,0.5333333333333333,80,0.0,150,2,0.013333333333333334,0.68,0.32,0.0,0.0
C:\Users\hello\GitHubRepos\MA-NormEmergence\saved_runs\exp2\qwen3_8b\self_interested\altruistic\seed_10,10,2,2,Qwen/Qwen3-8B,self_interested,altruistic,75,3,0.75,140.00000000000003,35.00000000000001,0.0,0.5000000000000003,62.0,8.0,0.21774193548387097,60.0,134.1666666666667,67.08333333333336,21.5,2.0,1.0,5.833333333333327,2.9166666666666634,9.5,1,0.5,64.1666666666667,0.5,150,0.7066666666666667,0.2866666666666667,0.006666666666666667,1,0.0,139,0.43884892086330934,0.1366906474820144,0.4244604316546763,59,0.0,150,2,0.013333333333333334,0.7066666666666667,0.2866666666666667,0.006666666666666667,0.0
C:\Users\hello\GitHubRepos\MA-NormEmergence\saved_runs\exp2\qwen3_8b\self_interested\altruistic\seed_2,2,2,2,Qwen/Qwen3-8B,self_interested,altruistic,75,3,0.75,81.66666666666659,20.416666666666647,0.0,0.5357142857142858,50.0,6.0,0.21,56.0,75.83333333333326,37.91666666666663,16.5,2.0,1.0,5.833333333333327,2.9166666666666634,8.5,1,0.5,34.999999999999964,0.5,150,0.78,0.22,0.0,0,0.0,127,0.4251968503937008,0.13385826771653545,0.4409448818897638,56,0.0,150,0,0.0,0.78,0.22,0.0,0.0
C:\Users\hello\GitHubRepos\MA-NormEmergence\saved_runs\exp2\qwen3_8b\self_interested\altruistic\seed_3,3,2,2,Qwen/Qwen3-8B,self_interested,altruistic,75,2,0.5,104.99999999999999,26.249999999999996,0.0,0.5277777777777779,55.0,7.0,0.21363636363636362,48.0,104.99999999999999,52.49999999999999,19.0,2.0,1.0,0.0,0.0,8.5,0,0.0,52.49999999999999,1.0,150,0.74,0.25333333333333335,0.0,0,0.006666666666666667,133,0.5112781954887218,0.12781954887218044,0.3609022556390977,48,0.0,150,0,0.0,0.74,0.25333333333333335,0.0,0.006666666666666667
C:\Users\hello\GitHubRepos\MA-NormEmergence\saved_runs\exp2\qwen3_8b\self_interested\altruistic\seed_4,4,2,2,Qwen/Qwen3-8B,self_interested,altruistic,75,4,1.0,169.16666666666663,42.29166666666666,5.833333333333327,0.4051724137931036,66.0,11.0,0.16666666666666666,96.0,151.66666666666666,75.83333333333333,22.0,2.0,1.0,17.499999999999986,8.749999999999993,11.0,2,1.0,67.08333333333334,0.0,150,0.7066666666666667,0.29333333333333333,0.0,0,0.0,150,0.21333333333333335,0.14666666666666667,0.64,96,0.0,150,0,0.0,0.7066666666666667,0.29333333333333333,0.0,0.0
C:\Users\hello\GitHubRepos\MA-NormEmergence\saved_runs\exp2\qwen3_8b\self_interested\altruistic\seed_5,5,2,2,Qwen/Qwen3-8B,self_interested,altruistic,75,3,0.75,134.16666666666663,33.54166666666666,0.0,0.46739130434782616,63.0,10.0,0.17063492063492064,72.0,128.33333333333331,64.16666666666666,21.0,2.0,1.0,5.833333333333327,2.9166666666666634,10.5,1,0.5,61.24999999999999,0.5,150,0.72,0.28,0.0,0,0.0,150,0.38,0.14,0.48,72,0.0,150,1,0.006666666666666667,0.72,0.28,0.0,0.0
C:\Users\hello\GitHubRepos\MA-NormEmergence\saved_runs\exp2\qwen3_8b\self_interested\altruistic\seed_6,6,2,2,Qwen/Qwen3-8B,self_interested,altruistic,75,4,1.0,169.16666666666683,42.29166666666671,5.833333333333327,0.40517241379310387,68.0,11.0,0.17647058823529413,70.0,151.66666666666686,75.83333333333343,23.0,2.0,1.0,17.499999999999986,8.749999999999993,11.0,2,1.0,67.08333333333343,0.0,150,0.6933333333333334,0.30666666666666664,0.0,0,0.0,150,0.38666666666666666,0.14666666666666667,0.4666666666666667,70,0.0,150,1,0.006666666666666667,0.6933333333333334,0.30666666666666664,0.0,0.0
C:\Users\hello\GitHubRepos\MA-NormEmergence\saved_runs\exp2\qwen3_8b\self_interested\altruistic\seed_7,7,2,2,Qwen/Qwen3-8B,self_interested,altruistic,75,2,0.5,122.49999999999997,30.624999999999993,0.0,0.511904761904762,57.0,7.0,0.2324561403508772,55.0,122.49999999999997,61.249999999999986,20.5,2.0,1.0,0.0,0.0,8.0,0,0.0,61.249999999999986,1.0,150,0.7266666666666667,0.2733333333333333,0.0,0,0.0,128,0.4453125,0.125,0.4296875,55,0.0,150,1,0.006666666666666667,0.7266666666666667,0.2733333333333333,0.0,0.0
C:\Users\hello\GitHubRepos\MA-NormEmergence\saved_runs\exp2\qwen3_8b\self_interested\altruistic\seed_8,8,2,2,Qwen/Qwen3-8B,self_interested,altruistic,75,3,0.75,157.50000000000017,39.37500000000004,0.0,0.490740740740741,63.0,8.0,0.21825396825396826,69.0,151.66666666666686,75.83333333333343,22.0,2.0,1.0,5.833333333333327,2.9166666666666634,9.5,1,0.5,72.91666666666677,0.5,150,0.7,0.29333333333333333,0.0,0,0.006666666666666667,139,0.3669064748201439,0.1366906474820144,0.49640287769784175,69,0.0,150,0,0.0,0.7,0.29333333333333333,0.0,0.006666666666666667
C:\Users\hello\GitHubRepos\MA-NormEmergence\saved_runs\exp2\qwen3_8b\self_interested\altruistic\seed_9,9,2,2,Qwen/Qwen3-8B,self_interested,altruistic,75,4,1.0,180.83333333333363,45.20833333333341,5.833333333333327,0.4435483870967744,70.0,11.0,0.2,78.0,163.33333333333366,81.66666666666683,24.0,2.0,1.0,17.499999999999986,8.749999999999993,11.0,2,1.0,72.91666666666683,0.0,150,0.68,0.32,0.0,0,0.0,150,0.3333333333333333,0.14666666666666667,0.52,78,0.0,150,0,0.0,0.68,0.32,0.0,0.0
C:\Users\hello\GitHubRepos\MA-NormEmergence\saved_runs\exp2\qwen3_8b\self_interested\cooperative\seed_1,1,2,2,Qwen/Qwen3-8B,self_interested,cooperative,75,4,1.0,139.99999999999994,34.999999999999986,5.833333333333327,0.4375000000000001,63.0,11.0,0.17063492063492064,75.0,122.49999999999996,61.24999999999998,20.5,2.0,1.0,17.499999999999986,8.749999999999993,11.0,2,1.0,52.499999999999986,0.0,150,0.7266666666666667,0.2733333333333333,0.0,0,0.0,150,0.35333333333333333,0.14666666666666667,0.5,75,0.0,150,1,0.006666666666666667,0.7266666666666667,0.2733333333333333,0.0,0.0
C:\Users\hello\GitHubRepos\MA-NormEmergence\saved_runs\exp2\qwen3_8b\self_interested\cooperative\seed_10,10,2,2,Qwen/Qwen3-8B,self_interested,cooperative,75,4,1.0,151.6666666666667,37.91666666666668,5.833333333333327,0.42307692307692346,66.0,11.0,0.16666666666666666,65.0,140.00000000000009,70.00000000000004,22.0,2.0,1.0,11.666666666666654,5.833333333333327,11.0,2,1.0,64.16666666666671,0.0,150,0.7,0.29333333333333333,0.0,0,0.006666666666666667,150,0.42,0.14666666666666667,0.43333333333333335,65,0.0,150,0,0.0,0.7,0.29333333333333333,0.0,0.006666666666666667
C:\Users\hello\GitHubRepos\MA-NormEmergence\saved_runs\exp2\qwen3_8b\self_interested\cooperative\seed_2,2,2,2,Qwen/Qwen3-8B,self_interested,cooperative,75,2,0.5,87.49999999999991,21.87499999999998,0.0,0.5166666666666667,54.0,9.0,0.1574074074074074,69.0,87.49999999999991,43.74999999999996,17.5,2.0,1.0,0.0,0.0,9.5,0,0.0,43.74999999999996,1.0,150,0.7666666666666667,0.23333333333333334,0.0,0,0.0,145,0.3931034482758621,0.1310344827586207,0.47586206896551725,69,0.0,150,0,0.0,0.7666666666666667,0.23333333333333334,0.0,0.0
C:\Users\hello\GitHubRepos\MA-NormEmergence\saved_runs\exp2\qwen3_8b\self_interested\cooperative\seed_3,3,2,2,Qwen/Qwen3-8B,self_interested,cooperative,75,3,0.75,163.33333333333343,40.83333333333336,0.0,0.5178571428571431,67.0,9.0,0.22761194029850745,66.0,157.5000000000001,78.75000000000006,23.5,2.0,1.0,5.833333333333327,2.9166666666666634,10.0,1,0.5,75.8333333333334,0.5,150,0.68,0.31333333333333335,0.0,0,0.006666666666666667,145,0.4068965517241379,0.13793103448275862,0.45517241379310347,66,0.0,150,2,0.013333333333333334,0.68,0.31333333333333335,0.0,0.006666666666666667
C:\Users\hello\GitHubRepos\MA-NormEmergence\saved_runs\exp2\qwen3_8b\self_interested\cooperative\seed_4,4,2,2,Qwen/Qwen3-8B,self_interested,cooperative,75,3,0.75,116.66666666666659,29.166666666666647,0.0,0.5000000000000001,54.0,6.0,0.23148148148148148,43.0,104.99999999999993,52.499999999999964,18.5,2.0,1.0,11.66666666666666,5.83333333333333,8.5,1,0.5,46.666666666666636,0.5,150,0.7533333333333333,0.24666666666666667,0.0,0,0.0,127,0.5275590551181102,0.13385826771653545,0.33858267716535434,43,0.0,150,0,0.0,0.7533333333333333,0.24666666666666667,0.0,0.0
C:\Users\hello\GitHubRepos\MA-NormEmergence\saved_runs\exp2\qwen3_8b\self_interested\cooperative\seed_5,5,2,2,Qwen/Qwen3-8B,self_interested,cooperative,75,2,0.5,104.99999999999997,26.249999999999993,0.0,0.6111111111111113,52.0,6.0,0.25961538461538464,45.0,104.99999999999997,52.499999999999986,18.5,2.0,1.0,0.0,0.0,7.5,0,0.0,52.499999999999986,1.0,150,0.7533333333333333,0.24666666666666667,0.0,0,0.0,122,0.5081967213114754,0.12295081967213115,0.36885245901639346,45,0.0,150,2,0.013333333333333334,0.7533333333333333,0.24666666666666667,0.0,0.0
C:\Users\hello\GitHubRepos\MA-NormEmergence\saved_runs\exp2\qwen3_8b\self_interested\cooperative\seed_6,6,2,2,Qwen/Qwen3-8B,self_interested,cooperative,75,4,1.0,198.33333333333348,49.58333333333337,5.833333333333327,0.44117647058823545,73.0,11.0,0.20205479452054795,50.0,186.66666666666686,93.33333333333343,25.5,2.0,1.0,11.666666666666654,5.833333333333327,11.0,2,1.0,87.5000000000001,0.0,150,0.6533333333333333,0.34,0.0,0,0.006666666666666667,150,0.52,0.14666666666666667,0.3333333333333333,50,0.0,150,0,0.0,0.6533333333333333,0.34,0.0,0.006666666666666667
C:\Users\hello\GitHubRepos\MA-NormEmergence\saved_runs\exp2\qwen3_8b\self_interested\cooperative\seed_7,7,2,2,Qwen/Qwen3-8B,self_interested,cooperative,75,4,1.0,192.50000000000017,48.12500000000004,11.66666666666666,0.34090909090909133,69.0,11.0,0.18478260869565216,73.0,157.5000000000002,78.7500000000001,23.5,2.0,1.0,34.999999999999986,17.499999999999993,11.0,2,1.0,61.25000000000011,0.0,150,0.6866666666666666,0.31333333333333335,0.0,0,0.0,150,0.36666666666666664,0.14666666666666667,0.4866666666666667,73,0.0,150,1,0.006666666666666667,0.6866666666666666,0.31333333333333335,0.0,0.0
C:\Users\hello\GitHubRepos\MA-NormEmergence\saved_runs\exp2\qwen3_8b\self_interested\cooperative\seed_8,8,2,2,Qwen/Qwen3-8B,self_interested,cooperative,75,4,1.0,145.8333333333334,36.45833333333335,5.833333333333327,0.49000000000000044,65.0,11.0,0.18846153846153846,83.0,134.16666666666677,67.08333333333339,21.5,2.0,1.0,11.666666666666654,5.833333333333327,11.0,2,1.0,61.25000000000006,0.0,150,0.7133333333333334,0.2866666666666667,0.0,0,0.0,150,0.3,0.14666666666666667,0.5533333333333333,83,0.0,150,0,0.0,0.7133333333333334,0.2866666666666667,0.0,0.0
C:\Users\hello\GitHubRepos\MA-NormEmergence\saved_runs\exp2\qwen3_8b\self_interested\cooperative\seed_9,9,2,2,Qwen/Qwen3-8B,self_interested,cooperative,75,3,0.75,145.8333333333335,36.45833333333338,0.0,0.47000000000000014,64.0,9.0,0.1953125,60.0,140.0000000000002,70.0000000000001,22.0,2.0,1.0,5.833333333333327,2.9166666666666634,10.0,1,0.5,67.08333333333344,0.5,150,0.7066666666666667,0.29333333333333333,0.0,0,0.0,145,0.4482758620689655,0.13793103448275862,0.41379310344827586,60,0.0,150,1,0.006666666666666667,0.7066666666666667,0.29333333333333333,0.0,0.0
C:\Users\hello\GitHubRepos\MA-NormEmergence\saved_runs\exp2\qwen3_8b\self_interested\self_interested\seed_1,1,2,2,Qwen/Qwen3-8B,self_interested,self_interested,75,4,1.0,134.1666666666665,33.54166666666662,29.16666666666662,0.03260869565217397,61.0,15.0,0.012295081967213115,0.0,64.16666666666657,32.083333333333286,15.0,2.0,1.0,69.99999999999991,34.99999999999996,15.5,2,1.0,-2.9166666666666714,0.0,150,0.8,0.2,0.0,0,0.0,150,0.7933333333333333,0.20666666666666667,0.0,0,0.0,150,0,0.0,0.8,0.2,0.0,0.0
C:\Users\hello\GitHubRepos\MA-NormEmergence\saved_runs\exp2\qwen3_8b\self_interested\self_interested\seed_10,10,2,2,Qwen/Qwen3-8B,self_interested,self_interested,75,4,1.0,93.33333333333316,23.33333333333329,17.499999999999954,0.09375000000000018,56.0,13.0,0.026785714285714284,0.0,52.499999999999915,26.249999999999957,14.5,2.0,1.0,40.83333333333324,20.41666666666662,13.5,2,1.0,5.833333333333336,0.0,150,0.8066666666666666,0.19333333333333333,0.0,0,0.0,150,0.82,0.18,0.0,0,0.0,150,1,0.006666666666666667,0.8066666666666666,0.19333333333333333,0.0,0.0
C:\Users\hello\GitHubRepos\MA-NormEmergence\saved_runs\exp2\qwen3_8b\self_interested\self_interested\seed_2,2,2,2,Qwen/Qwen3-8B,self_interested,self_interested,75,4,1.0,180.83333333333317,45.20833333333329,29.16666666666662,0.15322580645161307,70.0,15.0,0.07142857142857142,0.0,104.99999999999991,52.49999999999996,18.5,2.0,1.0,75.83333333333326,37.91666666666663,16.5,2,1.0,14.583333333333329,0.0,150,0.7533333333333333,0.24666666666666667,0.0,0,0.0,150,0.78,0.22,0.0,0,0.0,150,1,0.006666666666666667,0.7533333333333333,0.24666666666666667,0.0,0.0
C:\Users\hello\GitHubRepos\MA-NormEmergence\saved_runs\exp2\qwen3_8b\self_interested\self_interested\seed_3,3,2,2,Qwen/Qwen3-8B,self_interested,self_interested,75,4,1.0,233.33333333333366,58.333333333333414,46.66666666666663,0.08750000000000065,80.0,18.0,0.04375,0.0,99.16666666666669,49.58333333333334,18.5,2.0,1.0,134.16666666666697,67.08333333333348,21.5,2,1.0,-17.500000000000142,0.0,150,0.7533333333333333,0.24666666666666667,0.0,0,0.0,150,0.7133333333333334,0.2866666666666667,0.0,0,0.0,150,0,0.0,0.7533333333333333,0.24666666666666667,0.0,0.0
C:\Users\hello\GitHubRepos\MA-NormEmergence\saved_runs\exp2\qwen3_8b\self_interested\self_interested\seed_4,4,2,2,Qwen/Qwen3-8B,self_interested,self_interested,75,4,1.0,169.16666666666652,42.29166666666663,34.99999999999996,0.11206896551724153,69.0,16.0,0.04710144927536232,0.0,93.33333333333326,46.66666666666663,18.0,2.0,1.0,75.83333333333326,37.91666666666663,16.5,2,1.0,8.75,0.0,150,0.76,0.24,0.0,0,0.0,150,0.78,0.22,0.0,0,0.0,150,1,0.006666666666666667,0.76,0.24,0.0,0.0
C:\Users\hello\GitHubRepos\MA-NormEmergence\saved_runs\exp2\qwen3_8b\self_interested\self_interested\seed_5,5,2,2,Qwen/Qwen3-8B,self_interested,self_interested,75,4,1.0,250.83333333333334,62.708333333333336,52.499999999999964,0.11046511627907026,83.0,19.0,0.0572289156626506,0.0,140.00000000000009,70.00000000000004,22.0,2.0,1.0,110.83333333333326,55.41666666666663,19.5,2,1.0,14.583333333333414,0.0,150,0.7066666666666667,0.29333333333333333,0.0,0,0.0,150,0.74,0.26,0.0,0,0.0,150,1,0.006666666666666667,0.7066666666666667,0.29333333333333333,0.0,0.0
C:\Users\hello\GitHubRepos\MA-NormEmergence\saved_runs\exp2\qwen3_8b\self_interested\self_interested\seed_6,6,2,2,Qwen/Qwen3-8B,self_interested,self_interested,75,4,1.0,145.83333333333317,36.45833333333329,11.666666666666618,0.2700000000000004,64.0,12.0,0.09375,0.0,69.99999999999991,34.99999999999996,15.5,2.0,1.0,75.83333333333326,37.91666666666663,16.5,2,1.0,-2.9166666666666714,0.0,150,0.7933333333333333,0.20666666666666667,0.0,0,0.0,150,0.78,0.22,0.0,0,0.0,150,2,0.013333333333333334,0.7933333333333333,0.20666666666666667,0.0,0.0
C:\Users\hello\GitHubRepos\MA-NormEmergence\saved_runs\exp2\qwen3_8b\self_interested\self_interested\seed_7,7,2,2,Qwen/Qwen3-8B,self_interested,self_interested,75,4,1.0,245.00000000000003,61.25000000000001,40.83333333333329,0.15476190476190532,81.0,17.0,0.07716049382716049,0.0,128.33333333333343,64.16666666666671,21.0,2.0,1.0,116.6666666666666,58.3333333333333,19.5,2,1.0,5.833333333333414,0.0,150,0.7133333333333334,0.28,0.0,0,0.006666666666666667,150,0.74,0.26,0.0,0,0.0,150,0,0.0,0.7133333333333334,0.28,0.0,0.006666666666666667
C:\Users\hello\GitHubRepos\MA-NormEmergence\saved_runs\exp2\qwen3_8b\self_interested\self_interested\seed_8,8,2,2,Qwen/Qwen3-8B,self_interested,self_interested,75,4,1.0,163.3333333333332,40.8333333333333,17.499999999999954,0.19642857142857173,68.0,13.0,0.08088235294117647,0.0,58.33333333333324,29.16666666666662,15.0,2.0,1.0,104.99999999999994,52.49999999999997,19.0,2,1.0,-23.33333333333335,0.0,150,0.8,0.2,0.0,0,0.0,150,0.7466666666666667,0.25333333333333335,0.0,0,0.0,150,1,0.006666666666666667,0.8,0.2,0.0,0.0
C:\Users\hello\GitHubRepos\MA-NormEmergence\saved_runs\exp2\qwen3_8b\self_interested\self_interested\seed_9,9,2,2,Qwen/Qwen3-8B,self_interested,self_interested,75,4,1.0,244.99999999999991,61.24999999999998,40.83333333333329,0.14285714285714307,81.0,17.0,0.07098765432098765,1.0,134.16666666666666,67.08333333333333,21.5,2.0,1.0,110.83333333333326,55.41666666666663,19.0,2,1.0,11.6666666666667,0.0,150,0.7066666666666667,0.2866666666666667,0.006666666666666667,1,0.0,150,0.7466666666666667,0.25333333333333335,0.0,0,0.0,150,1,0.006666666666666667,0.7066666666666667,0.2866666666666667,0.006666666666666667,0.0
C:\Users\hello\GitHubRepos\MA-NormEmergence\saved_runs\exp2\qwen3_8b\unframed\altruistic\seed_1,1,2,2,Qwen/Qwen3-8B,unframed,altruistic,75,4,1.0,180.83333333333346,45.208333333333364,5.833333333333327,0.42741935483870996,69.0,11.0,0.18478260869565216,94.0,163.33333333333348,81.66666666666674,23.5,2.0,1.0,17.499999999999986,8.749999999999993,11.0,2,1.0,72.91666666666674,0.0,150,0.6733333333333333,0.31333333333333335,0.006666666666666667,1,0.006666666666666667,150,0.23333333333333334,0.14666666666666667,0.62,93,0.0,150,2,0.013333333333333334,0.6733333333333333,0.31333333333333335,0.006666666666666667,0.006666666666666667
C:\Users\hello\GitHubRepos\MA-NormEmergence\saved_runs\exp2\qwen3_8b\unframed\altruistic\seed_10,10,2,2,Qwen/Qwen3-8B,unframed,altruistic,75,2,0.5,134.16666666666669,33.54166666666667,0.0,0.5108695652173916,62.0,10.0,0.18548387096774194,72.0,134.16666666666669,67.08333333333334,21.0,2.0,1.0,0.0,0.0,10.0,0,0.0,67.08333333333334,1.0,150,0.7133333333333334,0.28,0.006666666666666667,1,0.0,150,0.3933333333333333,0.13333333333333333,0.47333333333333333,71,0.0,150,5,0.03333333333333333,0.7133333333333334,0.28,0.006666666666666667,0.0
C:\Users\hello\GitHubRepos\MA-NormEmergence\saved_runs\exp2\qwen3_8b\unframed\altruistic\seed_2,2,2,2,Qwen/Qwen3-8B,unframed,altruistic,75,3,0.75,104.99999999999993,26.249999999999982,0.0,0.4722222222222222,56.0,9.0,0.15178571428571427,43.0,99.1666666666666,49.5833333333333,18.0,2.0,1.0,5.833333333333327,2.9166666666666634,10.0,1,0.5,46.666666666666636,0.5,150,0.7333333333333333,0.24,0.006666666666666667,1,0.02,145,0.5724137931034483,0.13793103448275862,0.2896551724137931,42,0.0,150,3,0.02,0.7333333333333333,0.24,0.006666666666666667,0.02
C:\Users\hello\GitHubRepos\MA-NormEmergence\saved_runs\exp2\qwen3_8b\unframed\altruistic\seed_3,3,2,2,Qwen/Qwen3-8B,unframed,altruistic,75,3,0.75,134.1666666666666,33.54166666666665,0.0,0.4456521739130435,59.0,9.0,0.17372881355932204,55.0,122.49999999999994,61.24999999999997,19.5,2.0,1.0,11.66666666666666,5.83333333333333,10.0,1,0.5,55.41666666666664,0.5,150,0.72,0.26,0.013333333333333334,2,0.006666666666666667,145,0.496551724137931,0.13793103448275862,0.36551724137931035,53,0.0,150,2,0.013333333333333334,0.72,0.26,0.013333333333333334,0.006666666666666667
C:\Users\hello\GitHubRepos\MA-NormEmergence\saved_runs\exp2\qwen3_8b\unframed\altruistic\seed_4,4,2,2,Qwen/Qwen3-8B,unframed,altruistic,75,4,1.0,210.00000000000009,52.50000000000002,5.833333333333327,0.5000000000000003,75.0,11.0,0.24333333333333335,84.0,192.5000000000001,96.25000000000006,26.5,2.0,1.0,17.499999999999986,8.749999999999993,11.0,2,1.0,87.50000000000006,0.0,150,0.6466666666666666,0.35333333333333333,0.0,0,0.0,150,0.29333333333333333,0.14666666666666667,0.56,84,0.0,150,2,0.013333333333333334,0.6466666666666666,0.35333333333333333,0.0,0.0
C:\Users\hello\GitHubRepos\MA-NormEmergence\saved_runs\exp2\qwen3_8b\unframed\altruistic\seed_5,5,2,2,Qwen/Qwen3-8B,unframed,altruistic,75,3,0.75,163.3333333333335,40.83333333333338,0.0,0.4642857142857145,63.0,6.0,0.25793650793650796,59.0,151.66666666666686,75.83333333333343,23.0,2.0,1.0,11.66666666666666,5.83333333333333,8.5,1,0.5,70.0000000000001,0.5,150,0.6866666666666666,0.30666666666666664,0.006666666666666667,1,0.0,127,0.4094488188976378,0.13385826771653545,0.4566929133858268,58,0.0,150,6,0.04,0.6866666666666666,0.30666666666666664,0.006666666666666667,0.0
C:\Users\hello\GitHubRepos\MA-NormEmergence\saved_runs\exp2\qwen3_8b\unframed\altruistic\seed_6,6,2,2,Qwen/Qwen3-8B,unframed,altruistic,75,2,0.5,128.33333333333337,32.08333333333334,0.0,0.5227272727272728,60.0,9.0,0.20833333333333334,65.0,128.33333333333337,64.16666666666669,21.0,2.0,1.0,0.0,0.0,9.0,0,0.0,64.16666666666669,1.0,150,0.7133333333333334,0.28,0.006666666666666667,1,0.0,140,0.4142857142857143,0.12857142857142856,0.45714285714285713,64,0.0,150,2,0.013333333333333334,0.7133333333333334,0.28,0.006666666666666667,0.0
C:\Users\hello\GitHubRepos\MA-NormEmergence\saved_runs\exp2\qwen3_8b\unframed\altruistic\seed_7,7,2,2,Qwen/Qwen3-8B,unframed,altruistic,75,2,0.5,151.6666666666669,37.91666666666673,0.0,0.5192307692307692,58.0,4.0,0.31896551724137934,54.0,151.6666666666669,75.83333333333346,23.0,2.0,1.0,0.0,0.0,6.0,0,0.0,75.83333333333346,1.0,150,0.68,0.30666666666666664,0.006666666666666667,1,0.006666666666666667,104,0.375,0.11538461538461539,0.5096153846153846,53,0.0,150,3,0.02,0.68,0.30666666666666664,0.006666666666666667,0.006666666666666667
C:\Users\hello\GitHubRepos\MA-NormEmergence\saved_runs\exp2\qwen3_8b\unframed\altruistic\seed_8,8,2,2,Qwen/Qwen3-8B,unframed,altruistic,75,3,0.75,122.49999999999993,30.624999999999982,0.0,0.4642857142857143,60.0,10.0,0.15833333333333333,65.0,116.6666666666666,58.3333333333333,19.5,2.0,1.0,5.833333333333327,2.9166666666666634,10.5,1,0.5,55.416666666666636,0.5,150,0.7333333333333333,0.26,0.006666666666666667,1,0.0,150,0.43333333333333335,0.14,0.4266666666666667,64,0.0,150,4,0.02666666666666667,0.7333333333333333,0.26,0.006666666666666667,0.0
C:\Users\hello\GitHubRepos\MA-NormEmergence\saved_runs\exp2\qwen3_8b\unframed\altruistic\seed_9,9,2,2,Qwen/Qwen3-8B,unframed,altruistic,75,4,1.0,134.16666666666657,33.54166666666664,5.833333333333327,0.4456521739130436,62.0,11.0,0.16129032258064516,66.0,122.49999999999994,61.24999999999997,20.0,2.0,1.0,11.666666666666654,5.833333333333327,11.0,2,1.0,55.41666666666664,0.0,150,0.7066666666666667,0.26666666666666666,0.02666666666666667,4,0.0,150,0.44,0.14666666666666667,0.41333333333333333,62,0.0,150,1,0.006666666666666667,0.7066666666666667,0.26666666666666666,0.02666666666666667,0.0
C:\Users\hello\GitHubRepos\MA-NormEmergence\saved_runs\exp2\qwen3_8b\unframed\cooperative\seed_1,1,2,2,Qwen/Qwen3-8B,unframed,cooperative,75,4,1.0,163.33333333333348,40.83333333333337,5.833333333333323,0.4464285714285719,67.0,11.0,0.17537313432835822,67.0,151.66666666666686,75.83333333333343,22.5,2.0,1.0,11.66666666666665,5.833333333333325,11.0,2,1.0,70.0000000000001,0.0,150,0.7,0.3,0.0,0,0.0,150,0.4066666666666667,0.14666666666666667,0.44666666666666666,67,0.0,150,3,0.02,0.7,0.3,0.0,0.0
C:\Users\hello\GitHubRepos\MA-NormEmergence\saved_runs\exp2\qwen3_8b\unframed\cooperative\seed_10,10,2,2,Qwen/Qwen3-8B,unframed,cooperative,75,4,1.0,180.83333333333348,45.20833333333337,17.499999999999993,0.26612903225806495,65.0,11.0,0.16538461538461538,78.0,134.16666666666683,67.08333333333341,21.5,2.0,1.0,46.66666666666666,23.33333333333333,11.0,2,1.0,43.750000000000085,0.0,150,0.7133333333333334,0.2866666666666667,0.0,0,0.0,150,0.3333333333333333,0.14666666666666667,0.52,78,0.0,150,1,0.006666666666666667,0.7133333333333334,0.2866666666666667,0.0,0.0
C:\Users\hello\GitHubRepos\MA-NormEmergence\saved_runs\exp2\qwen3_8b\unframed\cooperative\seed_2,2,2,2,Qwen/Qwen3-8B,unframed,cooperative,75,3,0.75,116.66666666666659,29.166666666666647,0.0,0.4750000000000001,59.0,9.0,0.17372881355932204,62.0,110.83333333333326,55.41666666666663,19.5,2.0,1.0,5.833333333333327,2.9166666666666634,10.0,1,0.5,52.499999999999964,0.5,150,0.7333333333333333,0.26,0.006666666666666667,1,0.0,145,0.4413793103448276,0.13793103448275862,0.4206896551724138,61,0.0,150,1,0.006666666666666667,0.7333333333333333,0.26,0.006666666666666667,0.0
C:\Users\hello\GitHubRepos\MA-NormEmergence\saved_runs\exp2\qwen3_8b\unframed\cooperative\seed_3,3,2,2,Qwen/Qwen3-8B,unframed,cooperative,75,4,1.0,239.16666666666694,59.791666666666735,23.333333333333325,0.3231707317073174,74.0,11.0,0.22297297297297297,77.0,186.66666666666697,93.33333333333348,26.0,2.0,1.0,52.499999999999986,26.249999999999993,11.0,2,1.0,67.08333333333348,0.0,150,0.64,0.3466666666666667,0.013333333333333334,2,0.0,150,0.35333333333333333,0.14666666666666667,0.5,75,0.0,150,6,0.04,0.64,0.3466666666666667,0.013333333333333334,0.0
C:\Users\hello\GitHubRepos\MA-NormEmergence\saved_runs\exp2\qwen3_8b\unframed\cooperative\seed_4,4,2,2,Qwen/Qwen3-8B,unframed,cooperative,75,3,0.75,151.66666666666657,37.91666666666664,0.0,0.30769230769230765,52.0,2.0,0.2980769230769231,32.0,110.83333333333326,55.41666666666663,19.5,2.0,1.0,40.83333333333332,20.41666666666666,6.5,1,0.5,34.99999999999997,0.5,150,0.7266666666666667,0.26,0.013333333333333334,2,0.0,104,0.5865384615384616,0.125,0.28846153846153844,30,0.0,150,1,0.006666666666666667,0.7266666666666667,0.26,0.013333333333333334,0.0
C:\Users\hello\GitHubRepos\MA-NormEmergence\saved_runs\exp2\qwen3_8b\unframed\cooperative\seed_5,5,2,2,Qwen/Qwen3-8B,unframed,cooperative,75,3,0.75,116.66666666666659,29.166666666666647,0.0,0.39999999999999997,50.0,4.0,0.25,29.0,93.33333333333326,46.66666666666663,17.5,2.0,1.0,23.333333333333325,11.666666666666663,7.5,1,0.5,34.999999999999964,0.5,150,0.7666666666666667,0.23333333333333334,0.0,0,0.0,115,0.6173913043478261,0.13043478260869565,0.25217391304347825,29,0.0,150,3,0.02,0.7666666666666667,0.23333333333333334,0.0,0.0
C:\Users\hello\GitHubRepos\MA-NormEmergence\saved_runs\exp2\qwen3_8b\unframed\cooperative\seed_6,6,2,2,Qwen/Qwen3-8B,unframed,cooperative,75,3,0.75,75.83333333333324,18.95833333333331,0.0,0.5192307692307693,47.0,4.0,0.2393617021276596,42.0,69.99999999999991,34.99999999999996,16.0,2.0,1.0,5.833333333333327,2.9166666666666634,7.5,1,0.5,32.08333333333329,0.5,150,0.7866666666666666,0.21333333333333335,0.0,0,0.0,115,0.5043478260869565,0.13043478260869565,0.3652173913043478,42,0.0,150,0,0.0,0.7866666666666666,0.21333333333333335,0.0,0.0
C:\Users\hello\GitHubRepos\MA-NormEmergence\saved_runs\exp2\qwen3_8b\unframed\cooperative\seed_7,7,2,2,Qwen/Qwen3-8B,unframed,cooperative,75,3,0.75,157.50000000000017,39.37500000000004,0.0,0.5092592592592596,66.0,10.0,0.21212121212121213,71.0,145.8333333333335,72.91666666666676,22.5,2.0,1.0,11.66666666666666,5.83333333333333,10.5,1,0.5,67.08333333333343,0.5,150,0.7,0.3,0.0,0,0.0,150,0.38666666666666666,0.14,0.47333333333333333,71,0.0,150,2,0.013333333333333334,0.7,0.3,0.0,0.0
C:\Users\hello\GitHubRepos\MA-NormEmergence\saved_runs\exp2\qwen3_8b\unframed\cooperative\seed_8,8,2,2,Qwen/Qwen3-8B,unframed,cooperative,75,3,0.75,157.50000000000017,39.37500000000004,0.0,0.4537037037037041,65.0,9.0,0.20384615384615384,69.0,145.8333333333335,72.91666666666676,22.5,2.0,1.0,11.66666666666666,5.83333333333333,10.0,1,0.5,67.08333333333343,0.5,150,0.6933333333333334,0.3,0.0,0,0.006666666666666667,145,0.38620689655172413,0.13793103448275862,0.47586206896551725,69,0.0,150,3,0.02,0.6933333333333334,0.3,0.0,0.006666666666666667
C:\Users\hello\GitHubRepos\MA-NormEmergence\saved_runs\exp2\qwen3_8b\unframed\cooperative\seed_9,9,2,2,Qwen/Qwen3-8B,unframed,cooperative,75,4,1.0,180.83333333333346,45.208333333333364,5.833333333333327,0.4274193548387098,70.0,11.0,0.19285714285714287,83.0,163.33333333333348,81.66666666666674,24.0,2.0,1.0,17.499999999999986,8.749999999999993,11.0,2,1.0,72.91666666666674,0.0,150,0.68,0.32,0.0,0,0.0,150,0.3,0.14666666666666667,0.5533333333333333,83,0.0,150,2,0.013333333333333334,0.68,0.32,0.0,0.0
C:\Users\hello\GitHubRepos\MA-NormEmergence\saved_runs\exp2\qwen3_8b\unframed\self_interested\seed_1,1,2,2,Qwen/Qwen3-8B,unframed,self_interested,75,4,1.0,192.49999999999986,48.124999999999964,40.83333333333329,0.053030303030303094,72.0,16.0,0.034722222222222224,0.0,99.1666666666666,49.5833333333333,18.5,2.0,1.0,93.33333333333326,46.66666666666663,17.5,2,1.0,2.9166666666666714,0.0,150,0.7533333333333333,0.24666666666666667,0.0,0,0.0,150,0.7666666666666667,0.23333333333333334,0.0,0,0.0,150,4,0.02666666666666667,0.7533333333333333,0.24666666666666667,0.0,0.0
C:\Users\hello\GitHubRepos\MA-NormEmergence\saved_runs\exp2\qwen3_8b\unframed\self_interested\seed_10,10,2,2,Qwen/Qwen3-8B,unframed,self_interested,75,4,1.0,320.8333333333339,80.20833333333347,70.00000000000009,0.05909090909090924,94.0,22.0,0.026595744680851064,0.0,151.6666666666669,75.83333333333346,23.0,2.0,1.0,169.16666666666697,84.58333333333348,24.0,2,1.0,-8.750000000000028,0.0,150,0.6933333333333334,0.30666666666666664,0.0,0,0.0,150,0.68,0.32,0.0,0,0.0,150,1,0.006666666666666667,0.6933333333333334,0.30666666666666664,0.0,0.0
C:\Users\hello\GitHubRepos\MA-NormEmergence\saved_runs\exp2\qwen3_8b\unframed\self_interested\seed_2,2,2,2,Qwen/Qwen3-8B,unframed,self_interested,75,4,1.0,239.16666666666657,59.79166666666664,58.3333333333333,0.018292682926829396,81.0,20.0,0.009259259259259259,0.0,116.6666666666666,58.3333333333333,20.0,2.0,1.0,122.49999999999997,61.249999999999986,20.5,2,1.0,-2.9166666666666856,0.0,150,0.7333333333333333,0.26666666666666666,0.0,0,0.0,150,0.7266666666666667,0.2733333333333333,0.0,0,0.0,150,0,0.0,0.7333333333333333,0.26666666666666666,0.0,0.0
C:\Users\hello\GitHubRepos\MA-NormEmergence\saved_runs\exp2\qwen3_8b\unframed\self_interested\seed_3,3,2,2,Qwen/Qwen3-8B,unframed,self_interested,75,4,1.0,157.49999999999983,39.37499999999996,23.33333333333329,0.17592592592592615,66.0,14.0,0.06818181818181818,0.0,81.66666666666659,40.83333333333329,17.0,2.0,1.0,75.83333333333326,37.91666666666663,16.0,2,1.0,2.9166666666666643,0.0,150,0.7733333333333333,0.22666666666666666,0.0,0,0.0,150,0.7866666666666666,0.21333333333333335,0.0,0,0.0,150,2,0.013333333333333334,0.7733333333333333,0.22666666666666666,0.0,0.0
C:\Users\hello\GitHubRepos\MA-NormEmergence\saved_runs\exp2\qwen3_8b\unframed\self_interested\seed_4,4,2,2,Qwen/Qwen3-8B,unframed,self_interested,75,4,1.0,145.83333333333317,36.45833333333329,23.33333333333329,0.13000000000000017,65.0,14.0,0.05,0.0,69.99999999999991,34.99999999999996,16.0,2.0,1.0,75.83333333333326,37.91666666666663,16.5,2,1.0,-2.9166666666666714,0.0,150,0.7866666666666666,0.21333333333333335,0.0,0,0.0,150,0.78,0.22,0.0,0,0.0,150,2,0.013333333333333334,0.7866666666666666,0.21333333333333335,0.0,0.0
C:\Users\hello\GitHubRepos\MA-NormEmergence\saved_runs\exp2\qwen3_8b\unframed\self_interested\seed_5,5,2,2,Qwen/Qwen3-8B,unframed,self_interested,75,4,1.0,209.99999999999991,52.49999999999998,46.66666666666663,0.04166666666666676,75.0,18.0,0.01,0.0,110.83333333333331,55.41666666666666,19.0,2.0,1.0,99.1666666666666,49.5833333333333,18.5,2,1.0,5.833333333333357,0.0,150,0.7466666666666667,0.25333333333333335,0.0,0,0.0,150,0.7533333333333333,0.24666666666666667,0.0,0,0.0,150,1,0.006666666666666667,0.7466666666666667,0.25333333333333335,0.0,0.0
C:\Users\hello\GitHubRepos\MA-NormEmergence\saved_runs\exp2\qwen3_8b\unframed\self_interested\seed_6,6,2,2,Qwen/Qwen3-8B,unframed,self_interested,75,4,1.0,116.66666666666649,29.16666666666662,23.33333333333329,0.12500000000000022,59.0,13.0,0.05508474576271186,0.0,46.66666666666658,23.33333333333329,13.5,2.0,1.0,69.99999999999991,34.99999999999996,16.0,2,1.0,-11.666666666666668,0.0,150,0.82,0.18,0.0,0,0.0,150,0.7866666666666666,0.21333333333333335,0.0,0,0.0,150,2,0.013333333333333334,0.82,0.18,0.0,0.0
C:\Users\hello\GitHubRepos\MA-NormEmergence\saved_runs\exp2\qwen3_8b\unframed\self_interested\seed_7,7,2,2,Qwen/Qwen3-8B,unframed,self_interested,75,4,1.0,285.8333333333335,71.45833333333337,64.16666666666664,0.03571428571428607,88.0,20.0,0.028409090909090908,0.0,134.16666666666666,67.08333333333333,21.0,2.0,1.0,151.66666666666683,75.83333333333341,23.0,2,1.0,-8.750000000000085,0.0,150,0.72,0.28,0.0,0,0.0,150,0.6933333333333334,0.30666666666666664,0.0,0,0.0,150,4,0.02666666666666667,0.72,0.28,0.0,0.0
C:\Users\hello\GitHubRepos\MA-NormEmergence\saved_runs\exp2\qwen3_8b\unframed\self_interested\seed_8,8,2,2,Qwen/Qwen3-8B,unframed,self_interested,75,4,1.0,291.6666666666671,72.91666666666677,58.3333333333334,0.09000000000000036,90.0,20.0,0.05,0.0,128.33333333333343,64.16666666666671,21.0,2.0,1.0,163.33333333333366,81.66666666666683,24.0,2,1.0,-17.500000000000114,0.0,150,0.72,0.28,0.0,0,0.0,150,0.68,0.32,0.0,0,0.0,150,4,0.02666666666666667,0.72,0.28,0.0,0.0
C:\Users\hello\GitHubRepos\MA-NormEmergence\saved_runs\exp2\qwen3_8b\unframed\self_interested\seed_9,9,2,2,Qwen/Qwen3-8B,unframed,self_interested,75,4,1.0,256.6666666666667,64.16666666666667,46.66666666666663,0.11363636363636404,84.0,18.0,0.05952380952380952,0.0,151.66666666666674,75.83333333333337,23.0,2.0,1.0,104.99999999999993,52.499999999999964,19.0,2,1.0,23.333333333333407,0.0,150,0.6933333333333334,0.30666666666666664,0.0,0,0.0,150,0.7466666666666667,0.25333333333333335,0.0,0,0.0,150,1,0.006666666666666667,0.6933333333333334,0.30666666666666664,0.0,0.0
C:\Users\hello\GitHubRepos\MA-NormEmergence\saved_runs\exp2\rule_only\altruistic\seed_1,1,0,4,not_applicable,not_applicable,altruistic,75,4,1.0,40.83333333333331,10.208333333333327,5.833333333333327,0.1071428571428572,44.0,11.0,0.0,196.0,,,,,,40.83333333333331,10.208333333333327,11.0,4,1.0,,,0,,,,0,,300,0.2,0.14666666666666667,0.6533333333333333,196,0.0,0,0,,,,,
C:\Users\hello\GitHubRepos\MA-NormEmergence\saved_runs\exp2\rule_only\altruistic\seed_10,10,0,4,not_applicable,not_applicable,altruistic,75,4,1.0,34.99999999999998,8.749999999999995,5.833333333333327,0.1666666666666668,44.0,11.0,0.0,167.0,,,,,,34.99999999999998,8.749999999999995,11.0,4,1.0,,,0,,,,0,,300,0.2966666666666667,0.14666666666666667,0.5566666666666666,167,0.0,0,0,,,,,
C:\Users\hello\GitHubRepos\MA-NormEmergence\saved_runs\exp2\rule_only\altruistic\seed_2,2,0,4,not_applicable,not_applicable,altruistic,75,4,1.0,40.83333333333331,10.208333333333327,5.833333333333327,0.1071428571428572,44.0,11.0,0.0,178.0,,,,,,40.83333333333331,10.208333333333327,11.0,4,1.0,,,0,,,,0,,300,0.26,0.14666666666666667,0.5933333333333334,178,0.0,0,0,,,,,
C:\Users\hello\GitHubRepos\MA-NormEmergence\saved_runs\exp2\rule_only\altruistic\seed_3,3,0,4,not_applicable,not_applicable,altruistic,75,4,1.0,29.166666666666643,7.291666666666661,5.833333333333327,0.15000000000000013,44.0,11.0,0.0,166.0,,,,,,29.166666666666643,7.291666666666661,11.0,4,1.0,,,0,,,,0,,300,0.3,0.14666666666666667,0.5533333333333333,166,0.0,0,0,,,,,
C:\Users\hello\GitHubRepos\MA-NormEmergence\saved_runs\exp2\rule_only\altruistic\seed_4,4,0,4,not_applicable,not_applicable,altruistic,75,1,0.25,11.66666666666666,2.916666666666665,0.0,0.7500000000000001,39.0,9.0,0.04487179487179487,129.0,,,,,,11.66666666666666,2.916666666666665,9.75,1,0.25,,,0,,,,0,,290,0.4206896551724138,0.13448275862068965,0.44482758620689655,129,0.0,0,0,,,,,
C:\Users\hello\GitHubRepos\MA-NormEmergence\saved_runs\exp2\rule_only\altruistic\seed_5,5,0,4,not_applicable,not_applicable,altruistic,75,4,1.0,34.99999999999998,8.749999999999995,5.833333333333327,0.1666666666666668,44.0,11.0,0.0,148.0,,,,,,34.99999999999998,8.749999999999995,11.0,4,1.0,,,0,,,,0,,300,0.36,0.14666666666666667,0.49333333333333335,148,0.0,0,0,,,,,
C:\Users\hello\GitHubRepos\MA-NormEmergence\saved_runs\exp2\rule_only\altruistic\seed_6,6,0,4,not_applicable,not_applicable,altruistic,75,4,1.0,52.49999999999997,13.124999999999993,11.66666666666666,0.08333333333333336,44.0,11.0,0.0,166.0,,,,,,52.49999999999997,13.124999999999993,11.0,4,1.0,,,0,,,,0,,300,0.3,0.14666666666666667,0.5533333333333333,166,0.0,0,0,,,,,
C:\Users\hello\GitHubRepos\MA-NormEmergence\saved_runs\exp2\rule_only\altruistic\seed_7,7,0,4,not_applicable,not_applicable,altruistic,75,4,1.0,58.3333333333333,14.583333333333325,11.66666666666666,0.10000000000000003,44.0,11.0,0.0,183.0,,,,,,58.3333333333333,14.583333333333325,11.0,4,1.0,,,0,,,,0,,300,0.24333333333333335,0.14666666666666667,0.61,183,0.0,0,0,,,,,
C:\Users\hello\GitHubRepos\MA-NormEmergence\saved_runs\exp2\rule_only\altruistic\seed_8,8,0,4,not_applicable,not_applicable,altruistic,75,4,1.0,40.83333333333331,10.208333333333327,5.833333333333327,0.1071428571428572,44.0,11.0,0.0,166.0,,,,,,40.83333333333331,10.208333333333327,11.0,4,1.0,,,0,,,,0,,300,0.3,0.14666666666666667,0.5533333333333333,166,0.0,0,0,,,,,
C:\Users\hello\GitHubRepos\MA-NormEmergence\saved_runs\exp2\rule_only\altruistic\seed_9,9,0,4,not_applicable,not_applicable,altruistic,75,4,1.0,29.166666666666643,7.291666666666661,5.833333333333327,0.15000000000000013,44.0,11.0,0.0,163.0,,,,,,29.166666666666643,7.291666666666661,11.0,4,1.0,,,0,,,,0,,300,0.31,0.14666666666666667,0.5433333333333333,163,0.0,0,0,,,,,
C:\Users\hello\GitHubRepos\MA-NormEmergence\saved_runs\exp2\rule_only\cooperative\seed_1,1,0,4,not_applicable,not_applicable,cooperative,75,4,1.0,40.833333333333314,10.208333333333329,5.833333333333327,0.10714285714285719,44.0,11.0,0.0,161.0,,,,,,40.833333333333314,10.208333333333329,11.0,4,1.0,,,0,,,,0,,300,0.31666666666666665,0.14666666666666667,0.5366666666666666,161,0.0,0,0,,,,,
C:\Users\hello\GitHubRepos\MA-NormEmergence\saved_runs\exp2\rule_only\cooperative\seed_10,10,0,4,not_applicable,not_applicable,cooperative,75,4,1.0,40.833333333333314,10.208333333333329,5.833333333333327,0.10714285714285719,44.0,11.0,0.0,151.0,,,,,,40.833333333333314,10.208333333333329,11.0,4,1.0,,,0,,,,0,,300,0.35,0.14666666666666667,0.5033333333333333,151,0.0,0,0,,,,,
C:\Users\hello\GitHubRepos\MA-NormEmergence\saved_runs\exp2\rule_only\cooperative\seed_2,2,0,4,not_applicable,not_applicable,cooperative,75,3,0.75,17.49999999999998,4.374999999999995,0.0,0.25,42.0,9.0,0.03571428571428571,139.0,,,,,,17.49999999999998,4.374999999999995,10.5,3,0.75,,,0,,,,0,,295,0.3864406779661017,0.1423728813559322,0.4711864406779661,139,0.0,0,0,,,,,
C:\Users\hello\GitHubRepos\MA-NormEmergence\saved_runs\exp2\rule_only\cooperative\seed_3,3,0,4,not_applicable,not_applicable,cooperative,75,4,1.0,29.166666666666643,7.291666666666661,5.833333333333327,0.15000000000000013,44.0,11.0,0.0,176.0,,,,,,29.166666666666643,7.291666666666661,11.0,4,1.0,,,0,,,,0,,300,0.26666666666666666,0.14666666666666667,0.5866666666666667,176,0.0,0,0,,,,,
C:\Users\hello\GitHubRepos\MA-NormEmergence\saved_runs\exp2\rule_only\cooperative\seed_4,4,0,4,not_applicable,not_applicable,cooperative,75,4,1.0,40.833333333333314,10.208333333333329,5.833333333333327,0.10714285714285719,44.0,11.0,0.0,171.0,,,,,,40.833333333333314,10.208333333333329,11.0,4,1.0,,,0,,,,0,,300,0.2833333333333333,0.14666666666666667,0.57,171,0.0,0,0,,,,,
C:\Users\hello\GitHubRepos\MA-NormEmergence\saved_runs\exp2\rule_only\cooperative\seed_5,5,0,4,not_applicable,not_applicable,cooperative,75,2,0.5,11.666666666666654,2.9166666666666634,0.0,0.5,39.0,7.0,0.08333333333333333,122.0,,,,,,11.666666666666654,2.9166666666666634,9.75,2,0.5,,,0,,,,0,,283,0.43109540636042404,0.13780918727915195,0.43109540636042404,122,0.0,0,0,,,,,
C:\Users\hello\GitHubRepos\MA-NormEmergence\saved_runs\exp2\rule_only\cooperative\seed_6,6,0,4,not_applicable,not_applicable,cooperative,75,4,1.0,46.66666666666664,11.66666666666666,5.833333333333327,0.18750000000000008,44.0,11.0,0.0,156.0,,,,,,46.66666666666664,11.66666666666666,11.0,4,1.0,,,0,,,,0,,300,0.3333333333333333,0.14666666666666667,0.52,156,0.0,0,0,,,,,
C:\Users\hello\GitHubRepos\MA-NormEmergence\saved_runs\exp2\rule_only\cooperative\seed_7,7,0,4,not_applicable,not_applicable,cooperative,75,4,1.0,29.166666666666643,7.291666666666661,5.833333333333327,0.15000000000000013,44.0,11.0,0.0,148.0,,,,,,29.166666666666643,7.291666666666661,11.0,4,1.0,,,0,,,,0,,300,0.36,0.14666666666666667,0.49333333333333335,148,0.0,0,0,,,,,
C:\Users\hello\GitHubRepos\MA-NormEmergence\saved_runs\exp2\rule_only\cooperative\seed_8,8,0,4,not_applicable,not_applicable,cooperative,75,4,1.0,34.99999999999997,8.749999999999993,5.833333333333327,0.16666666666666682,44.0,11.0,0.0,159.0,,,,,,34.99999999999997,8.749999999999993,11.0,4,1.0,,,0,,,,0,,300,0.3233333333333333,0.14666666666666667,0.53,159,0.0,0,0,,,,,
C:\Users\hello\GitHubRepos\MA-NormEmergence\saved_runs\exp2\rule_only\cooperative\seed_9,9,0,4,not_applicable,not_applicable,cooperative,75,4,1.0,29.166666666666643,7.291666666666661,5.833333333333327,0.15000000000000013,44.0,11.0,0.0,168.0,,,,,,29.166666666666643,7.291666666666661,11.0,4,1.0,,,0,,,,0,,300,0.29333333333333333,0.14666666666666667,0.56,168,0.0,0,0,,,,,
C:\Users\hello\GitHubRepos\MA-NormEmergence\saved_runs\exp2\rule_only\self_interested\seed_1,1,0,4,not_applicable,not_applicable,self_interested,75,4,1.0,215.83333333333323,53.95833333333331,40.83333333333329,0.10135135135135157,77.0,17.0,0.048701298701298704,0.0,,,,,,215.83333333333323,53.95833333333331,19.25,4,1.0,,,0,,,,0,,300,0.7433333333333333,0.25666666666666665,0.0,0,0.0,0,0,,,,,
C:\Users\hello\GitHubRepos\MA-NormEmergence\saved_runs\exp2\rule_only\self_interested\seed_10,10,0,4,not_applicable,not_applicable,self_interested,75,4,1.0,221.66666666666657,55.41666666666664,29.16666666666662,0.18421052631578985,77.0,15.0,0.08766233766233766,0.0,,,,,,221.66666666666657,55.41666666666664,19.25,4,1.0,,,0,,,,0,,300,0.7433333333333333,0.25666666666666665,0.0,0,0.0,0,0,,,,,
C:\Users\hello\GitHubRepos\MA-NormEmergence\saved_runs\exp2\rule_only\self_interested\seed_2,2,0,4,not_applicable,not_applicable,self_interested,75,4,1.0,163.33333333333317,40.83333333333329,29.16666666666662,0.16071428571428595,68.0,15.0,0.0661764705882353,0.0,,,,,,163.33333333333317,40.83333333333329,17.0,4,1.0,,,0,,,,0,,300,0.7733333333333333,0.22666666666666666,0.0,0,0.0,0,0,,,,,
C:\Users\hello\GitHubRepos\MA-NormEmergence\saved_runs\exp2\rule_only\self_interested\seed_3,3,0,4,not_applicable,not_applicable,self_interested,75,4,1.0,110.83333333333316,27.70833333333329,17.499999999999954,0.19736842105263194,58.0,13.0,0.06896551724137931,0.0,,,,,,110.83333333333316,27.70833333333329,14.5,4,1.0,,,0,,,,0,,300,0.8066666666666666,0.19333333333333333,0.0,0,0.0,0,0,,,,,
C:\Users\hello\GitHubRepos\MA-NormEmergence\saved_runs\exp2\rule_only\self_interested\seed_4,4,0,4,not_applicable,not_applicable,self_interested,75,4,1.0,204.16666666666652,51.04166666666663,40.83333333333329,0.09285714285714294,75.0,17.0,0.043333333333333335,0.0,,,,,,204.16666666666652,51.04166666666663,18.75,4,1.0,,,0,,,,0,,300,0.75,0.25,0.0,0,0.0,0,0,,,,,
C:\Users\hello\GitHubRepos\MA-NormEmergence\saved_runs\exp2\rule_only\self_interested\seed_5,5,0,4,not_applicable,not_applicable,self_interested,75,4,1.0,233.33333333333337,58.33333333333334,29.16666666666662,0.16250000000000037,80.0,15.0,0.08125,0.0,,,,,,233.33333333333337,58.33333333333334,20.0,4,1.0,,,0,,,,0,,300,0.7333333333333333,0.26666666666666666,0.0,0,0.0,0,0,,,,,
C:\Users\hello\GitHubRepos\MA-NormEmergence\saved_runs\exp2\rule_only\self_interested\seed_6,6,0,4,not_applicable,not_applicable,self_interested,75,4,1.0,151.66666666666652,37.91666666666663,29.16666666666662,0.15384615384615416,66.0,15.0,0.06060606060606061,0.0,,,,,,151.66666666666652,37.91666666666663,16.5,4,1.0,,,0,,,,0,,300,0.78,0.22,0.0,0,0.0,0,0,,,,,
C:\Users\hello\GitHubRepos\MA-NormEmergence\saved_runs\exp2\rule_only\self_interested\seed_7,7,0,4,not_applicable,not_applicable,self_interested,75,4,1.0,145.83333333333337,36.45833333333334,17.499999999999954,0.31000000000000094,65.0,13.0,0.11923076923076924,0.0,,,,,,145.83333333333337,36.45833333333334,16.25,4,1.0,,,0,,,,0,,300,0.7833333333333333,0.21666666666666667,0.0,0,0.0,0,0,,,,,
C:\Users\hello\GitHubRepos\MA-NormEmergence\saved_runs\exp2\rule_only\self_interested\seed_8,8,0,4,not_applicable,not_applicable,self_interested,75,4,1.0,215.83333333333337,53.95833333333334,46.66666666666663,0.0878378378378385,77.0,18.0,0.04220779220779221,0.0,,,,,,215.83333333333337,53.95833333333334,19.25,4,1.0,,,0,,,,0,,300,0.7433333333333333,0.25666666666666665,0.0,0,0.0,0,0,,,,,
C:\Users\hello\GitHubRepos\MA-NormEmergence\saved_runs\exp2\rule_only\self_interested\seed_9,9,0,4,not_applicable,not_applicable,self_interested,75,4,1.0,163.33333333333314,40.833333333333286,23.33333333333329,0.17857142857142885,67.0,14.0,0.06343283582089553,0.0,,,,,,163.33333333333314,40.833333333333286,16.75,4,1.0,,,0,,,,0,,300,0.7766666666666666,0.22333333333333333,0.0,0,0.0,0,0,,,,,
C:\Users\hello\GitHubRepos\MA-NormEmergence\saved_runs\exp2_one_llm\qwen3_8b\altruistic\altruistic\seed_1,1,1,3,Qwen/Qwen3-8B,altruistic,altruistic,75,4,1.0,46.66666666666664,11.66666666666666,5.833333333333327,0.18750000000000008,44.0,11.0,0.0,155.0,17.499999999999993,17.499999999999993,11.0,1.0,1.0,29.166666666666647,9.722222222222216,11.0,3,1.0,7.777777777777777,0.0,75,0.29333333333333333,0.14666666666666667,0.5466666666666666,41,0.013333333333333334,225,0.3466666666666667,0.14666666666666667,0.5066666666666667,114,0.0,75,1,0.013333333333333334,0.29333333333333333,0.14666666666666667,0.5466666666666666,0.013333333333333334
C:\Users\hello\GitHubRepos\MA-NormEmergence\saved_runs\exp2_one_llm\qwen3_8b\altruistic\altruistic\seed_10,10,1,3,Qwen/Qwen3-8B,altruistic,altruistic,75,4,1.0,40.833333333333314,10.208333333333329,5.833333333333327,0.10714285714285719,44.0,11.0,0.0,135.0,11.66666666666666,11.66666666666666,11.0,1.0,1.0,29.16666666666665,9.722222222222216,11.0,3,1.0,1.9444444444444446,0.0,75,0.36,0.14666666666666667,0.49333333333333335,37,0.0,225,0.4177777777777778,0.14666666666666667,0.43555555555555553,98,0.0,75,1,0.013333333333333334,0.36,0.14666666666666667,0.49333333333333335,0.0
C:\Users\hello\GitHubRepos\MA-NormEmergence\saved_runs\exp2_one_llm\qwen3_8b\altruistic\altruistic\seed_2,2,1,3,Qwen/Qwen3-8B,altruistic,altruistic,75,4,1.0,34.99999999999997,8.749999999999993,5.833333333333327,0.16666666666666682,44.0,11.0,0.0,141.0,5.833333333333327,5.833333333333327,11.0,1.0,1.0,29.16666666666665,9.722222222222216,11.0,3,1.0,-3.8888888888888893,0.0,75,0.32,0.14666666666666667,0.52,39,0.013333333333333334,225,0.4,0.14666666666666667,0.4533333333333333,102,0.0,75,3,0.04,0.32,0.14666666666666667,0.52,0.013333333333333334
C:\Users\hello\GitHubRepos\MA-NormEmergence\saved_runs\exp2_one_llm\qwen3_8b\altruistic\altruistic\seed_3,3,1,3,Qwen/Qwen3-8B,altruistic,altruistic,75,4,1.0,40.8333333333333,10.208333333333325,5.833333333333327,0.10714285714285728,44.0,11.0,0.0,160.0,11.666666666666655,11.666666666666655,11.0,1.0,1.0,29.16666666666665,9.722222222222216,11.0,3,1.0,1.9444444444444393,0.0,75,0.26666666666666666,0.14666666666666667,0.5866666666666667,44,0.0,225,0.3377777777777778,0.14666666666666667,0.5155555555555555,116,0.0,75,0,0.0,0.26666666666666666,0.14666666666666667,0.5866666666666667,0.0
C:\Users\hello\GitHubRepos\MA-NormEmergence\saved_runs\exp2_one_llm\qwen3_8b\altruistic\altruistic\seed_4,4,1,3,Qwen/Qwen3-8B,altruistic,altruistic,75,3,0.75,23.333333333333314,5.833333333333329,0.0,0.37500000000000006,42.0,9.0,0.03571428571428571,137.0,0.0,0.0,9.0,0.0,0.0,23.333333333333314,7.7777777777777715,11.0,3,1.0,-7.7777777777777715,-1.0,70,0.3142857142857143,0.12857142857142856,0.5428571428571428,38,0.014285714285714285,225,0.41333333333333333,0.14666666666666667,0.44,99,0.0,70,0,0.0,0.3142857142857143,0.12857142857142856,0.5428571428571428,0.014285714285714285
C:\Users\hello\GitHubRepos\MA-NormEmergence\saved_runs\exp2_one_llm\qwen3_8b\altruistic\altruistic\seed_5,5,1,3,Qwen/Qwen3-8B,altruistic,altruistic,75,4,1.0,40.83333333333331,10.208333333333327,5.833333333333327,0.1071428571428572,44.0,11.0,0.0,152.0,5.833333333333327,5.833333333333327,11.0,1.0,1.0,34.999999999999986,11.666666666666663,11.0,3,1.0,-5.833333333333336,0.0,75,0.25333333333333335,0.14666666666666667,0.5866666666666667,44,0.013333333333333334,225,0.37333333333333335,0.14666666666666667,0.48,108,0.0,75,2,0.02666666666666667,0.25333333333333335,0.14666666666666667,0.5866666666666667,0.013333333333333334
C:\Users\hello\GitHubRepos\MA-NormEmergence\saved_runs\exp2_one_llm\qwen3_8b\altruistic\altruistic\seed_6,6,1,3,Qwen/Qwen3-8B,altruistic,altruistic,75,4,1.0,34.99999999999997,8.749999999999993,5.833333333333327,0.16666666666666682,44.0,11.0,0.0,122.0,5.833333333333327,5.833333333333327,11.0,1.0,1.0,29.16666666666665,9.722222222222216,11.0,3,1.0,-3.8888888888888893,0.0,75,0.41333333333333333,0.14666666666666667,0.44,33,0.0,225,0.4577777777777778,0.14666666666666667,0.39555555555555555,89,0.0,75,2,0.02666666666666667,0.41333333333333333,0.14666666666666667,0.44,0.0
C:\Users\hello\GitHubRepos\MA-NormEmergence\saved_runs\exp2_one_llm\qwen3_8b\altruistic\altruistic\seed_7,7,1,3,Qwen/Qwen3-8B,altruistic,altruistic,75,3,0.75,29.166666666666647,7.291666666666662,0.0,0.3500000000000001,41.0,8.0,0.054878048780487805,158.0,0.0,0.0,8.0,0.0,0.0,29.166666666666647,9.722222222222216,11.0,3,1.0,-9.722222222222216,-1.0,64,0.3125,0.125,0.5625,36,0.0,225,0.3111111111111111,0.14666666666666667,0.5422222222222223,122,0.0,64,0,0.0,0.3125,0.125,0.5625,0.0
C:\Users\hello\GitHubRepos\MA-NormEmergence\saved_runs\exp2_one_llm\qwen3_8b\altruistic\altruistic\seed_8,8,1,3,Qwen/Qwen3-8B,altruistic,altruistic,75,4,1.0,40.83333333333331,10.208333333333327,5.833333333333327,0.1071428571428572,44.0,11.0,0.0,156.0,5.833333333333327,5.833333333333327,11.0,1.0,1.0,34.999999999999986,11.666666666666663,11.0,3,1.0,-5.833333333333336,0.0,75,0.29333333333333333,0.14666666666666667,0.5333333333333333,40,0.02666666666666667,225,0.3377777777777778,0.14666666666666667,0.5155555555555555,116,0.0,75,1,0.013333333333333334,0.29333333333333333,0.14666666666666667,0.5333333333333333,0.02666666666666667
C:\Users\hello\GitHubRepos\MA-NormEmergence\saved_runs\exp2_one_llm\qwen3_8b\altruistic\altruistic\seed_9,9,1,3,Qwen/Qwen3-8B,altruistic,altruistic,75,3,0.75,29.16666666666665,7.2916666666666625,0.0,0.35000000000000003,43.0,10.0,0.01744186046511628,172.0,11.66666666666666,11.66666666666666,11.0,1.0,1.0,17.499999999999986,5.833333333333329,10.666666666666666,2,0.6666666666666666,5.833333333333332,0.33333333333333337,75,0.24,0.14666666666666667,0.5866666666666667,44,0.02666666666666667,225,0.28888888888888886,0.14222222222222222,0.5688888888888889,128,0.0,75,2,0.02666666666666667,0.24,0.14666666666666667,0.5866666666666667,0.02666666666666667
C:\Users\hello\GitHubRepos\MA-NormEmergence\saved_runs\exp2_one_llm\qwen3_8b\altruistic\cooperative\seed_1,1,1,3,Qwen/Qwen3-8B,altruistic,cooperative,75,4,1.0,40.83333333333331,10.208333333333327,5.833333333333327,0.1071428571428572,44.0,11.0,0.0,166.0,5.833333333333327,5.833333333333327,11.0,1.0,1.0,34.999999999999986,11.666666666666663,11.0,3,1.0,-5.833333333333336,0.0,75,0.25333333333333335,0.14666666666666667,0.5733333333333334,43,0.02666666666666667,225,0.30666666666666664,0.14666666666666667,0.5466666666666666,123,0.0,75,1,0.013333333333333334,0.25333333333333335,0.14666666666666667,0.5733333333333334,0.02666666666666667
C:\Users\hello\GitHubRepos\MA-NormEmergence\saved_runs\exp2_one_llm\qwen3_8b\altruistic\cooperative\seed_10,10,1,3,Qwen/Qwen3-8B,altruistic,cooperative,75,4,1.0,40.833333333333314,10.208333333333329,5.833333333333327,0.10714285714285719,44.0,11.0,0.0,151.0,11.66666666666666,11.66666666666666,11.0,1.0,1.0,29.16666666666665,9.722222222222216,11.0,3,1.0,1.9444444444444446,0.0,75,0.32,0.14666666666666667,0.5333333333333333,40,0.0,225,0.36,0.14666666666666667,0.49333333333333335,111,0.0,75,1,0.013333333333333334,0.32,0.14666666666666667,0.5333333333333333,0.0
C:\Users\hello\GitHubRepos\MA-NormEmergence\saved_runs\exp2_one_llm\qwen3_8b\altruistic\cooperative\seed_2,2,1,3,Qwen/Qwen3-8B,altruistic,cooperative,75,4,1.0,29.166666666666643,7.291666666666661,5.833333333333327,0.15000000000000013,44.0,11.0,0.0,151.0,5.833333333333327,5.833333333333327,11.0,1.0,1.0,23.333333333333314,7.7777777777777715,11.0,3,1.0,-1.9444444444444446,0.0,75,0.29333333333333333,0.14666666666666667,0.5466666666666666,41,0.013333333333333334,225,0.36444444444444446,0.14666666666666667,0.4888888888888889,110,0.0,75,0,0.0,0.29333333333333333,0.14666666666666667,0.5466666666666666,0.013333333333333334
C:\Users\hello\GitHubRepos\MA-NormEmergence\saved_runs\exp2_one_llm\qwen3_8b\altruistic\cooperative\seed_3,3,1,3,Qwen/Qwen3-8B,altruistic,cooperative,75,4,1.0,40.83333333333331,10.208333333333327,5.833333333333323,0.1071428571428573,44.0,11.0,0.0,164.0,5.833333333333323,5.833333333333323,11.0,1.0,1.0,34.999999999999986,11.666666666666663,11.0,3,1.0,-5.833333333333339,0.0,75,0.26666666666666666,0.14666666666666667,0.5866666666666667,44,0.0,225,0.32,0.14666666666666667,0.5333333333333333,120,0.0,75,3,0.04,0.26666666666666666,0.14666666666666667,0.5866666666666667,0.0
C:\Users\hello\GitHubRepos\MA-NormEmergence\saved_runs\exp2_one_llm\qwen3_8b\altruistic\cooperative\seed_4,4,1,3,Qwen/Qwen3-8B,altruistic,cooperative,75,4,1.0,40.83333333333331,10.208333333333327,5.833333333333327,0.1071428571428572,44.0,11.0,0.0,145.0,11.66666666666666,11.66666666666666,11.0,1.0,1.0,29.166666666666647,9.722222222222216,11.0,3,1.0,1.9444444444444446,0.0,75,0.29333333333333333,0.14666666666666667,0.56,42,0.0,225,0.39555555555555555,0.14666666666666667,0.4577777777777778,103,0.0,75,1,0.013333333333333334,0.29333333333333333,0.14666666666666667,0.56,0.0
C:\Users\hello\GitHubRepos\MA-NormEmergence\saved_runs\exp2_one_llm\qwen3_8b\altruistic\cooperative\seed_5,5,1,3,Qwen/Qwen3-8B,altruistic,cooperative,75,4,1.0,40.83333333333331,10.208333333333327,5.833333333333327,0.1071428571428572,44.0,11.0,0.0,155.0,11.66666666666666,11.66666666666666,11.0,1.0,1.0,29.166666666666647,9.722222222222216,11.0,3,1.0,1.9444444444444446,0.0,75,0.24,0.14666666666666667,0.6,45,0.013333333333333334,225,0.36444444444444446,0.14666666666666667,0.4888888888888889,110,0.0,75,3,0.04,0.24,0.14666666666666667,0.6,0.013333333333333334
C:\Users\hello\GitHubRepos\MA-NormEmergence\saved_runs\exp2_one_llm\qwen3_8b\altruistic\cooperative\seed_6,6,1,3,Qwen/Qwen3-8B,altruistic,cooperative,75,4,1.0,40.83333333333331,10.208333333333327,5.833333333333327,0.1071428571428572,44.0,11.0,0.0,160.0,5.833333333333327,5.833333333333327,11.0,1.0,1.0,34.999999999999986,11.666666666666663,11.0,3,1.0,-5.833333333333336,0.0,75,0.29333333333333333,0.14666666666666667,0.5466666666666666,41,0.013333333333333334,225,0.3244444444444444,0.14666666666666667,0.5288888888888889,119,0.0,75,1,0.013333333333333334,0.29333333333333333,0.14666666666666667,0.5466666666666666,0.013333333333333334
C:\Users\hello\GitHubRepos\MA-NormEmergence\saved_runs\exp2_one_llm\qwen3_8b\altruistic\cooperative\seed_7,7,1,3,Qwen/Qwen3-8B,altruistic,cooperative,75,4,1.0,40.8333333333333,10.208333333333325,5.833333333333327,0.10714285714285729,44.0,11.0,0.0,164.0,11.666666666666652,11.666666666666652,11.0,1.0,1.0,29.16666666666665,9.722222222222216,11.0,3,1.0,1.9444444444444358,0.0,75,0.30666666666666664,0.14666666666666667,0.5333333333333333,40,0.013333333333333334,225,0.3022222222222222,0.14666666666666667,0.5511111111111111,124,0.0,75,1,0.013333333333333334,0.30666666666666664,0.14666666666666667,0.5333333333333333,0.013333333333333334
C:\Users\hello\GitHubRepos\MA-NormEmergence\saved_runs\exp2_one_llm\qwen3_8b\altruistic\cooperative\seed_8,8,1,3,Qwen/Qwen3-8B,altruistic,cooperative,75,4,1.0,40.83333333333331,10.208333333333327,5.833333333333323,0.1071428571428573,44.0,11.0,0.0,168.0,5.833333333333323,5.833333333333323,11.0,1.0,1.0,34.999999999999986,11.666666666666663,11.0,3,1.0,-5.833333333333339,0.0,75,0.18666666666666668,0.14666666666666667,0.6533333333333333,49,0.013333333333333334,225,0.3244444444444444,0.14666666666666667,0.5288888888888889,119,0.0,75,0,0.0,0.18666666666666668,0.14666666666666667,0.6533333333333333,0.013333333333333334
C:\Users\hello\GitHubRepos\MA-NormEmergence\saved_runs\exp2_one_llm\qwen3_8b\altruistic\cooperative\seed_9,9,1,3,Qwen/Qwen3-8B,altruistic,cooperative,75,0,0.0,0.0,0.0,0.0,0.0,35.0,6.0,0.09285714285714286,112.0,0.0,0.0,9.0,0.0,0.0,0.0,0.0,8.666666666666666,0,0.0,0.0,0.0,70,0.44285714285714284,0.12857142857142856,0.42857142857142855,30,0.0,202,0.46534653465346537,0.12871287128712872,0.40594059405940597,82,0.0,70,5,0.07142857142857142,0.44285714285714284,0.12857142857142856,0.42857142857142855,0.0
C:\Users\hello\GitHubRepos\MA-NormEmergence\saved_runs\exp2_one_llm\qwen3_8b\altruistic\self_interested\seed_1,1,1,3,Qwen/Qwen3-8B,altruistic,self_interested,75,3,0.75,192.5,48.125,0.0,0.2803030303030305,68.0,6.0,0.18382352941176472,8.0,0.0,0.0,6.0,0.0,0.0,192.5,64.16666666666667,20.666666666666668,3,1.0,-64.16666666666667,-1.0,52,0.7307692307692307,0.11538461538461539,0.15384615384615385,8,0.0,225,0.7244444444444444,0.27555555555555555,0.0,0,0.0,52,5,0.09615384615384616,0.7307692307692307,0.11538461538461539,0.15384615384615385,0.0
C:\Users\hello\GitHubRepos\MA-NormEmergence\saved_runs\exp2_one_llm\qwen3_8b\altruistic\self_interested\seed_10,10,1,3,Qwen/Qwen3-8B,altruistic,self_interested,75,4,1.0,192.50000000000006,48.125000000000014,11.666666666666652,0.2348484848484854,72.0,11.0,0.11805555555555555,7.0,11.666666666666652,11.666666666666652,11.0,1.0,1.0,180.8333333333334,60.2777777777778,20.333333333333332,3,1.0,-48.61111111111115,0.0,75,0.76,0.14666666666666667,0.09333333333333334,7,0.0,225,0.7288888888888889,0.27111111111111114,0.0,0,0.0,75,1,0.013333333333333334,0.76,0.14666666666666667,0.09333333333333334,0.0
C:\Users\hello\GitHubRepos\MA-NormEmergence\saved_runs\exp2_one_llm\qwen3_8b\altruistic\self_interested\seed_2,2,1,3,Qwen/Qwen3-8B,altruistic,self_interested,75,3,0.75,145.83333333333323,36.45833333333331,0.0,0.2700000000000001,61.0,6.0,0.1598360655737705,7.0,0.0,0.0,6.0,0.0,0.0,145.83333333333323,48.61111111111108,18.333333333333332,3,1.0,-48.61111111111108,-1.0,52,0.75,0.11538461538461539,0.1346153846153846,7,0.0,225,0.7555555555555555,0.24444444444444444,0.0,0,0.0,52,2,0.038461538461538464,0.75,0.11538461538461539,0.1346153846153846,0.0
C:\Users\hello\GitHubRepos\MA-NormEmergence\saved_runs\exp2_one_llm\qwen3_8b\altruistic\self_interested\seed_3,3,1,3,Qwen/Qwen3-8B,altruistic,self_interested,75,3,0.75,110.83333333333321,27.708333333333304,0.0,0.27631578947368424,57.0,8.0,0.11842105263157894,8.0,0.0,0.0,8.0,0.0,0.0,110.83333333333321,36.94444444444441,16.333333333333332,3,1.0,-36.94444444444441,-1.0,64,0.75,0.125,0.125,8,0.0,225,0.7822222222222223,0.21777777777777776,0.0,0,0.0,64,3,0.046875,0.75,0.125,0.125,0.0
C:\Users\hello\GitHubRepos\MA-NormEmergence\saved_runs\exp2_one_llm\qwen3_8b\altruistic\self_interested\seed_4,4,1,3,Qwen/Qwen3-8B,altruistic,self_interested,75,4,1.0,280.0000000000002,70.00000000000006,5.833333333333312,0.23958333333333348,88.0,11.0,0.13068181818181818,14.0,5.833333333333312,5.833333333333312,11.0,1.0,1.0,274.16666666666697,91.38888888888899,25.666666666666668,3,1.0,-85.55555555555567,0.0,75,0.6533333333333333,0.14666666666666667,0.18666666666666668,14,0.013333333333333334,225,0.6577777777777778,0.3422222222222222,0.0,0,0.0,75,4,0.05333333333333334,0.6533333333333333,0.14666666666666667,0.18666666666666668,0.013333333333333334
C:\Users\hello\GitHubRepos\MA-NormEmergence\saved_runs\exp2_one_llm\qwen3_8b\altruistic\self_interested\seed_5,5,1,3,Qwen/Qwen3-8B,altruistic,self_interested,75,4,1.0,256.6666666666672,64.1666666666668,5.833333333333323,0.2727272727272727,83.0,11.0,0.14156626506024098,10.0,5.833333333333323,5.833333333333323,11.0,1.0,1.0,250.83333333333385,83.61111111111128,24.0,3,1.0,-77.77777777777796,0.0,75,0.7066666666666667,0.14666666666666667,0.13333333333333333,10,0.013333333333333334,225,0.68,0.32,0.0,0,0.0,75,1,0.013333333333333334,0.7066666666666667,0.14666666666666667,0.13333333333333333,0.013333333333333334
C:\Users\hello\GitHubRepos\MA-NormEmergence\saved_runs\exp2_one_llm\qwen3_8b\altruistic\self_interested\seed_6,6,1,3,Qwen/Qwen3-8B,altruistic,self_interested,75,3,0.75,163.33333333333323,40.83333333333331,0.0,0.26785714285714285,62.0,4.0,0.1935483870967742,8.0,0.0,0.0,4.0,0.0,0.0,163.33333333333323,54.44444444444441,19.333333333333332,3,1.0,-54.44444444444441,-1.0,40,0.7,0.1,0.2,8,0.0,225,0.7422222222222222,0.2577777777777778,0.0,0,0.0,40,4,0.1,0.7,0.1,0.2,0.0
C:\Users\hello\GitHubRepos\MA-NormEmergence\saved_runs\exp2_one_llm\qwen3_8b\altruistic\self_interested\seed_7,7,1,3,Qwen/Qwen3-8B,altruistic,self_interested,75,3,0.75,239.16666666666717,59.79166666666679,0.0,0.2987804878048779,75.0,4.0,0.22333333333333333,9.0,0.0,0.0,4.0,0.0,0.0,239.16666666666717,79.72222222222238,23.666666666666668,3,1.0,-79.72222222222238,-1.0,40,0.675,0.1,0.225,9,0.0,225,0.6844444444444444,0.31555555555555553,0.0,0,0.0,40,1,0.025,0.675,0.1,0.225,0.0
C:\Users\hello\GitHubRepos\MA-NormEmergence\saved_runs\exp2_one_llm\qwen3_8b\altruistic\self_interested\seed_8,8,1,3,Qwen/Qwen3-8B,altruistic,self_interested,75,3,0.75,239.16666666666728,59.79166666666682,0.0,0.27439024390243905,75.0,5.0,0.20333333333333334,10.0,0.0,0.0,5.0,0.0,0.0,239.16666666666728,79.72222222222243,23.333333333333332,3,1.0,-79.72222222222243,-1.0,46,0.6739130434782609,0.10869565217391304,0.21739130434782608,10,0.0,225,0.6888888888888889,0.3111111111111111,0.0,0,0.0,46,1,0.021739130434782608,0.6739130434782609,0.10869565217391304,0.21739130434782608,0.0
C:\Users\hello\GitHubRepos\MA-NormEmergence\saved_runs\exp2_one_llm\qwen3_8b\altruistic\self_interested\seed_9,9,1,3,Qwen/Qwen3-8B,altruistic,self_interested,75,3,0.75,180.83333333333326,45.208333333333314,0.0,0.3145161290322581,69.0,8.0,0.16304347826086957,10.0,0.0,0.0,8.0,0.0,0.0,180.83333333333326,60.27777777777775,20.333333333333332,3,1.0,-60.27777777777775,-1.0,64,0.71875,0.125,0.15625,10,0.0,225,0.7288888888888889,0.27111111111111114,0.0,0,0.0,64,3,0.046875,0.71875,0.125,0.15625,0.0
C:\Users\hello\GitHubRepos\MA-NormEmergence\saved_runs\exp2_one_llm\qwen3_8b\cooperative\altruistic\seed_1,1,1,3,Qwen/Qwen3-8B,cooperative,altruistic,75,4,1.0,40.83333333333331,10.208333333333327,5.833333333333327,0.1071428571428572,44.0,11.0,0.0,158.0,5.833333333333327,5.833333333333327,11.0,1.0,1.0,34.999999999999986,11.666666666666663,11.0,3,1.0,-5.833333333333336,0.0,75,0.21333333333333335,0.14666666666666667,0.6133333333333333,46,0.02666666666666667,225,0.35555555555555557,0.14666666666666667,0.49777777777777776,112,0.0,75,1,0.013333333333333334,0.21333333333333335,0.14666666666666667,0.6133333333333333,0.02666666666666667
C:\Users\hello\GitHubRepos\MA-NormEmergence\saved_runs\exp2_one_llm\qwen3_8b\cooperative\altruistic\seed_10,10,1,3,Qwen/Qwen3-8B,cooperative,altruistic,75,2,0.5,11.666666666666654,2.9166666666666634,0.0,0.5,39.0,8.0,0.07051282051282051,120.0,5.833333333333327,5.833333333333327,11.0,1.0,1.0,5.833333333333327,1.9444444444444422,9.333333333333334,1,0.3333333333333333,3.888888888888885,0.6666666666666667,75,0.38666666666666666,0.14666666666666667,0.4533333333333333,34,0.013333333333333334,209,0.45454545454545453,0.1339712918660287,0.41148325358851673,86,0.0,75,2,0.02666666666666667,0.38666666666666666,0.14666666666666667,0.4533333333333333,0.013333333333333334
C:\Users\hello\GitHubRepos\MA-NormEmergence\saved_runs\exp2_one_llm\qwen3_8b\cooperative\altruistic\seed_2,2,1,3,Qwen/Qwen3-8B,cooperative,altruistic,75,4,1.0,34.99999999999998,8.749999999999995,5.833333333333327,0.1666666666666668,44.0,11.0,0.0,154.0,11.66666666666666,11.66666666666666,11.0,1.0,1.0,23.333333333333314,7.7777777777777715,11.0,3,1.0,3.8888888888888893,0.0,75,0.29333333333333333,0.14666666666666667,0.5466666666666666,41,0.013333333333333334,225,0.3511111111111111,0.14666666666666667,0.5022222222222222,113,0.0,75,0,0.0,0.29333333333333333,0.14666666666666667,0.5466666666666666,0.013333333333333334
C:\Users\hello\GitHubRepos\MA-NormEmergence\saved_runs\exp2_one_llm\qwen3_8b\cooperative\altruistic\seed_3,3,1,3,Qwen/Qwen3-8B,cooperative,altruistic,75,4,1.0,34.99999999999997,8.749999999999993,5.833333333333323,0.1666666666666669,44.0,11.0,0.0,158.0,5.833333333333323,5.833333333333323,11.0,1.0,1.0,29.166666666666647,9.722222222222216,11.0,3,1.0,-3.888888888888893,0.0,75,0.26666666666666666,0.14666666666666667,0.5866666666666667,44,0.0,225,0.3466666666666667,0.14666666666666667,0.5066666666666667,114,0.0,75,0,0.0,0.26666666666666666,0.14666666666666667,0.5866666666666667,0.0
C:\Users\hello\GitHubRepos\MA-NormEmergence\saved_runs\exp2_one_llm\qwen3_8b\cooperative\altruistic\seed_4,4,1,3,Qwen/Qwen3-8B,cooperative,altruistic,75,4,1.0,46.66666666666664,11.66666666666666,5.833333333333327,0.18750000000000008,44.0,11.0,0.0,156.0,11.66666666666666,11.66666666666666,11.0,1.0,1.0,34.99999999999998,11.666666666666659,11.0,3,1.0,1.7763568394002505e-15,0.0,75,0.28,0.14666666666666667,0.5466666666666666,41,0.02666666666666667,225,0.3422222222222222,0.14666666666666667,0.5111111111111111,115,0.0,75,1,0.013333333333333334,0.28,0.14666666666666667,0.5466666666666666,0.02666666666666667
C:\Users\hello\GitHubRepos\MA-NormEmergence\saved_runs\exp2_one_llm\qwen3_8b\cooperative\altruistic\seed_5,5,1,3,Qwen/Qwen3-8B,cooperative,altruistic,75,2,0.5,17.499999999999986,4.3749999999999964,0.0,0.5833333333333335,37.0,5.0,0.12837837837837837,113.0,0.0,0.0,5.0,0.0,0.0,17.499999999999986,5.833333333333329,10.666666666666666,2,0.6666666666666666,-5.833333333333329,-0.6666666666666666,46,0.32608695652173914,0.10869565217391304,0.5434782608695652,25,0.021739130434782608,225,0.4666666666666667,0.14222222222222222,0.39111111111111113,88,0.0,46,2,0.043478260869565216,0.32608695652173914,0.10869565217391304,0.5434782608695652,0.021739130434782608
C:\Users\hello\GitHubRepos\MA-NormEmergence\saved_runs\exp2_one_llm\qwen3_8b\cooperative\altruistic\seed_6,6,1,3,Qwen/Qwen3-8B,cooperative,altruistic,75,4,1.0,34.99999999999997,8.749999999999993,5.833333333333327,0.16666666666666682,44.0,11.0,0.0,158.0,5.833333333333327,5.833333333333327,11.0,1.0,1.0,29.16666666666665,9.722222222222216,11.0,3,1.0,-3.8888888888888893,0.0,75,0.28,0.14666666666666667,0.5733333333333334,43,0.0,225,0.3422222222222222,0.14666666666666667,0.5111111111111111,115,0.0,75,1,0.013333333333333334,0.28,0.14666666666666667,0.5733333333333334,0.0
C:\Users\hello\GitHubRepos\MA-NormEmergence\saved_runs\exp2_one_llm\qwen3_8b\cooperative\altruistic\seed_7,7,1,3,Qwen/Qwen3-8B,cooperative,altruistic,75,1,0.25,5.833333333333327,1.4583333333333317,0.0,0.7499999999999999,36.0,6.0,0.1111111111111111,115.0,0.0,0.0,9.0,0.0,0.0,5.833333333333327,1.9444444444444422,9.0,1,0.3333333333333333,-1.9444444444444422,-0.3333333333333333,70,0.42857142857142855,0.12857142857142856,0.42857142857142855,30,0.014285714285714285,202,0.44554455445544555,0.13366336633663367,0.4207920792079208,85,0.0,70,1,0.014285714285714285,0.42857142857142855,0.12857142857142856,0.42857142857142855,0.014285714285714285
C:\Users\hello\GitHubRepos\MA-NormEmergence\saved_runs\exp2_one_llm\qwen3_8b\cooperative\altruistic\seed_8,8,1,3,Qwen/Qwen3-8B,cooperative,altruistic,75,3,0.75,23.333333333333314,5.833333333333329,0.0,0.37500000000000017,43.0,10.0,0.01744186046511628,161.0,11.66666666666666,11.66666666666666,11.0,1.0,1.0,11.666666666666654,3.8888888888888844,10.666666666666666,2,0.6666666666666666,7.777777777777777,0.33333333333333337,75,0.22666666666666666,0.14666666666666667,0.6133333333333333,46,0.013333333333333334,225,0.3466666666666667,0.14222222222222222,0.5111111111111111,115,0.0,75,0,0.0,0.22666666666666666,0.14666666666666667,0.6133333333333333,0.013333333333333334
C:\Users\hello\GitHubRepos\MA-NormEmergence\saved_runs\exp2_one_llm\qwen3_8b\cooperative\altruistic\seed_9,9,1,3,Qwen/Qwen3-8B,cooperative,altruistic,75,4,1.0,40.833333333333314,10.208333333333329,5.833333333333327,0.10714285714285719,44.0,11.0,0.0,172.0,11.66666666666666,11.66666666666666,11.0,1.0,1.0,29.166666666666647,9.722222222222216,11.0,3,1.0,1.9444444444444446,0.0,75,0.24,0.14666666666666667,0.6,45,0.013333333333333334,225,0.28888888888888886,0.14666666666666667,0.5644444444444444,127,0.0,75,2,0.02666666666666667,0.24,0.14666666666666667,0.6,0.013333333333333334
C:\Users\hello\GitHubRepos\MA-NormEmergence\saved_runs\exp2_one_llm\qwen3_8b\cooperative\cooperative\seed_1,1,1,3,Qwen/Qwen3-8B,cooperative,cooperative,75,4,1.0,40.83333333333331,10.208333333333327,5.833333333333323,0.1071428571428573,44.0,11.0,0.0,188.0,5.833333333333323,5.833333333333323,11.0,1.0,1.0,34.999999999999986,11.666666666666663,11.0,3,1.0,-5.833333333333339,0.0,75,0.18666666666666668,0.14666666666666667,0.64,48,0.02666666666666667,225,0.2311111111111111,0.14666666666666667,0.6222222222222222,140,0.0,75,3,0.04,0.18666666666666668,0.14666666666666667,0.64,0.02666666666666667
C:\Users\hello\GitHubRepos\MA-NormEmergence\saved_runs\exp2_one_llm\qwen3_8b\cooperative\cooperative\seed_10,10,1,3,Qwen/Qwen3-8B,cooperative,cooperative,75,4,1.0,29.166666666666643,7.291666666666661,5.833333333333327,0.15000000000000013,44.0,11.0,0.0,153.0,11.66666666666666,11.66666666666666,11.0,1.0,1.0,17.49999999999998,5.833333333333326,11.0,3,1.0,5.833333333333335,0.0,75,0.29333333333333333,0.14666666666666667,0.5466666666666666,41,0.013333333333333334,225,0.35555555555555557,0.14666666666666667,0.49777777777777776,112,0.0,75,0,0.0,0.29333333333333333,0.14666666666666667,0.5466666666666666,0.013333333333333334
C:\Users\hello\GitHubRepos\MA-NormEmergence\saved_runs\exp2_one_llm\qwen3_8b\cooperative\cooperative\seed_2,2,1,3,Qwen/Qwen3-8B,cooperative,cooperative,75,4,1.0,29.166666666666643,7.291666666666661,5.833333333333327,0.15000000000000013,44.0,11.0,0.0,151.0,5.833333333333327,5.833333333333327,11.0,1.0,1.0,23.333333333333314,7.7777777777777715,11.0,3,1.0,-1.9444444444444446,0.0,75,0.29333333333333333,0.14666666666666667,0.5466666666666666,41,0.013333333333333334,225,0.36444444444444446,0.14666666666666667,0.4888888888888889,110,0.0,75,0,0.0,0.29333333333333333,0.14666666666666667,0.5466666666666666,0.013333333333333334
C:\Users\hello\GitHubRepos\MA-NormEmergence\saved_runs\exp2_one_llm\qwen3_8b\cooperative\cooperative\seed_3,3,1,3,Qwen/Qwen3-8B,cooperative,cooperative,75,4,1.0,40.8333333333333,10.208333333333325,5.833333333333327,0.10714285714285729,44.0,11.0,0.0,191.0,11.666666666666652,11.666666666666652,11.0,1.0,1.0,29.16666666666665,9.722222222222216,11.0,3,1.0,1.9444444444444358,0.0,75,0.18666666666666668,0.14666666666666667,0.6666666666666666,50,0.0,225,0.22666666666666666,0.14666666666666667,0.6266666666666667,141,0.0,75,1,0.013333333333333334,0.18666666666666668,0.14666666666666667,0.6666666666666666,0.0
C:\Users\hello\GitHubRepos\MA-NormEmergence\saved_runs\exp2_one_llm\qwen3_8b\cooperative\cooperative\seed_4,4,1,3,Qwen/Qwen3-8B,cooperative,cooperative,75,4,1.0,34.99999999999997,8.749999999999993,5.833333333333327,0.16666666666666682,44.0,11.0,0.0,170.0,11.66666666666666,11.66666666666666,11.0,1.0,1.0,23.333333333333314,7.7777777777777715,11.0,3,1.0,3.8888888888888893,0.0,75,0.24,0.14666666666666667,0.5866666666666667,44,0.02666666666666667,225,0.29333333333333333,0.14666666666666667,0.56,126,0.0,75,2,0.02666666666666667,0.24,0.14666666666666667,0.5866666666666667,0.02666666666666667
C:\Users\hello\GitHubRepos\MA-NormEmergence\saved_runs\exp2_one_llm\qwen3_8b\cooperative\cooperative\seed_5,5,1,3,Qwen/Qwen3-8B,cooperative,cooperative,75,4,1.0,40.833333333333314,10.208333333333329,5.833333333333327,0.10714285714285719,44.0,11.0,0.0,178.0,11.66666666666666,11.66666666666666,11.0,1.0,1.0,29.166666666666647,9.722222222222216,11.0,3,1.0,1.9444444444444446,0.0,75,0.21333333333333335,0.14666666666666667,0.6133333333333333,46,0.02666666666666667,225,0.26666666666666666,0.14666666666666667,0.5866666666666667,132,0.0,75,1,0.013333333333333334,0.21333333333333335,0.14666666666666667,0.6133333333333333,0.02666666666666667
C:\Users\hello\GitHubRepos\MA-NormEmergence\saved_runs\exp2_one_llm\qwen3_8b\cooperative\cooperative\seed_6,6,1,3,Qwen/Qwen3-8B,cooperative,cooperative,75,4,1.0,40.83333333333331,10.208333333333327,5.833333333333323,0.1071428571428573,44.0,11.0,0.0,178.0,5.833333333333323,5.833333333333323,11.0,1.0,1.0,34.999999999999986,11.666666666666663,11.0,3,1.0,-5.833333333333339,0.0,75,0.24,0.14666666666666667,0.6133333333333333,46,0.0,225,0.26666666666666666,0.14666666666666667,0.5866666666666667,132,0.0,75,2,0.02666666666666667,0.24,0.14666666666666667,0.6133333333333333,0.0
C:\Users\hello\GitHubRepos\MA-NormEmergence\saved_runs\exp2_one_llm\qwen3_8b\cooperative\cooperative\seed_7,7,1,3,Qwen/Qwen3-8B,cooperative,cooperative,75,4,1.0,40.8333333333333,10.208333333333325,5.833333333333327,0.10714285714285729,44.0,11.0,0.0,172.0,11.666666666666652,11.666666666666652,11.0,1.0,1.0,29.166666666666647,9.722222222222216,11.0,3,1.0,1.9444444444444358,0.0,75,0.21333333333333335,0.14666666666666667,0.6133333333333333,46,0.02666666666666667,225,0.29333333333333333,0.14666666666666667,0.56,126,0.0,75,1,0.013333333333333334,0.21333333333333335,0.14666666666666667,0.6133333333333333,0.02666666666666667
C:\Users\hello\GitHubRepos\MA-NormEmergence\saved_runs\exp2_one_llm\qwen3_8b\cooperative\cooperative\seed_8,8,1,3,Qwen/Qwen3-8B,cooperative,cooperative,75,4,1.0,29.166666666666643,7.291666666666661,5.833333333333327,0.15000000000000013,44.0,11.0,0.0,141.0,5.833333333333327,5.833333333333327,11.0,1.0,1.0,23.333333333333314,7.7777777777777715,11.0,3,1.0,-1.9444444444444446,0.0,75,0.28,0.14666666666666667,0.5466666666666666,41,0.02666666666666667,225,0.4088888888888889,0.14666666666666667,0.4444444444444444,100,0.0,75,1,0.013333333333333334,0.28,0.14666666666666667,0.5466666666666666,0.02666666666666667
C:\Users\hello\GitHubRepos\MA-NormEmergence\saved_runs\exp2_one_llm\qwen3_8b\cooperative\cooperative\seed_9,9,1,3,Qwen/Qwen3-8B,cooperative,cooperative,75,4,1.0,34.99999999999997,8.749999999999993,5.833333333333323,0.1666666666666669,44.0,11.0,0.0,145.0,5.833333333333323,5.833333333333323,11.0,1.0,1.0,29.166666666666647,9.722222222222216,11.0,3,1.0,-3.888888888888893,0.0,75,0.28,0.14666666666666667,0.56,42,0.013333333333333334,225,0.39555555555555555,0.14666666666666667,0.4577777777777778,103,0.0,75,0,0.0,0.28,0.14666666666666667,0.56,0.013333333333333334
C:\Users\hello\GitHubRepos\MA-NormEmergence\saved_runs\exp2_one_llm\qwen3_8b\cooperative\self_interested\seed_1,1,1,3,Qwen/Qwen3-8B,cooperative,self_interested,75,4,1.0,157.49999999999983,39.37499999999996,29.16666666666662,0.101851851851852,66.0,14.0,0.05303030303030303,4.0,29.16666666666662,29.16666666666662,14.0,1.0,1.0,128.3333333333332,42.777777777777736,17.333333333333332,3,1.0,-13.611111111111114,0.0,75,0.76,0.18666666666666668,0.05333333333333334,4,0.0,225,0.7688888888888888,0.2311111111111111,0.0,0,0.0,75,1,0.013333333333333334,0.76,0.18666666666666668,0.05333333333333334,0.0
C:\Users\hello\GitHubRepos\MA-NormEmergence\saved_runs\exp2_one_llm\qwen3_8b\cooperative\self_interested\seed_10,10,1,3,Qwen/Qwen3-8B,cooperative,self_interested,75,4,1.0,215.83333333333337,53.95833333333334,40.83333333333329,0.14189189189189255,75.0,16.0,0.08333333333333333,4.0,40.83333333333329,40.83333333333329,16.0,1.0,1.0,175.00000000000009,58.333333333333364,19.666666666666668,3,1.0,-17.50000000000007,0.0,75,0.7333333333333333,0.21333333333333335,0.05333333333333334,4,0.0,225,0.7377777777777778,0.26222222222222225,0.0,0,0.0,75,1,0.013333333333333334,0.7333333333333333,0.21333333333333335,0.05333333333333334,0.0
C:\Users\hello\GitHubRepos\MA-NormEmergence\saved_runs\exp2_one_llm\qwen3_8b\cooperative\self_interested\seed_2,2,1,3,Qwen/Qwen3-8B,cooperative,self_interested,75,4,1.0,128.33333333333314,32.083333333333286,17.499999999999954,0.18181818181818216,62.0,13.0,0.06451612903225806,2.0,17.499999999999954,17.499999999999954,13.0,1.0,1.0,110.83333333333321,36.94444444444441,16.333333333333332,3,1.0,-19.444444444444454,0.0,75,0.8,0.17333333333333334,0.02666666666666667,2,0.0,225,0.7822222222222223,0.21777777777777776,0.0,0,0.0,75,0,0.0,0.8,0.17333333333333334,0.02666666666666667,0.0
C:\Users\hello\GitHubRepos\MA-NormEmergence\saved_runs\exp2_one_llm\qwen3_8b\cooperative\self_interested\seed_3,3,1,3,Qwen/Qwen3-8B,cooperative,self_interested,75,4,1.0,192.4999999999999,48.12499999999997,17.499999999999954,0.15909090909090923,73.0,13.0,0.07191780821917808,2.0,17.499999999999954,17.499999999999954,13.0,1.0,1.0,174.9999999999999,58.33333333333329,20.0,3,1.0,-40.83333333333334,0.0,75,0.8,0.17333333333333334,0.02666666666666667,2,0.0,225,0.7333333333333333,0.26666666666666666,0.0,0,0.0,75,1,0.013333333333333334,0.8,0.17333333333333334,0.02666666666666667,0.0
C:\Users\hello\GitHubRepos\MA-NormEmergence\saved_runs\exp2_one_llm\qwen3_8b\cooperative\self_interested\seed_4,4,1,3,Qwen/Qwen3-8B,cooperative,self_interested,75,4,1.0,233.33333333333354,58.333333333333385,29.16666666666662,0.13750000000000043,79.0,15.0,0.06645569620253164,3.0,29.16666666666662,29.16666666666662,15.0,1.0,1.0,204.1666666666669,68.05555555555564,21.333333333333332,3,1.0,-38.88888888888902,0.0,75,0.76,0.2,0.04,3,0.0,225,0.7155555555555555,0.28444444444444444,0.0,0,0.0,75,1,0.013333333333333334,0.76,0.2,0.04,0.0
C:\Users\hello\GitHubRepos\MA-NormEmergence\saved_runs\exp2_one_llm\qwen3_8b\cooperative\self_interested\seed_5,5,1,3,Qwen/Qwen3-8B,cooperative,self_interested,75,4,1.0,256.66666666666686,64.16666666666671,52.499999999999964,0.07954545454545511,84.0,19.0,0.041666666666666664,6.0,52.499999999999964,52.499999999999964,19.0,1.0,1.0,204.1666666666669,68.05555555555564,21.666666666666668,3,1.0,-15.555555555555678,0.0,75,0.6666666666666666,0.25333333333333335,0.08,6,0.0,225,0.7111111111111111,0.28888888888888886,0.0,0,0.0,75,0,0.0,0.6666666666666666,0.25333333333333335,0.08,0.0
C:\Users\hello\GitHubRepos\MA-NormEmergence\saved_runs\exp2_one_llm\qwen3_8b\cooperative\self_interested\seed_6,6,1,3,Qwen/Qwen3-8B,cooperative,self_interested,75,4,1.0,163.33333333333317,40.83333333333329,34.99999999999996,0.053571428571428645,68.0,16.0,0.022058823529411766,4.0,34.99999999999996,34.99999999999996,16.0,1.0,1.0,128.3333333333332,42.777777777777736,17.333333333333332,3,1.0,-7.777777777777779,0.0,75,0.7333333333333333,0.21333333333333335,0.05333333333333334,4,0.0,225,0.7688888888888888,0.2311111111111111,0.0,0,0.0,75,0,0.0,0.7333333333333333,0.21333333333333335,0.05333333333333334,0.0
C:\Users\hello\GitHubRepos\MA-NormEmergence\saved_runs\exp2_one_llm\qwen3_8b\cooperative\self_interested\seed_7,7,1,3,Qwen/Qwen3-8B,cooperative,self_interested,75,4,1.0,256.6666666666667,64.16666666666667,58.3333333333333,0.04545454545454596,83.0,19.0,0.03313253012048193,2.0,58.3333333333333,58.3333333333333,19.0,1.0,1.0,198.33333333333343,66.11111111111114,21.333333333333332,3,1.0,-7.7777777777778425,0.0,75,0.72,0.25333333333333335,0.02666666666666667,2,0.0,225,0.7155555555555555,0.28444444444444444,0.0,0,0.0,75,1,0.013333333333333334,0.72,0.25333333333333335,0.02666666666666667,0.0
C:\Users\hello\GitHubRepos\MA-NormEmergence\saved_runs\exp2_one_llm\qwen3_8b\cooperative\self_interested\seed_8,8,1,3,Qwen/Qwen3-8B,cooperative,self_interested,75,4,1.0,274.166666666667,68.54166666666676,46.66666666666663,0.11170212765957525,87.0,18.0,0.0603448275862069,2.0,46.66666666666663,46.66666666666663,18.0,1.0,1.0,227.5000000000004,75.83333333333347,23.0,3,1.0,-29.166666666666842,0.0,75,0.7333333333333333,0.24,0.02666666666666667,2,0.0,225,0.6933333333333334,0.30666666666666664,0.0,0,0.0,75,0,0.0,0.7333333333333333,0.24,0.02666666666666667,0.0
C:\Users\hello\GitHubRepos\MA-NormEmergence\saved_runs\exp2_one_llm\qwen3_8b\cooperative\self_interested\seed_9,9,1,3,Qwen/Qwen3-8B,cooperative,self_interested,75,4,1.0,256.66666666666674,64.16666666666669,58.3333333333333,0.03409090909090951,83.0,20.0,0.02108433734939759,4.0,58.3333333333333,58.3333333333333,20.0,1.0,1.0,198.33333333333346,66.11111111111116,21.0,3,1.0,-7.777777777777857,0.0,75,0.68,0.26666666666666666,0.05333333333333334,4,0.0,225,0.72,0.28,0.0,0,0.0,75,1,0.013333333333333334,0.68,0.26666666666666666,0.05333333333333334,0.0
C:\Users\hello\GitHubRepos\MA-NormEmergence\saved_runs\exp2_one_llm\qwen3_8b\self_interested\altruistic\seed_1,1,1,3,Qwen/Qwen3-8B,self_interested,altruistic,75,1,0.25,46.66666666666663,11.666666666666657,0.0,0.75,41.0,7.0,0.20121951219512196,66.0,46.66666666666663,46.66666666666663,18.0,1.0,1.0,0.0,0.0,7.666666666666667,0,0.0,46.66666666666663,1.0,75,0.76,0.24,0.0,0,0.0,186,0.521505376344086,0.12365591397849462,0.3548387096774194,66,0.0,75,0,0.0,0.76,0.24,0.0,0.0
C:\Users\hello\GitHubRepos\MA-NormEmergence\saved_runs\exp2_one_llm\qwen3_8b\self_interested\altruistic\seed_10,10,1,3,Qwen/Qwen3-8B,self_interested,altruistic,75,1,0.25,93.33333333333351,23.33333333333338,0.0,0.7500000000000001,53.0,9.0,0.23113207547169812,78.0,93.33333333333351,93.33333333333351,25.0,1.0,1.0,0.0,0.0,9.333333333333334,0,0.0,93.33333333333351,1.0,75,0.6533333333333333,0.3333333333333333,0.0,0,0.013333333333333334,215,0.5069767441860465,0.13023255813953488,0.3627906976744186,78,0.0,75,1,0.013333333333333334,0.6533333333333333,0.3333333333333333,0.0,0.013333333333333334
C:\Users\hello\GitHubRepos\MA-NormEmergence\saved_runs\exp2_one_llm\qwen3_8b\self_interested\altruistic\seed_2,2,1,3,Qwen/Qwen3-8B,self_interested,altruistic,75,2,0.5,110.83333333333337,27.708333333333343,0.0,0.7236842105263159,45.0,2.0,0.45,64.0,105.00000000000004,105.00000000000004,27.0,1.0,1.0,5.833333333333327,1.9444444444444422,6.0,1,0.3333333333333333,103.0555555555556,0.6666666666666667,75,0.64,0.36,0.0,0,0.0,150,0.4533333333333333,0.12,0.4266666666666667,64,0.0,75,1,0.013333333333333334,0.64,0.36,0.0,0.0
C:\Users\hello\GitHubRepos\MA-NormEmergence\saved_runs\exp2_one_llm\qwen3_8b\self_interested\altruistic\seed_3,3,1,3,Qwen/Qwen3-8B,self_interested,altruistic,75,4,1.0,110.83333333333346,27.708333333333364,5.833333333333327,0.5131578947368426,57.0,11.0,0.17105263157894737,115.0,81.66666666666681,81.66666666666681,24.0,1.0,1.0,29.166666666666647,9.722222222222216,11.0,3,1.0,71.9444444444446,0.0,75,0.68,0.32,0.0,0,0.0,225,0.3422222222222222,0.14666666666666667,0.5111111111111111,115,0.0,75,0,0.0,0.68,0.32,0.0,0.0
C:\Users\hello\GitHubRepos\MA-NormEmergence\saved_runs\exp2_one_llm\qwen3_8b\self_interested\altruistic\seed_4,4,1,3,Qwen/Qwen3-8B,self_interested,altruistic,75,4,1.0,99.16666666666683,24.791666666666707,5.833333333333327,0.4852941176470595,55.0,11.0,0.15,95.0,70.00000000000018,70.00000000000018,22.0,1.0,1.0,29.16666666666665,9.722222222222216,11.0,3,1.0,60.27777777777797,0.0,75,0.7066666666666667,0.29333333333333333,0.0,0,0.0,225,0.4311111111111111,0.14666666666666667,0.4222222222222222,95,0.0,75,0,0.0,0.7066666666666667,0.29333333333333333,0.0,0.0
C:\Users\hello\GitHubRepos\MA-NormEmergence\saved_runs\exp2_one_llm\qwen3_8b\self_interested\altruistic\seed_5,5,1,3,Qwen/Qwen3-8B,self_interested,altruistic,75,2,0.5,75.83333333333336,18.95833333333334,0.0,0.7115384615384617,51.0,9.0,0.20098039215686275,106.0,70.00000000000003,70.00000000000003,22.0,1.0,1.0,5.833333333333327,1.9444444444444422,9.666666666666666,1,0.3333333333333333,68.05555555555559,0.6666666666666667,75,0.7066666666666667,0.29333333333333333,0.0,0,0.0,215,0.37209302325581395,0.13488372093023257,0.4930232558139535,106,0.0,75,0,0.0,0.7066666666666667,0.29333333333333333,0.0,0.0
C:\Users\hello\GitHubRepos\MA-NormEmergence\saved_runs\exp2_one_llm\qwen3_8b\self_interested\altruistic\seed_6,6,1,3,Qwen/Qwen3-8B,self_interested,altruistic,75,4,1.0,110.83333333333337,27.708333333333343,5.833333333333327,0.5657894736842107,58.0,11.0,0.1810344827586207,106.0,87.50000000000006,87.50000000000006,25.0,1.0,1.0,23.333333333333314,7.7777777777777715,11.0,3,1.0,79.72222222222229,0.0,75,0.6666666666666666,0.3333333333333333,0.0,0,0.0,225,0.38222222222222224,0.14666666666666667,0.4711111111111111,106,0.0,75,0,0.0,0.6666666666666666,0.3333333333333333,0.0,0.0
C:\Users\hello\GitHubRepos\MA-NormEmergence\saved_runs\exp2_one_llm\qwen3_8b\self_interested\altruistic\seed_7,7,1,3,Qwen/Qwen3-8B,self_interested,altruistic,75,4,1.0,99.16666666666674,24.791666666666686,5.833333333333327,0.48529411764705926,55.0,11.0,0.15,130.0,70.0000000000001,70.0000000000001,22.0,1.0,1.0,29.166666666666647,9.722222222222216,11.0,3,1.0,60.277777777777885,0.0,75,0.7066666666666667,0.29333333333333333,0.0,0,0.0,225,0.27555555555555555,0.14666666666666667,0.5777777777777777,130,0.0,75,0,0.0,0.7066666666666667,0.29333333333333333,0.0,0.0
C:\Users\hello\GitHubRepos\MA-NormEmergence\saved_runs\exp2_one_llm\qwen3_8b\self_interested\altruistic\seed_8,8,1,3,Qwen/Qwen3-8B,self_interested,altruistic,75,2,0.5,75.8333333333334,18.95833333333335,0.0,0.7115384615384616,51.0,9.0,0.20098039215686275,105.0,70.00000000000007,70.00000000000007,22.0,1.0,1.0,5.833333333333327,1.9444444444444422,9.666666666666666,1,0.3333333333333333,68.05555555555563,0.6666666666666667,75,0.7066666666666667,0.29333333333333333,0.0,0,0.0,215,0.3767441860465116,0.13488372093023257,0.4883720930232558,105,0.0,75,0,0.0,0.7066666666666667,0.29333333333333333,0.0,0.0
C:\Users\hello\GitHubRepos\MA-NormEmergence\saved_runs\exp2_one_llm\qwen3_8b\self_interested\altruistic\seed_9,9,1,3,Qwen/Qwen3-8B,self_interested,altruistic,75,2,0.5,40.833333333333286,10.208333333333321,0.0,0.6785714285714285,35.0,3.0,0.32142857142857145,59.0,34.99999999999996,34.99999999999996,16.0,1.0,1.0,5.833333333333327,1.9444444444444422,6.333333333333333,1,0.3333333333333333,33.055555555555515,0.6666666666666667,75,0.7866666666666666,0.21333333333333335,0.0,0,0.0,156,0.5,0.12179487179487179,0.3782051282051282,59,0.0,75,0,0.0,0.7866666666666666,0.21333333333333335,0.0,0.0
C:\Users\hello\GitHubRepos\MA-NormEmergence\saved_runs\exp2_one_llm\qwen3_8b\self_interested\cooperative\seed_1,1,1,3,Qwen/Qwen3-8B,self_interested,cooperative,75,2,0.5,87.50000000000006,21.875000000000014,0.0,0.7166666666666667,55.0,10.0,0.19545454545454546,119.0,81.66666666666673,81.66666666666673,24.0,1.0,1.0,5.833333333333327,1.9444444444444422,10.333333333333334,1,0.3333333333333333,79.72222222222229,0.6666666666666667,75,0.68,0.32,0.0,0,0.0,225,0.3333333333333333,0.13777777777777778,0.5288888888888889,119,0.0,75,2,0.02666666666666667,0.68,0.32,0.0,0.0
C:\Users\hello\GitHubRepos\MA-NormEmergence\saved_runs\exp2_one_llm\qwen3_8b\self_interested\cooperative\seed_10,10,1,3,Qwen/Qwen3-8B,self_interested,cooperative,75,4,1.0,110.8333333333334,27.70833333333335,5.833333333333327,0.5131578947368425,57.0,11.0,0.17105263157894737,115.0,81.66666666666676,81.66666666666676,24.0,1.0,1.0,29.16666666666665,9.722222222222216,11.0,3,1.0,71.94444444444454,0.0,75,0.68,0.32,0.0,0,0.0,225,0.3422222222222222,0.14666666666666667,0.5111111111111111,115,0.0,75,0,0.0,0.68,0.32,0.0,0.0
C:\Users\hello\GitHubRepos\MA-NormEmergence\saved_runs\exp2_one_llm\qwen3_8b\self_interested\cooperative\seed_2,2,1,3,Qwen/Qwen3-8B,self_interested,cooperative,75,3,0.75,93.33333333333336,23.33333333333334,0.0,0.65625,52.0,6.0,0.25961538461538464,86.0,81.6666666666667,81.6666666666667,24.0,1.0,1.0,11.666666666666654,3.8888888888888844,9.333333333333334,2,0.6666666666666666,77.77777777777781,0.33333333333333337,75,0.68,0.32,0.0,0,0.0,202,0.43564356435643564,0.13861386138613863,0.42574257425742573,86,0.0,75,0,0.0,0.68,0.32,0.0,0.0
C:\Users\hello\GitHubRepos\MA-NormEmergence\saved_runs\exp2_one_llm\qwen3_8b\self_interested\cooperative\seed_3,3,1,3,Qwen/Qwen3-8B,self_interested,cooperative,75,4,1.0,122.50000000000016,30.62500000000004,5.833333333333327,0.5833333333333337,59.0,11.0,0.1906779661016949,130.0,99.16666666666684,99.16666666666684,26.0,1.0,1.0,23.333333333333314,7.7777777777777715,11.0,3,1.0,91.38888888888907,0.0,75,0.6533333333333333,0.3466666666666667,0.0,0,0.0,225,0.27555555555555555,0.14666666666666667,0.5777777777777777,130,0.0,75,0,0.0,0.6533333333333333,0.3466666666666667,0.0,0.0
C:\Users\hello\GitHubRepos\MA-NormEmergence\saved_runs\exp2_one_llm\qwen3_8b\self_interested\cooperative\seed_4,4,1,3,Qwen/Qwen3-8B,self_interested,cooperative,75,4,1.0,110.83333333333348,27.70833333333337,5.833333333333327,0.5131578947368426,56.0,11.0,0.16071428571428573,120.0,81.66666666666684,81.66666666666684,23.0,1.0,1.0,29.166666666666647,9.722222222222216,11.0,3,1.0,71.94444444444463,0.0,75,0.6933333333333334,0.30666666666666664,0.0,0,0.0,225,0.32,0.14666666666666667,0.5333333333333333,120,0.0,75,0,0.0,0.6933333333333334,0.30666666666666664,0.0,0.0
C:\Users\hello\GitHubRepos\MA-NormEmergence\saved_runs\exp2_one_llm\qwen3_8b\self_interested\cooperative\seed_5,5,1,3,Qwen/Qwen3-8B,self_interested,cooperative,75,3,0.75,99.16666666666674,24.791666666666686,0.0,0.6617647058823531,56.0,10.0,0.1875,129.0,87.50000000000009,87.50000000000009,24.0,1.0,1.0,11.666666666666654,3.8888888888888844,10.666666666666666,2,0.6666666666666666,83.6111111111112,0.33333333333333337,75,0.68,0.32,0.0,0,0.0,225,0.28444444444444444,0.14222222222222222,0.5733333333333334,129,0.0,75,0,0.0,0.68,0.32,0.0,0.0
C:\Users\hello\GitHubRepos\MA-NormEmergence\saved_runs\exp2_one_llm\qwen3_8b\self_interested\cooperative\seed_6,6,1,3,Qwen/Qwen3-8B,self_interested,cooperative,75,2,0.5,64.16666666666663,16.041666666666657,0.0,0.6590909090909091,41.0,6.0,0.25,75.0,52.499999999999964,52.499999999999964,18.0,1.0,1.0,11.66666666666666,3.888888888888887,7.666666666666667,1,0.3333333333333333,48.61111111111108,0.6666666666666667,75,0.76,0.24,0.0,0,0.0,179,0.45251396648044695,0.12849162011173185,0.41899441340782123,75,0.0,75,0,0.0,0.76,0.24,0.0,0.0
C:\Users\hello\GitHubRepos\MA-NormEmergence\saved_runs\exp2_one_llm\qwen3_8b\self_interested\cooperative\seed_7,7,1,3,Qwen/Qwen3-8B,self_interested,cooperative,75,3,0.75,64.16666666666661,16.041666666666654,0.0,0.6136363636363636,51.0,10.0,0.1323529411764706,105.0,52.499999999999964,52.499999999999964,19.0,1.0,1.0,11.666666666666654,3.8888888888888844,10.666666666666666,2,0.6666666666666666,48.61111111111108,0.33333333333333337,75,0.7466666666666667,0.25333333333333335,0.0,0,0.0,225,0.39111111111111113,0.14222222222222222,0.4666666666666667,105,0.0,75,1,0.013333333333333334,0.7466666666666667,0.25333333333333335,0.0,0.0
C:\Users\hello\GitHubRepos\MA-NormEmergence\saved_runs\exp2_one_llm\qwen3_8b\self_interested\cooperative\seed_8,8,1,3,Qwen/Qwen3-8B,self_interested,cooperative,75,2,0.5,81.66666666666669,20.41666666666667,0.0,0.7142857142857142,49.0,5.0,0.28061224489795916,88.0,75.83333333333336,75.83333333333336,23.0,1.0,1.0,5.833333333333327,1.9444444444444422,8.666666666666666,1,0.3333333333333333,73.88888888888891,0.6666666666666667,75,0.6933333333333334,0.30666666666666664,0.0,0,0.0,196,0.41836734693877553,0.1326530612244898,0.4489795918367347,88,0.0,75,0,0.0,0.6933333333333334,0.30666666666666664,0.0,0.0
C:\Users\hello\GitHubRepos\MA-NormEmergence\saved_runs\exp2_one_llm\qwen3_8b\self_interested\cooperative\seed_9,9,1,3,Qwen/Qwen3-8B,self_interested,cooperative,75,4,1.0,87.49999999999994,21.874999999999986,5.833333333333327,0.5166666666666667,53.0,11.0,0.12735849056603774,124.0,64.16666666666663,64.16666666666663,20.0,1.0,1.0,23.333333333333314,7.7777777777777715,11.0,3,1.0,56.38888888888886,0.0,75,0.7333333333333333,0.26666666666666666,0.0,0,0.0,225,0.3022222222222222,0.14666666666666667,0.5511111111111111,124,0.0,75,0,0.0,0.7333333333333333,0.26666666666666666,0.0,0.0
C:\Users\hello\GitHubRepos\MA-NormEmergence\saved_runs\exp2_one_llm\qwen3_8b\self_interested\self_interested\seed_1,1,1,3,Qwen/Qwen3-8B,self_interested,self_interested,75,4,1.0,174.99999999999983,43.74999999999996,29.16666666666662,0.1666666666666669,68.0,15.0,0.058823529411764705,0.0,58.3333333333333,58.3333333333333,19.0,1.0,1.0,116.66666666666654,38.88888888888885,16.333333333333332,3,1.0,19.44444444444445,0.0,75,0.7466666666666667,0.25333333333333335,0.0,0,0.0,225,0.7822222222222223,0.21777777777777776,0.0,0,0.0,75,2,0.02666666666666667,0.7466666666666667,0.25333333333333335,0.0,0.0
C:\Users\hello\GitHubRepos\MA-NormEmergence\saved_runs\exp2_one_llm\qwen3_8b\self_interested\self_interested\seed_10,10,1,3,Qwen/Qwen3-8B,self_interested,self_interested,75,4,1.0,209.99999999999991,52.49999999999998,46.66666666666663,0.04166666666666684,76.0,18.0,0.019736842105263157,0.0,52.499999999999964,52.499999999999964,19.0,1.0,1.0,157.49999999999991,52.49999999999997,19.0,3,1.0,-7.105427357601002e-15,0.0,75,0.7466666666666667,0.25333333333333335,0.0,0,0.0,225,0.7466666666666667,0.25333333333333335,0.0,0,0.0,75,0,0.0,0.7466666666666667,0.25333333333333335,0.0,0.0
C:\Users\hello\GitHubRepos\MA-NormEmergence\saved_runs\exp2_one_llm\qwen3_8b\self_interested\self_interested\seed_2,2,1,3,Qwen/Qwen3-8B,self_interested,self_interested,75,3,0.75,52.499999999999865,13.124999999999966,0.0,0.41666666666666713,45.0,6.0,0.15,0.0,23.33333333333329,23.33333333333329,14.0,1.0,1.0,29.166666666666575,9.722222222222191,10.333333333333334,2,0.6666666666666666,13.611111111111098,0.33333333333333337,75,0.8133333333333334,0.18666666666666668,0.0,0,0.0,202,0.8465346534653465,0.15346534653465346,0.0,0,0.0,75,0,0.0,0.8133333333333334,0.18666666666666668,0.0,0.0
C:\Users\hello\GitHubRepos\MA-NormEmergence\saved_runs\exp2_one_llm\qwen3_8b\self_interested\self_interested\seed_3,3,1,3,Qwen/Qwen3-8B,self_interested,self_interested,75,4,1.0,145.83333333333317,36.45833333333329,23.33333333333329,0.19000000000000028,65.0,14.0,0.07307692307692308,0.0,52.499999999999964,52.499999999999964,19.0,1.0,1.0,93.3333333333332,31.111111111111068,15.333333333333334,3,1.0,21.388888888888896,0.0,75,0.7466666666666667,0.25333333333333335,0.0,0,0.0,225,0.7955555555555556,0.20444444444444446,0.0,0,0.0,75,1,0.013333333333333334,0.7466666666666667,0.25333333333333335,0.0,0.0
C:\Users\hello\GitHubRepos\MA-NormEmergence\saved_runs\exp2_one_llm\qwen3_8b\self_interested\self_interested\seed_4,4,1,3,Qwen/Qwen3-8B,self_interested,self_interested,75,4,1.0,169.16666666666652,42.29166666666663,34.99999999999996,0.11206896551724153,69.0,16.0,0.04710144927536232,0.0,58.3333333333333,58.3333333333333,20.0,1.0,1.0,110.83333333333321,36.94444444444441,16.333333333333332,3,1.0,21.388888888888893,0.0,75,0.7333333333333333,0.26666666666666666,0.0,0,0.0,225,0.7822222222222223,0.21777777777777776,0.0,0,0.0,75,0,0.0,0.7333333333333333,0.26666666666666666,0.0,0.0
C:\Users\hello\GitHubRepos\MA-NormEmergence\saved_runs\exp2_one_llm\qwen3_8b\self_interested\self_interested\seed_5,5,1,3,Qwen/Qwen3-8B,self_interested,self_interested,75,4,1.0,250.83333333333363,62.70833333333341,58.3333333333333,0.05232558139534969,83.0,20.0,0.02710843373493976,0.0,75.83333333333356,75.83333333333356,23.0,1.0,1.0,175.00000000000006,58.33333333333335,20.0,3,1.0,17.500000000000206,0.0,75,0.6933333333333334,0.30666666666666664,0.0,0,0.0,225,0.7333333333333333,0.26666666666666666,0.0,0,0.0,75,0,0.0,0.6933333333333334,0.30666666666666664,0.0,0.0
C:\Users\hello\GitHubRepos\MA-NormEmergence\saved_runs\exp2_one_llm\qwen3_8b\self_interested\self_interested\seed_6,6,1,3,Qwen/Qwen3-8B,self_interested,self_interested,75,4,1.0,163.33333333333317,40.83333333333329,34.99999999999996,0.053571428571428645,67.0,16.0,0.011194029850746268,1.0,40.83333333333329,40.83333333333329,17.0,1.0,1.0,122.49999999999989,40.83333333333329,16.666666666666668,3,1.0,0.0,0.0,75,0.76,0.22666666666666666,0.013333333333333334,1,0.0,225,0.7777777777777778,0.2222222222222222,0.0,0,0.0,75,0,0.0,0.76,0.22666666666666666,0.013333333333333334,0.0
C:\Users\hello\GitHubRepos\MA-NormEmergence\saved_runs\exp2_one_llm\qwen3_8b\self_interested\self_interested\seed_7,7,1,3,Qwen/Qwen3-8B,self_interested,self_interested,75,4,1.0,233.3333333333336,58.3333333333334,29.16666666666662,0.18750000000000083,79.0,15.0,0.09177215189873418,0.0,52.499999999999964,52.499999999999964,19.0,1.0,1.0,180.83333333333366,60.277777777777885,20.0,3,1.0,-7.777777777777921,0.0,75,0.7466666666666667,0.25333333333333335,0.0,0,0.0,225,0.7333333333333333,0.26666666666666666,0.0,0,0.0,75,0,0.0,0.7466666666666667,0.25333333333333335,0.0,0.0
C:\Users\hello\GitHubRepos\MA-NormEmergence\saved_runs\exp2_one_llm\qwen3_8b\self_interested\self_interested\seed_8,8,1,3,Qwen/Qwen3-8B,self_interested,self_interested,75,4,1.0,186.66666666666652,46.66666666666663,34.99999999999996,0.1250000000000001,70.0,16.0,0.05,0.0,34.99999999999996,34.99999999999996,16.0,1.0,1.0,151.66666666666654,50.555555555555515,18.0,3,1.0,-15.555555555555557,0.0,75,0.7733333333333333,0.21333333333333335,0.0,0,0.013333333333333334,225,0.76,0.24,0.0,0,0.0,75,0,0.0,0.7733333333333333,0.21333333333333335,0.0,0.013333333333333334
C:\Users\hello\GitHubRepos\MA-NormEmergence\saved_runs\exp2_one_llm\qwen3_8b\self_interested\self_interested\seed_9,9,1,3,Qwen/Qwen3-8B,self_interested,self_interested,75,4,1.0,227.50000000000009,56.87500000000002,46.66666666666663,0.09615384615384659,79.0,18.0,0.04746835443037975,0.0,64.16666666666677,64.16666666666677,21.0,1.0,1.0,163.33333333333331,54.444444444444436,19.333333333333332,3,1.0,9.722222222222335,0.0,75,0.72,0.28,0.0,0,0.0,225,0.7422222222222222,0.2577777777777778,0.0,0,0.0,75,0,0.0,0.72,0.28,0.0,0.0
C:\Users\hello\GitHubRepos\MA-NormEmergence\saved_runs\exp2_one_llm\qwen3_8b\unframed\altruistic\seed_1,1,1,3,Qwen/Qwen3-8B,unframed,altruistic,75,4,1.0,75.83333333333329,18.95833333333332,5.833333333333327,0.48076923076923084,52.0,11.0,0.11538461538461539,112.0,52.499999999999964,52.499999999999964,19.0,1.0,1.0,23.333333333333314,7.7777777777777715,11.0,3,1.0,44.72222222222219,0.0,75,0.7466666666666667,0.25333333333333335,0.0,0,0.0,225,0.35555555555555557,0.14666666666666667,0.49777777777777776,112,0.0,75,1,0.013333333333333334,0.7466666666666667,0.25333333333333335,0.0,0.0
C:\Users\hello\GitHubRepos\MA-NormEmergence\saved_runs\exp2_one_llm\qwen3_8b\unframed\altruistic\seed_10,10,1,3,Qwen/Qwen3-8B,unframed,altruistic,75,4,1.0,87.49999999999994,21.874999999999986,5.833333333333327,0.45000000000000007,53.0,11.0,0.12735849056603774,97.0,58.3333333333333,58.3333333333333,20.0,1.0,1.0,29.166666666666647,9.722222222222216,11.0,3,1.0,48.611111111111086,0.0,75,0.7333333333333333,0.26666666666666666,0.0,0,0.0,225,0.4222222222222222,0.14666666666666667,0.4311111111111111,97,0.0,75,3,0.04,0.7333333333333333,0.26666666666666666,0.0,0.0
C:\Users\hello\GitHubRepos\MA-NormEmergence\saved_runs\exp2_one_llm\qwen3_8b\unframed\altruistic\seed_2,2,1,3,Qwen/Qwen3-8B,unframed,altruistic,75,3,0.75,75.83333333333329,18.95833333333332,0.0,0.5192307692307692,49.0,8.0,0.1683673469387755,115.0,52.499999999999964,52.499999999999964,19.0,1.0,1.0,23.33333333333332,7.777777777777774,10.0,2,0.6666666666666666,44.72222222222219,0.33333333333333337,75,0.7466666666666667,0.25333333333333335,0.0,0,0.0,214,0.32242990654205606,0.14018691588785046,0.5373831775700935,115,0.0,75,1,0.013333333333333334,0.7466666666666667,0.25333333333333335,0.0,0.0
C:\Users\hello\GitHubRepos\MA-NormEmergence\saved_runs\exp2_one_llm\qwen3_8b\unframed\altruistic\seed_3,3,1,3,Qwen/Qwen3-8B,unframed,altruistic,75,4,1.0,134.16666666666674,33.541666666666686,5.833333333333327,0.5326086956521741,59.0,11.0,0.1906779661016949,129.0,99.16666666666676,99.16666666666676,26.0,1.0,1.0,34.999999999999986,11.666666666666663,11.0,3,1.0,87.5000000000001,0.0,75,0.6533333333333333,0.3466666666666667,0.0,0,0.0,225,0.28,0.14666666666666667,0.5733333333333334,129,0.0,75,0,0.0,0.6533333333333333,0.3466666666666667,0.0,0.0
C:\Users\hello\GitHubRepos\MA-NormEmergence\saved_runs\exp2_one_llm\qwen3_8b\unframed\altruistic\seed_4,4,1,3,Qwen/Qwen3-8B,unframed,altruistic,75,4,1.0,105.00000000000009,26.25000000000002,5.833333333333327,0.5000000000000004,55.0,11.0,0.15,105.0,75.83333333333344,75.83333333333344,22.0,1.0,1.0,29.166666666666647,9.722222222222216,11.0,3,1.0,66.11111111111123,0.0,75,0.7066666666666667,0.29333333333333333,0.0,0,0.0,225,0.38666666666666666,0.14666666666666667,0.4666666666666667,105,0.0,75,0,0.0,0.7066666666666667,0.29333333333333333,0.0,0.0
C:\Users\hello\GitHubRepos\MA-NormEmergence\saved_runs\exp2_one_llm\qwen3_8b\unframed\altruistic\seed_5,5,1,3,Qwen/Qwen3-8B,unframed,altruistic,75,4,1.0,128.33333333333343,32.08333333333336,5.833333333333327,0.5454545454545459,60.0,11.0,0.2,124.0,99.1666666666668,99.1666666666668,27.0,1.0,1.0,29.16666666666665,9.722222222222216,11.0,3,1.0,89.44444444444458,0.0,75,0.64,0.36,0.0,0,0.0,225,0.3022222222222222,0.14666666666666667,0.5511111111111111,124,0.0,75,1,0.013333333333333334,0.64,0.36,0.0,0.0
C:\Users\hello\GitHubRepos\MA-NormEmergence\saved_runs\exp2_one_llm\qwen3_8b\unframed\altruistic\seed_6,6,1,3,Qwen/Qwen3-8B,unframed,altruistic,75,2,0.5,69.99999999999996,17.49999999999999,0.0,0.7083333333333333,50.0,8.0,0.2,105.0,64.16666666666663,64.16666666666663,21.0,1.0,1.0,5.833333333333327,1.9444444444444422,9.666666666666666,1,0.3333333333333333,62.222222222222186,0.6666666666666667,75,0.7066666666666667,0.28,0.013333333333333334,1,0.0,214,0.37850467289719625,0.13551401869158877,0.48598130841121495,104,0.0,75,2,0.02666666666666667,0.7066666666666667,0.28,0.013333333333333334,0.0
C:\Users\hello\GitHubRepos\MA-NormEmergence\saved_runs\exp2_one_llm\qwen3_8b\unframed\altruistic\seed_7,7,1,3,Qwen/Qwen3-8B,unframed,altruistic,75,3,0.75,93.3333333333335,23.333333333333375,0.0,0.6562500000000002,56.0,10.0,0.1875,120.0,81.66666666666684,81.66666666666684,24.0,1.0,1.0,11.666666666666654,3.8888888888888844,10.666666666666666,2,0.6666666666666666,77.77777777777796,0.33333333333333337,75,0.68,0.32,0.0,0,0.0,225,0.3244444444444444,0.14222222222222222,0.5333333333333333,120,0.0,75,2,0.02666666666666667,0.68,0.32,0.0,0.0
C:\Users\hello\GitHubRepos\MA-NormEmergence\saved_runs\exp2_one_llm\qwen3_8b\unframed\altruistic\seed_8,8,1,3,Qwen/Qwen3-8B,unframed,altruistic,75,2,0.5,75.83333333333341,18.958333333333353,0.0,0.7115384615384617,53.0,10.0,0.17452830188679244,112.0,70.00000000000009,70.00000000000009,22.0,1.0,1.0,5.833333333333327,1.9444444444444422,10.333333333333334,1,0.3333333333333333,68.05555555555564,0.6666666666666667,75,0.7066666666666667,0.29333333333333333,0.0,0,0.0,225,0.36444444444444446,0.13777777777777778,0.49777777777777776,112,0.0,75,0,0.0,0.7066666666666667,0.29333333333333333,0.0,0.0
C:\Users\hello\GitHubRepos\MA-NormEmergence\saved_runs\exp2_one_llm\qwen3_8b\unframed\altruistic\seed_9,9,1,3,Qwen/Qwen3-8B,unframed,altruistic,75,4,1.0,128.33333333333337,32.08333333333334,5.833333333333327,0.5454545454545455,59.0,11.0,0.1906779661016949,96.0,99.16666666666671,99.16666666666671,26.0,1.0,1.0,29.166666666666647,9.722222222222216,11.0,3,1.0,89.4444444444445,0.0,75,0.6533333333333333,0.3466666666666667,0.0,0,0.0,225,0.4266666666666667,0.14666666666666667,0.4266666666666667,96,0.0,75,3,0.04,0.6533333333333333,0.3466666666666667,0.0,0.0
C:\Users\hello\GitHubRepos\MA-NormEmergence\saved_runs\exp2_one_llm\qwen3_8b\unframed\cooperative\seed_1,1,1,3,Qwen/Qwen3-8B,unframed,cooperative,75,3,0.75,99.16666666666679,24.791666666666696,0.0,0.6323529411764709,52.0,8.0,0.20192307692307693,104.0,81.6666666666668,81.6666666666668,22.0,1.0,1.0,17.499999999999986,5.833333333333329,10.0,2,0.6666666666666666,75.83333333333347,0.33333333333333337,75,0.68,0.29333333333333333,0.013333333333333334,1,0.013333333333333334,214,0.37850467289719625,0.14018691588785046,0.48130841121495327,103,0.0,75,2,0.02666666666666667,0.68,0.29333333333333333,0.013333333333333334,0.013333333333333334
C:\Users\hello\GitHubRepos\MA-NormEmergence\saved_runs\exp2_one_llm\qwen3_8b\unframed\cooperative\seed_10,10,1,3,Qwen/Qwen3-8B,unframed,cooperative,75,1,0.25,52.499999999999964,13.124999999999991,0.0,0.75,41.0,6.0,0.25,90.0,52.499999999999964,52.499999999999964,19.0,1.0,1.0,0.0,0.0,7.333333333333333,0,0.0,52.499999999999964,1.0,75,0.7466666666666667,0.25333333333333335,0.0,0,0.0,180,0.37777777777777777,0.12222222222222222,0.5,90,0.0,75,0,0.0,0.7466666666666667,0.25333333333333335,0.0,0.0
C:\Users\hello\GitHubRepos\MA-NormEmergence\saved_runs\exp2_one_llm\qwen3_8b\unframed\cooperative\seed_2,2,1,3,Qwen/Qwen3-8B,unframed,cooperative,75,1,0.25,87.50000000000013,21.875000000000032,0.0,0.75,53.0,9.0,0.21226415094339623,92.0,87.50000000000013,87.50000000000013,24.0,1.0,1.0,0.0,0.0,9.666666666666666,0,0.0,87.50000000000013,1.0,75,0.68,0.32,0.0,0,0.0,220,0.45,0.1318181818181818,0.41818181818181815,92,0.0,75,4,0.05333333333333334,0.68,0.32,0.0,0.0
C:\Users\hello\GitHubRepos\MA-NormEmergence\saved_runs\exp2_one_llm\qwen3_8b\unframed\cooperative\seed_3,3,1,3,Qwen/Qwen3-8B,unframed,cooperative,75,4,1.0,81.66666666666667,20.416666666666668,5.833333333333327,0.5357142857142858,54.0,11.0,0.1388888888888889,107.0,64.16666666666669,64.16666666666669,21.0,1.0,1.0,17.49999999999998,5.833333333333326,11.0,3,1.0,58.33333333333336,0.0,75,0.72,0.28,0.0,0,0.0,225,0.37777777777777777,0.14666666666666667,0.47555555555555556,107,0.0,75,2,0.02666666666666667,0.72,0.28,0.0,0.0
C:\Users\hello\GitHubRepos\MA-NormEmergence\saved_runs\exp2_one_llm\qwen3_8b\unframed\cooperative\seed_4,4,1,3,Qwen/Qwen3-8B,unframed,cooperative,75,2,0.5,64.16666666666663,16.041666666666657,0.0,0.6136363636363635,46.0,9.0,0.14130434782608695,112.0,46.66666666666663,46.66666666666663,17.0,1.0,1.0,17.499999999999993,5.833333333333331,9.666666666666666,1,0.3333333333333333,40.8333333333333,0.6666666666666667,75,0.7066666666666667,0.22666666666666666,0.06666666666666667,5,0.0,215,0.3674418604651163,0.13488372093023257,0.49767441860465117,107,0.0,75,1,0.013333333333333334,0.7066666666666667,0.22666666666666666,0.06666666666666667,0.0
C:\Users\hello\GitHubRepos\MA-NormEmergence\saved_runs\exp2_one_llm\qwen3_8b\unframed\cooperative\seed_5,5,1,3,Qwen/Qwen3-8B,unframed,cooperative,75,4,1.0,116.66666666666674,29.166666666666686,5.833333333333327,0.5000000000000003,57.0,11.0,0.17105263157894737,129.0,81.66666666666677,81.66666666666677,24.0,1.0,1.0,34.999999999999986,11.666666666666663,11.0,3,1.0,70.00000000000011,0.0,75,0.68,0.32,0.0,0,0.0,225,0.28,0.14666666666666667,0.5733333333333334,129,0.0,75,2,0.02666666666666667,0.68,0.32,0.0,0.0
C:\Users\hello\GitHubRepos\MA-NormEmergence\saved_runs\exp2_one_llm\qwen3_8b\unframed\cooperative\seed_6,6,1,3,Qwen/Qwen3-8B,unframed,cooperative,75,1,0.25,40.83333333333329,10.208333333333323,0.0,0.75,39.0,4.0,0.26282051282051283,68.0,40.83333333333329,40.83333333333329,17.0,1.0,1.0,0.0,0.0,7.333333333333333,0,0.0,40.83333333333329,1.0,75,0.7733333333333333,0.22666666666666666,0.0,0,0.0,179,0.4972067039106145,0.12290502793296089,0.37988826815642457,68,0.0,75,3,0.04,0.7733333333333333,0.22666666666666666,0.0,0.0
C:\Users\hello\GitHubRepos\MA-NormEmergence\saved_runs\exp2_one_llm\qwen3_8b\unframed\cooperative\seed_7,7,1,3,Qwen/Qwen3-8B,unframed,cooperative,75,4,1.0,64.1666666666666,16.04166666666665,5.833333333333327,0.34090909090909083,49.0,11.0,0.07653061224489796,87.0,34.99999999999996,34.99999999999996,16.0,1.0,1.0,29.166666666666647,9.722222222222216,11.0,3,1.0,25.277777777777743,0.0,75,0.7866666666666666,0.21333333333333335,0.0,0,0.0,225,0.4666666666666667,0.14666666666666667,0.38666666666666666,87,0.0,75,0,0.0,0.7866666666666666,0.21333333333333335,0.0,0.0
C:\Users\hello\GitHubRepos\MA-NormEmergence\saved_runs\exp2_one_llm\qwen3_8b\unframed\cooperative\seed_8,8,1,3,Qwen/Qwen3-8B,unframed,cooperative,75,3,0.75,75.83333333333331,18.95833333333333,0.0,0.6346153846153847,53.0,10.0,0.15566037735849056,102.0,64.16666666666666,64.16666666666666,21.0,1.0,1.0,11.666666666666654,3.8888888888888844,10.666666666666666,2,0.6666666666666666,60.27777777777777,0.33333333333333337,75,0.7066666666666667,0.28,0.013333333333333334,1,0.0,225,0.4088888888888889,0.14222222222222222,0.4488888888888889,101,0.0,75,2,0.02666666666666667,0.7066666666666667,0.28,0.013333333333333334,0.0
C:\Users\hello\GitHubRepos\MA-NormEmergence\saved_runs\exp2_one_llm\qwen3_8b\unframed\cooperative\seed_9,9,1,3,Qwen/Qwen3-8B,unframed,cooperative,75,4,1.0,87.49999999999997,21.874999999999993,5.833333333333327,0.5166666666666668,54.0,11.0,0.1388888888888889,102.0,64.16666666666666,64.16666666666666,21.0,1.0,1.0,23.333333333333307,7.777777777777769,11.0,3,1.0,56.388888888888886,0.0,75,0.72,0.28,0.0,0,0.0,225,0.4,0.14666666666666667,0.4533333333333333,102,0.0,75,0,0.0,0.72,0.28,0.0,0.0
C:\Users\hello\GitHubRepos\MA-NormEmergence\saved_runs\exp2_one_llm\qwen3_8b\unframed\self_interested\seed_1,1,1,3,Qwen/Qwen3-8B,unframed,self_interested,75,4,1.0,250.83333333333346,62.708333333333364,46.66666666666663,0.1569767441860471,83.0,18.0,0.08132530120481928,0.0,93.33333333333348,93.33333333333348,26.0,1.0,1.0,157.49999999999997,52.49999999999999,19.0,3,1.0,40.83333333333349,0.0,75,0.64,0.3466666666666667,0.0,0,0.013333333333333334,225,0.7466666666666667,0.25333333333333335,0.0,0,0.0,75,6,0.08,0.64,0.3466666666666667,0.0,0.013333333333333334
C:\Users\hello\GitHubRepos\MA-NormEmergence\saved_runs\exp2_one_llm\qwen3_8b\unframed\self_interested\seed_10,10,1,3,Qwen/Qwen3-8B,unframed,self_interested,75,4,1.0,245.0000000000001,61.25000000000003,46.66666666666663,0.08333333333333391,80.0,17.0,0.05,0.0,70.00000000000007,70.00000000000007,21.0,1.0,1.0,175.00000000000006,58.33333333333335,19.666666666666668,3,1.0,11.666666666666721,0.0,75,0.72,0.28,0.0,0,0.0,225,0.7377777777777778,0.26222222222222225,0.0,0,0.0,75,1,0.013333333333333334,0.72,0.28,0.0,0.0
C:\Users\hello\GitHubRepos\MA-NormEmergence\saved_runs\exp2_one_llm\qwen3_8b\unframed\self_interested\seed_2,2,1,3,Qwen/Qwen3-8B,unframed,self_interested,75,3,0.75,75.8333333333332,18.9583333333333,0.0,0.28846153846153855,53.0,10.0,0.07075471698113207,0.0,23.33333333333329,23.33333333333329,14.0,1.0,1.0,52.499999999999915,17.49999999999997,13.0,2,0.6666666666666666,5.833333333333318,0.33333333333333337,75,0.8133333333333334,0.18666666666666668,0.0,0,0.0,225,0.8266666666666667,0.17333333333333334,0.0,0,0.0,75,0,0.0,0.8133333333333334,0.18666666666666668,0.0,0.0
C:\Users\hello\GitHubRepos\MA-NormEmergence\saved_runs\exp2_one_llm\qwen3_8b\unframed\self_interested\seed_3,3,1,3,Qwen/Qwen3-8B,unframed,self_interested,75,4,1.0,233.33333333333326,58.333333333333314,40.83333333333329,0.1000000000000002,80.0,17.0,0.05,0.0,58.33333333333331,58.33333333333331,20.0,1.0,1.0,174.99999999999994,58.333333333333314,20.0,3,1.0,-7.105427357601002e-15,0.0,75,0.7333333333333333,0.26666666666666666,0.0,0,0.0,225,0.7333333333333333,0.26666666666666666,0.0,0,0.0,75,0,0.0,0.7333333333333333,0.26666666666666666,0.0,0.0
C:\Users\hello\GitHubRepos\MA-NormEmergence\saved_runs\exp2_one_llm\qwen3_8b\unframed\self_interested\seed_4,4,1,3,Qwen/Qwen3-8B,unframed,self_interested,75,4,1.0,110.83333333333316,27.70833333333329,17.499999999999954,0.11842105263157916,59.0,13.0,0.038135593220338986,0.0,29.16666666666662,29.16666666666662,15.0,1.0,1.0,81.66666666666653,27.222222222222175,14.666666666666666,3,1.0,1.9444444444444464,0.0,75,0.8,0.2,0.0,0,0.0,225,0.8044444444444444,0.19555555555555557,0.0,0,0.0,75,1,0.013333333333333334,0.8,0.2,0.0,0.0
C:\Users\hello\GitHubRepos\MA-NormEmergence\saved_runs\exp2_one_llm\qwen3_8b\unframed\self_interested\seed_5,5,1,3,Qwen/Qwen3-8B,unframed,self_interested,75,4,1.0,215.83333333333348,53.95833333333337,34.99999999999996,0.18243243243243334,77.0,16.0,0.08766233766233766,0.0,87.50000000000026,87.50000000000026,25.0,1.0,1.0,128.3333333333332,42.777777777777736,17.333333333333332,3,1.0,44.72222222222252,0.0,75,0.6666666666666666,0.3333333333333333,0.0,0,0.0,225,0.7688888888888888,0.2311111111111111,0.0,0,0.0,75,2,0.02666666666666667,0.6666666666666666,0.3333333333333333,0.0,0.0
C:\Users\hello\GitHubRepos\MA-NormEmergence\saved_runs\exp2_one_llm\qwen3_8b\unframed\self_interested\seed_6,6,1,3,Qwen/Qwen3-8B,unframed,self_interested,75,4,1.0,87.49999999999982,21.874999999999954,5.833333333333286,0.31666666666666743,55.0,11.0,0.08636363636363636,0.0,5.833333333333286,5.833333333333286,11.0,1.0,1.0,81.66666666666653,27.222222222222175,14.666666666666666,3,1.0,-21.38888888888889,0.0,75,0.8533333333333334,0.14666666666666667,0.0,0,0.0,225,0.8044444444444444,0.19555555555555557,0.0,0,0.0,75,0,0.0,0.8533333333333334,0.14666666666666667,0.0,0.0
C:\Users\hello\GitHubRepos\MA-NormEmergence\saved_runs\exp2_one_llm\qwen3_8b\unframed\self_interested\seed_7,7,1,3,Qwen/Qwen3-8B,unframed,self_interested,75,4,1.0,280.0000000000003,70.00000000000007,58.33333333333329,0.09375000000000057,88.0,20.0,0.05113636363636364,0.0,58.33333333333329,58.33333333333329,20.0,1.0,1.0,221.66666666666697,73.88888888888899,22.666666666666668,3,1.0,-15.555555555555692,0.0,75,0.7333333333333333,0.26666666666666666,0.0,0,0.0,225,0.6977777777777778,0.3022222222222222,0.0,0,0.0,75,0,0.0,0.7333333333333333,0.26666666666666666,0.0,0.0
C:\Users\hello\GitHubRepos\MA-NormEmergence\saved_runs\exp2_one_llm\qwen3_8b\unframed\self_interested\seed_8,8,1,3,Qwen/Qwen3-8B,unframed,self_interested,75,4,1.0,204.16666666666652,51.04166666666663,29.16666666666662,0.13571428571428584,73.0,15.0,0.05821917808219178,0.0,29.16666666666662,29.16666666666662,15.0,1.0,1.0,174.9999999999999,58.33333333333329,19.333333333333332,3,1.0,-29.16666666666667,0.0,75,0.8,0.2,0.0,0,0.0,225,0.7422222222222222,0.2577777777777778,0.0,0,0.0,75,2,0.02666666666666667,0.8,0.2,0.0,0.0
C:\Users\hello\GitHubRepos\MA-NormEmergence\saved_runs\exp2_one_llm\qwen3_8b\unframed\self_interested\seed_9,9,1,3,Qwen/Qwen3-8B,unframed,self_interested,75,4,1.0,210.0,52.5,34.99999999999996,0.19444444444444503,76.0,16.0,0.09210526315789473,0.0,40.83333333333329,40.83333333333329,17.0,1.0,1.0,169.16666666666669,56.38888888888889,19.666666666666668,3,1.0,-15.5555555555556,0.0,75,0.7733333333333333,0.22666666666666666,0.0,0,0.0,225,0.7377777777777778,0.26222222222222225,0.0,0,0.0,75,0,0.0,0.7733333333333333,0.22666666666666666,0.0,0.0
